mean,std,var,rms,abs_mean,max_val,min_val,ptp,kurtosis,skewness,crest_factor,shape_factor,impulse_factor,margin_factor,p01,p05,p10,p25,p50,p75,p90,p95,p99,iqr,p95_p05,p99_p01,is_aw4_proxy,spec_m0,spec_m1,spec_m2,spec_m4,spec_alpha2,spec_zero_crossing,spec_peak_rate,rf_total_cycles,rf_max_range,rf_mean_range,rf_p99_range,rf_p95_range,rf_p90_range,rf_energy_range_m_2.0,rf_energy_amp_m_2.0,log_rf_energy_range_m_2.0,log_rf_energy_amp_m_2.0,rf_energy_range_m_2.5,rf_energy_amp_m_2.5,log_rf_energy_range_m_2.5,log_rf_energy_amp_m_2.5,rf_energy_range_m_2.75,rf_energy_amp_m_2.75,log_rf_energy_range_m_2.75,log_rf_energy_amp_m_2.75,rf_energy_range_m_3.0,rf_energy_amp_m_3.0,log_rf_energy_range_m_3.0,log_rf_energy_amp_m_3.0,rf_energy_range_m_3.25,rf_energy_amp_m_3.25,log_rf_energy_range_m_3.25,log_rf_energy_amp_m_3.25,rf_energy_range_m_3.5,rf_energy_amp_m_3.5,log_rf_energy_range_m_3.5,log_rf_energy_amp_m_3.5,rf_energy_range_m_3.75,rf_energy_amp_m_3.75,log_rf_energy_range_m_3.75,log_rf_energy_amp_m_3.75,rf_energy_range_m_4.0,rf_energy_amp_m_4.0,log_rf_energy_range_m_4.0,log_rf_energy_amp_m_4.0,rf_energy_range_m_4.25,rf_energy_amp_m_4.25,log_rf_energy_range_m_4.25,log_rf_energy_amp_m_4.25,rf_energy_range_m_4.5,rf_energy_amp_m_4.5,log_rf_energy_range_m_4.5,log_rf_energy_amp_m_4.5,rf_energy_range_m_5.0,rf_energy_amp_m_5.0,log_rf_energy_range_m_5.0,log_rf_energy_amp_m_5.0,rf_goodman_su_400_m_3.0,log_rf_goodman_su_400_m_3.0,rf_goodman_su_400_m_3.5,log_rf_goodman_su_400_m_3.5,rf_goodman_su_400_m_4.0,log_rf_goodman_su_400_m_4.0,rf_goodman_su_600_m_3.0,log_rf_goodman_su_600_m_3.0,rf_goodman_su_600_m_3.5,log_rf_goodman_su_600_m_3.5,rf_goodman_su_600_m_4.0,log_rf_goodman_su_600_m_4.0,rf_goodman_su_800_m_3.0,log_rf_goodman_su_800_m_3.0,rf_goodman_su_800_m_3.5,log_rf_goodman_su_800_m_3.5,rf_goodman_su_800_m_4.0,log_rf_goodman_su_800_m_4.0,filename,split,damage,damage_quartile,cv_fold_4,cv_fold_5
5.935076837195951,8.63142014337503,74.50141369146021,10.475044188683889,8.728351737774723,39.39125,-19.34373,58.73498,0.014209630531451634,-0.30433161828130045,3.760485326157308,1.200117100156336,4.513022749116718,5.147969498212954,-15.473143,-10.280573,-5.7338233,1.1274768,5.877941,12.123761,16.622833,19.721903,23.692183,10.9962842,30.002476,39.165326,1.0,131.79903450820464,223.48784989066957,5633.65884115814,7340037.617724866,0.1811278727122579,6.537913305835876,36.095567226487624,357938.5,24.76222919,0.6073645290479048,2.6613005000000003,1.556037,1.2222910000000002,262909.3859979847,65727.34649949617,12.47956851544539,11.09328556499257,384147.3061234983,67908.29128361755,12.858783970871764,11.125928141941138,506978.13251598255,75362.75029234984,13.13622512298068,11.23008167303788,711537.5229760146,88942.19037200183,13.475184838371737,11.395753134480499,1060120.8676196698,111431.47966462976,13.873894428932287,11.62117412290873,1668582.897463477,147483.2852210403,14.327485859076013,11.901476908211826,2755422.2518185256,204797.9841687131,14.829081619193355,12.229784212021483,4738078.084466282,296129.88027914264,15.371142355090962,12.59855679868611,8423464.606777927,442703.82449100615,15.946531893791564,13.00065851653979,15387911.170421211,680056.0210563163,16.5490928351711,13.42993192813128,54663783.66383718,1708243.2394949119,17.816711976166683,14.350976640469865,92322.31823085612,11.433052023804583,154998.84015438566,11.951179364638824,315931.17621945566,12.663282837315347,91125.3062968165,11.420001804427049,152321.27585477146,11.93375379118702,308829.66882152157,12.640548408333109,90553.92309779645,11.413711830666278,151049.41018949027,11.92536890239862,305474.60586420784,12.629625204533957,train01.csv,val,0.103662995,Q3,0,0
-7.732027950401875,10.75398131980988,115.64811422681984,13.245088540761653,10.834830739951038,25.297182,-37.650806,62.947988,0.7432906590208792,0.17938317226517972,2.842623954962906,1.2224545861799925,3.474978693153111,3.9434009103889824,-29.840237,-27.880156,-25.715986,-11.272601,-8.015717,-3.8021774,5.1053557,12.580031,21.151672,7.4704236,40.460187,50.991909,0.0,82.13343411888853,109.77663339646574,2173.68163363303,2823312.303131422,0.1427435471433302,5.144438468057369,36.03972698807709,331571.5,25.055892,0.4082841724783553,2.1726730000000005,1.190505,0.8716200000000001,139780.10695342443,34945.02673835611,11.84783295625448,10.461560057032214,212822.02257384156,37621.97383694997,12.268216219384492,10.535370149091497,294103.3375738814,43718.722698613354,12.591689873069441,10.685554599603694,436056.13725696795,54507.017157120994,12.985528562499548,10.906103073633018,687886.58072595,72305.16997919828,13.441380703456598,11.18866474308385,1143391.0114322987,101062.44221644045,13.949509851109534,11.523503739382402,1983759.8645442938,147443.8340858068,14.500505027578669,11.90120937860633,3563455.6388222915,222715.97742639322,15.086241597706994,12.31365708485432,6584030.860013055,346030.49675655056,15.700157860332963,12.75428508098508,12448795.240112979,550164.2207429189,16.337134488659323,13.217973913447963,46987108.340636805,1468347.1356449001,17.665383852707464,14.199648609662939,52390.996085322455,10.866509112178893,97336.58579561385,11.485940481308907,215813.0634754938,12.282172498707293,53041.972947425085,10.878857674333911,98446.4285635718,11.49727796451409,217733.84132177747,12.291033277236526,53387.38536328729,10.88534849873101,99049.86918684837,11.503388827321395,218834.28463450726,12.29607460085417,train02.csv,val,0.149208849,Q3,0,0
1.926783167282217,9.019780884320642,81.35644720115607,9.223282527109216,6.7831962436406,29.944937,-28.079456,58.024393,0.6611412493176281,-0.19160072407592726,3.2466680793436273,1.3597251475893832,4.414576238145592,5.505856492784539,-22.896507,-14.864844,-8.776259,-2.5941331,1.9638029,5.9562488,15.420769,18.465061,21.373297,8.5503819,33.329905,44.269804,1.0,102.0108194379692,158.6129426143484,3581.1501137630485,4801318.297634251,0.16181514210477566,5.924997137954864,36.61583867347764,345931.0,27.4326531,0.4965550382849398,2.3937668,1.1990096000000001,0.9779154000000005,185998.78086327558,46499.695215818894,12.133500774540211,10.74722254234151,276864.63447370095,48943.21512677218,12.531287593380812,10.79843646174659,376445.74702146015,55958.99509630435,12.83853187404412,10.932392341150829,549785.7746509784,68723.2218313723,13.217285799587616,11.137856990035509,857716.8688864014,90156.38004365191,13.662030500253863,11.40931208932573,1418037.685851143,125338.0079554278,14.164785267684534,11.7387774089191,2462740.6150303767,183044.29136251885,14.716785764993979,12.11748889498628,4455802.390742203,278487.6494213877,15.309717937250982,12.537132581401822,8337972.590447082,438210.70386191737,15.936330770045242,12.990457414736888,16039826.757225335,708866.8918182167,16.590585422017387,13.47142445785391,63294030.53776884,1977938.4543052763,17.9633015941661,14.497566181143874,69746.33975716316,11.152634559274027,127966.42966737514,11.759531054798773,287479.2889664938,12.568909576752647,69357.69607009759,11.147046811826986,126968.3353670158,11.751700882483041,284102.2952476795,12.55709316667568,69181.38717516698,11.144501588619827,126515.49392876925,11.748127965438783,282558.1211350231,12.551643086027036,train03.csv,train,0.111297606,Q3,1,1
-2.4779050628525248,6.969851630661143,48.578831753429796,7.397218751256446,5.8776218091443235,38.48947,-54.09785,92.58732,0.2064087524992657,0.11237903296660888,7.313268911735047,1.2585394193213588,9.204037221958536,10.86888371948041,-18.591022,-14.3137045,-11.14611,-6.83903,-2.5957277,1.4945098,7.0516205,9.751516,14.016078,8.3335398,24.065220500000002,32.6071,0.0,276.13990612346646,330.07614285925945,5369.030500169119,6582730.663124169,0.1259297211399761,4.4094391028916,35.01507875225917,343247.0,54.448624,0.6649426178643629,4.0349638296,1.7432410000000003,1.3053044,406082.64196149935,101520.66049037484,12.914314432049254,11.528027458542676,846893.9598352234,149711.11548635352,13.649331951581583,11.916469498905489,1365662.435420095,203006.9356116901,14.127150901800077,12.221000348943067,2348517.2657290734,293564.6582161342,14.669295162034047,12.589856600952517,4272277.884435475,449067.89474868926,15.267657939428538,13.014931595373858,8159929.021254256,721242.6431162241,15.914746151076832,13.48873228306193,16259499.240326203,1208494.5114360787,16.6041879260843,14.004886764957485,33623492.907596484,2101468.3067247802,17.330735604030988,14.558147327907744,71846669.39928283,3775975.4216109803,18.09004482841738,15.14416956195128,158049879.12478322,6984883.830928025,18.878421238161728,15.759259062481153,824036809.9984891,25751150.312452786,20.52972576041777,17.06398989523772,288502.93371163215,12.57246399988632,703443.1340143867,13.463743740889912,2024391.6288982155,14.520780277186313,289894.62646202574,12.577276228428323,708069.6752993057,13.470299191562862,2043739.9302275241,14.530292475808691,290700.2490183844,12.580051383126607,710866.1917255437,13.47424090051578,2055746.768043062,14.536150217118367,train04.csv,train,0.894736481,Q4,1,1
3.0745978793732656,8.83038255181263,77.97565601135693,9.350337327134435,7.164898302640972,29.429405,-19.364319,48.793724,0.2607811568615457,0.07648331567546585,3.1474163913982514,1.3050202416184624,4.107442103969283,5.0023649241445565,-15.563205,-13.177941,-10.580088,-0.38000515,2.9789214,7.855743,13.825279,20.105196,24.65888,8.235748150000001,33.283136999999996,40.222085,1.0,68.66254149481601,75.6402681858187,1877.3844770133974,2683359.1975888503,0.13831009496435157,5.228976307375478,37.80617972307954,352181.5,26.3441909,0.3459619939937887,1.4158519999999992,0.8716200000000001,0.6590298000000001,89001.54214957304,22250.38553739326,11.396420211784697,10.010159556999124,112718.15093140499,19925.942221601304,11.632654613998104,9.899827975525259,146085.5480313581,21715.746639745354,11.89195451979241,9.98583897644504,208458.4206250924,26057.30257813655,12.247499675979714,10.168091713413036,324010.11497275485,34057.36802331668,12.688533099657512,10.435831038309972,539808.5150332025,47712.782690277236,13.198971606371048,10.772975580428612,948499.4518260895,70497.6435429854,13.762637544715648,11.163348748090229,1734503.8959731422,108406.49349832139,14.366232568087954,11.593652493811735,3268892.030302967,171799.97438332514,14.999961962718514,12.05409196013044,6305754.994093154,278677.632301513,15.656973424093838,12.537814541357909,24724747.900894396,772648.3719029499,17.023315279744814,13.557580630748742,26872.60651003941,10.198899913296435,49927.07556594405,10.818338760111052,115341.44929000337,11.655660802334983,26580.12779210019,10.187956761468692,49134.48244094028,10.802336709430328,112856.96807955841,11.63388538745851,26441.818280761385,10.18273987984193,48759.11950105096,10.794668034393085,111681.32410675404,11.623413728191146,train05.csv,val,0.054740135,Q2,0,0
-6.8977824869157445,10.94057002207665,119.69607240796229,12.933502064203795,10.346486162874992,40.77429,-44.113018,84.88730799999999,0.6637666244012639,0.08075351094272672,3.4107558607799313,1.2500381142064527,4.263574827524488,4.900751462221128,-31.306578,-27.394917,-24.231573,-10.991449,-6.5313053,-2.9597883,6.2708826,13.528716,21.687931,8.0316607,40.923632999999995,52.994508999999994,0.0,135.62916403480983,200.65781011103508,3199.9778034346155,3871328.8346119835,0.13964982385157468,4.857322513447678,34.782159974505866,329093.5,43.3514133,0.523743539922636,3.2611349999999995,1.5221459999999993,1.088461500000001,255009.7016736858,63752.42541842145,12.449060790607746,11.062778193630827,485650.94221633417,85851.76863270151,13.093247478032476,11.360389115458513,753001.0523613472,111934.27613408134,13.531823232357794,11.6256760915735,1253408.7143839975,156676.0892979997,14.041378167168716,11.96194221023932,2222496.0569397733,233611.1208995214,14.614141922157744,12.361417416002439,4162518.1829656437,367918.10424841405,15.241631021780492,12.815618367574002,8167041.145136388,607018.9648947603,15.915617362745413,13.316316960595891,16662593.826253721,1041412.1141408576,16.62867693445088,13.856089112430627,35124129.459209666,1845984.6594472995,17.37439892970207,14.42852392556801,76087050.02605286,3362604.314618879,18.147388651008608,15.028226622734513,380905611.1442809,11903300.348258778,19.75806216524494,16.2923263438302,150167.9408756422,11.919516211813617,352592.14634500456,12.77307011127828,1001110.2278020822,13.816621168809753,152119.4984803969,11.932428238926105,356895.93300640094,12.785202316015722,1011099.1617428083,13.82654956504665,153175.0310538256,11.939343068785991,359343.1323853046,12.792035794351715,1017360.5465163402,13.832723114820409,train06.csv,val,0.467359393,Q4,0,0
-0.013323069124955393,7.273800356599723,52.90817162767025,7.273812558200903,5.244531592453779,21.027306,-24.620083,45.647389000000004,0.5945528040243024,0.1296420477617644,3.384756311653148,1.3869327348123284,4.694429334448268,5.958250587044751,-18.480474,-13.599401,-7.298225,-3.2717648,-1.0990919,3.1399589,12.043241,14.20741,15.950651,6.4117237,27.806811,34.431125,0.0,52.02564543263407,100.88220313772983,2692.296163292001,3853410.7131804978,0.1901478607091237,7.193705885263446,37.83216839310566,355716.5,22.4580395,0.4081760770416919,1.6284412999999998,0.9821664999999999,0.867367999999999,113595.6521201098,28398.91303002745,11.640409314061236,10.254141361821631,134766.28910126502,23823.539224712804,11.811304785559523,10.078471388344315,163930.8602633875,24368.46817421716,12.007206134269172,10.101086323410966,217107.14689323277,27138.393361654096,12.288150881156003,10.208741580952388,313021.741285043,32902.357517883545,12.654031122745739,10.401329983761796,487401.08094584866,43080.57618680787,13.096844689646788,10.67085071803853,809123.5629759086,60138.46862545642,13.603708155728288,11.004421620877553,1412408.7711835399,88275.54819897124,14.160807861154282,11.388229759005537,2561405.723059294,134617.3056581818,14.756067166730285,11.8101986873778,4780596.400293002,211274.50829769875,15.380076075799192,12.260918287268025,17693109.73357112,552909.6791740975,16.68868589768467,13.222951746977797,26788.33104094185,10.195758991750658,41934.66859015019,10.64389202277896,84658.02606248239,11.34638700990388,26891.956322920912,10.199619684570525,42286.79870061264,10.652253876631564,85777.3829174155,11.359522306382518,26948.643473151737,10.20172534705304,42473.93187250049,10.656669342595363,86368.99735109042,11.366395641605006,train07.csv,val,0.028737481,Q1,0,0
1.3630155787564413,8.907250103750018,79.3391044107547,9.010933130297186,6.871079342566629,28.776934,-25.758049,54.534983,0.6894696107644172,-0.22915202944281182,3.193557598525353,1.3114290590940758,4.188124241244665,4.969801098840446,-19.672602,-16.785913,-12.243498,-2.9549534,3.2648609,4.690867,10.667956,18.292105,22.717493,7.6458204,35.078018,42.390095,1.0,79.91962183710967,164.96134903545683,4333.924322490881,6043253.806618788,0.19720557863818117,7.364002913057789,37.34175759306285,355741.0,20.4408657,0.5141361063864132,2.3318885000000007,1.334982999999999,1.001239,189279.94642705383,47319.98660676346,12.150987679342643,10.764709167552983,253497.16647780157,44812.39135700716,12.443111869158033,10.710262287956033,318590.35236815206,47358.7392259288,12.671664533491326,10.765527763333454,424098.455381779,53012.306922722375,12.957723271287792,10.878298235034084,597244.472378573,62777.59198165478,13.300083484378364,11.047369402327533,886478.97028771,78354.41140871348,13.695013810093048,11.269010312517375,1379115.1905060103,102503.34980988002,14.13695341030071,11.53766051382973,2234422.6875334946,139651.4179708434,14.619493894851887,11.846911885730005,3746230.7769303904,196887.001939619,15.1362610332516,12.190390327979449,6462241.017567576,285593.402823993,15.681486877089826,12.562327911300317,20553919.789729778,642309.9934290556,16.83856227339549,13.37282787882268,53497.67708796445,10.887412205250605,79075.75796432591,11.278174279533761,140909.67657691802,11.855881469160257,53305.34970671055,10.88381073451633,78777.69319661755,11.27439784837789,140360.94447146798,11.851979683059927,53220.74527701438,10.882222337624466,78650.4846846992,11.272781785418225,140135.56592677158,11.850372697034384,train08.csv,train,0.078418334,Q2,3,4
3.968364001449333,2.8841222881098316,8.31816137277189,4.905718522374767,4.23706002397197,31.197628,-15.130052,46.32768,1.09676601394467,-0.17034790694502455,6.35944108780693,1.1578118985904415,7.363036574856893,8.215686743437377,-3.4971106,-0.79296184,0.29975232,2.1322806,4.0923634,5.954654,7.234448,8.225119,10.703921,3.8223733999999996,9.01808084,14.2010316,1.0,93.79067520160227,148.63323881419393,3405.989858804735,4642881.510435359,0.16321862660831596,6.0261764519124235,36.92088689536194,358314.5,29.924212100000002,0.474759040717667,2.2704642699999997,1.1990090000000002,0.9779152999999998,174236.6713547848,43559.1678386962,12.068175573492912,10.68189843008576,249374.3823990345,44083.579212141136,12.426714600054801,10.693865322554199,331030.52565777104,49207.982049414015,12.709968893502875,10.803831447797949,470542.6501678438,58817.831270980474,13.061644007706123,10.982217342325075,712666.7721369911,74909.86674505397,13.476770633072265,11.224054242360292,1142288.191014157,100964.96574192808,13.9485448692017,11.52253876618309,1923861.247943381,142991.8427707677,14.469845310941599,11.870549857435401,3382733.6322468603,211420.85201542877,15.034195003139253,12.26161071517185,6175449.874074306,324557.1038555054,15.636092453857195,12.69021985566307,11651389.370838739,514923.52714780835,16.27093607599129,13.15177561967893,45091547.79473123,1409110.868585351,17.624205398770123,14.158470183460407,61233.135849756145,11.022460088324394,107048.38189598861,11.581045520026274,229822.9327406676,12.345068784929886,60397.01044816525,11.008711443780474,104918.17260458884,11.560945547985066,223309.85546237958,12.316320050450397,59990.883215734844,11.001964552315355,103892.69623030363,11.551123503738582,220200.7801011515,12.302299587257803,train09.csv,train,0.033628754,Q1,1,1
-3.144712691729918,15.500436437273633,240.2635297459601,15.816217868361809,11.570568665216845,36.99815,-51.528698,88.526848,0.8941132737901838,-0.0834847998542709,3.257965867459153,1.3669352226601252,4.453428301270101,5.468641702646361,-42.55314,-35.371838,-20.45225,-7.9264297,-3.7724147,3.7362745,19.395678,28.00133,31.279472,11.6627042,63.37316799999999,73.832612,0.0,137.9634217639646,153.3911861298019,3117.5291308771193,4056935.6571501843,0.13177392494594908,4.753607082753742,36.07395837124997,336959.0,34.1164889,0.48704590655567004,2.6021050999999997,1.2925490999999998,0.977915000000003,197085.59548709154,49271.398871772886,12.19139848213756,10.805119342637182,339758.91633267043,60061.458426856014,12.735994518732914,11.00314027354768,506738.36438149284,75327.10854591409,13.135752076193638,11.229608631595893,815318.210452704,101914.776306588,13.611334984807735,11.531902028685385,1398522.962336498,147001.61820984585,14.150927925790194,11.898205676553593,2526181.7012749678,223285.02643511235,14.74221990757272,12.316208858329272,4753236.35134594,353286.40551938536,15.374336491514473,12.77503718459234,9235313.23329534,577207.0770809588,16.038545197381517,13.265958099340699,18405883.65929018,967340.0992921273,16.728180989887882,13.782306451939712,37440543.096456,1654653.8696757006,17.438264741958882,14.319103007085936,162447127.54161417,5076472.735675443,18.905863143971263,15.44012743200284,100214.7927401331,11.515081067390383,218746.17085586162,12.29567187090588,562590.7831604956,13.240309569813029,100633.87112096862,11.519254108006143,219855.1139859344,12.30072858402866,566151.6520177587,13.246619024033535,100897.942899088,11.521874729568166,220558.49097451026,12.303922737817386,568414.5353827622,13.250608006609834,train10.csv,train,0.716510036,Q4,2,2
7.935478603394098,4.63180149310024,21.453585071485612,9.188329866543276,8.102746596565725,32.471573,-13.06952,45.541093000000004,-0.3560713569422025,-0.18456125145563745,3.534001656045904,1.1339771947326962,4.007477288465124,4.415149245291744,-2.771646,0.1578483,1.8798298,4.6009855,7.955661,11.761026,13.733864,14.809572,16.85469,7.160040499999999,14.6517237,19.626336000000002,1.0,138.18659818517813,172.84908997018596,4254.6662704456085,5956893.546894948,0.1482936715892338,5.548809146178165,37.417706952056676,365939.0,29.056841,0.5245234365043873,2.1769246,1.3053035000000008,1.0842095,195474.574558291,48868.64363957275,12.183190712281354,10.796911698229689,263581.9907486659,46595.153264257875,12.48212355277842,10.749273268729167,335964.1730525843,49941.373122517325,12.724762781943927,10.818625082178464,457274.65001456934,57159.33125182117,13.033041660939086,10.953615427195333,663332.1015803402,69724.19829270261,13.405032558656133,11.152317056417104,1020366.6816062393,90188.52498257333,13.835673592468952,11.409668568293387,1653237.3540782449,122877.6015161326,14.318246561252757,11.718952167425888,2802064.8690514676,175129.05431571673,14.845867513472687,12.073284144411792,4937827.52870882,259512.59175202218,15.41243622343801,12.466564356910196,9002082.223694779,397839.5865733408,16.01296657781503,12.893806667782618,32633221.467089057,1019788.170846533,17.300841421495573,13.83510646864755,60742.67760353048,11.01441828341702,97368.34225054001,11.486266678794804,192958.4305482558,12.170235241377796,59499.8878348934,10.993746513017243,94857.54183783513,11.460142027584933,186666.35545107524,12.137083463952889,58897.121784602714,10.983564480924153,93647.63839584411,11.447305168480304,183656.0508062915,12.120825443139703,train11.csv,train,0.056409053,Q2,2,2
-1.5447622467630027,4.242997908846007,18.00303125447159,4.515453648693105,2.8522516134210694,21.858004,-36.812668,58.670672,2.04880208252135,-1.404095877663829,8.152595681970654,1.5831189687525344,12.906528897280763,17.922507068791255,-14.018736,-11.850314,-8.470129,-2.2837512,-0.5107482,0.777549,2.4144943,3.409417,5.692637,3.0613002000000002,15.259730999999999,19.711373000000002,0.0,62.40122202013883,144.6923992929449,3365.1397957485933,4602961.480036525,0.19855823008750795,7.343532274196909,36.98427545175871,345566.0,25.2982453,0.475870681902243,2.1726729999999996,1.1990093,0.9779154,159555.29698942113,39888.82424735528,11.98015209811292,10.593876538957314,216502.55354547594,38272.60593905241,12.28536223989495,10.552515797630114,281687.79813835304,41873.14171944746,12.548558187856743,10.642423772665316,397546.1580542756,49693.26975678445,12.893068842654287,10.813644908793375,607624.2202281276,63868.628576395764,13.317313556788552,11.064599231232568,998071.8695620291,88217.92338485576,13.813581568221307,11.387576769830845,1741680.8626289838,129451.20461890401,14.370361792063417,11.771067015694408,3189220.9589593285,199326.30993495803,14.975287544999832,12.202703526090493,6060092.589589329,318494.3834182042,15.617235801752864,12.671363259126995,11842508.037943466,523369.85874287627,16.287206076958427,13.168045590689951,47946685.80108694,1498333.9312839669,17.68560025995307,14.219865003704586,47773.146958240046,10.774239913548541,83515.01113931258,11.33279364262864,185930.98495083945,12.133136213513602,48383.87155821193,10.786942472732868,84997.55843383394,11.350389575726684,190117.75903490558,12.155404203433898,48699.95428679911,10.793453904090178,85769.84375807556,11.359434411385951,192312.27023068702,12.166880937155822,train12.csv,train,0.054978382,Q2,1,1
0.020318925604689213,2.918788630322144,8.519327068497818,2.9188593537948253,2.0364827157620784,19.656631,-21.768717,41.425348,0.844825860851357,-0.11364537067473068,7.457953360143522,1.4332846121749205,10.689369826033689,14.235869634169145,-7.2190356,-5.6968884,-3.843101,-1.1261971,0.18335913,1.0422239,4.2098193,5.527879,6.7226367,2.168421,11.224767400000001,13.9416723,1.0,22.590460574062444,153.13707664361453,4065.005498319857,5974736.133921341,0.34989620300744984,13.414300343537764,38.337942027319244,359561.0,21.526895529999997,0.4730158255758508,1.8495357,1.1990096000000001,0.9779155000000002,150907.64047139953,37726.91011784988,11.924429902701826,10.538155420961749,181033.92772365664,32002.579479558237,12.106445262480415,10.373603034262336,216745.7205969269,32219.444135032165,12.286484764641026,10.38035644108761,279513.5060178876,34939.18825223595,12.540809470115645,10.461392971545198,391161.87966834905,41115.82779962744,12.876879324267271,10.624172752202528,594196.291881253,52520.02841814188,13.29496668441233,10.868968909682403,972373.8780219703,72272.1208866572,13.787496686065664,11.188207567053745,1692516.0977065682,105782.25610666051,14.341727385759828,11.56914752602049,3089951.931934373,162395.59392936903,14.943666416374215,11.997796733148448,5843917.206235474,258267.0928263655,15.580912055559617,12.461753443874855,22412519.431569576,700391.2322365493,16.925130308510038,13.459395788864814,34789.595608242395,10.457102388098388,52011.59758932843,10.859241229556265,104080.45319965236,11.552929075422238,34832.32628974808,10.458329859510684,52157.6412952863,10.86204514747457,104563.9237359754,11.557563437242724,34856.35551303062,10.45901945598508,52239.39812843199,10.863611385062773,104836.85133397696,11.560170162511346,train13.csv,val,0.028620288,Q1,0,0
-2.90958339563343,2.9012342598212286,8.417160230360432,4.108872809726068,3.4691296764563413,18.265228,-20.387941,38.653169000000005,1.0960774939282638,0.35187233601555473,4.961930411211713,1.18441026455924,5.876961325370902,6.6558844003764825,-9.150418,-6.8459396,-6.497291,-4.8816047,-3.040573,-1.1697781,0.8880959,2.1976523,4.612678,3.7118265999999993,9.043591900000001,13.763096,0.0,94.98727037892064,119.74731438782231,2306.207820480384,3015280.4925653925,0.13627050886382647,4.927385219149922,36.15885242139646,339421.0,21.18249726,0.41336524498949534,2.18117646,1.0884623,0.8673685,140571.65629908114,35142.914074770284,11.853479760775864,10.467206740705276,212383.3182334422,37544.42113344188,12.266152734331612,10.533306709236076,291028.40856419224,43261.631766557024,12.581179601405424,10.675044533684284,424577.9215504518,53072.24019380647,12.958853183944262,10.879428129051549,652659.5558789842,68602.38511496488,13.388812450560321,11.136097158195714,1046518.4722600079,92500.03854650469,13.860980427728057,11.434975150967269,1735518.6372441454,128993.19447691024,14.366817429255484,11.767522678276137,2956915.9307943266,184807.2456746454,14.89965770604716,12.127074056645847,5150074.158355557,270667.4311282487,15.454521866388877,12.50864984940119,9136149.594319314,403764.58325486956,16.027749694358462,12.908589749071076,30073659.392905947,939801.8560283108,17.219160276618716,13.753425404620815,52078.05282711951,10.860518089833802,90419.80519041875,11.412229665812472,179863.27140814895,12.099957797702855,52395.230610349405,10.866589932804697,91075.07899747399,11.419450469157384,181402.331945559,12.108478184441337,52559.09870739443,10.869712531151295,91416.86964351943,11.42319624865556,182212.26722058153,12.112933077954903,train14.csv,train,0.035544524,Q1,3,4
-4.097311944669335,4.974653287566469,24.747175331495882,6.444776218258155,5.4815874143768895,23.473158,-31.82583,55.298988,0.8630453076530098,0.6021263659053786,4.938236623399669,1.1757134784712029,5.805951367019883,6.572565591925436,-13.951238,-11.969897,-10.358462,-6.7997007,-4.9501653,-1.2723529,2.4182146,5.785645,9.365665,5.527347799999999,17.755542,23.316903,0.0,88.8687716265395,124.8820390222978,2986.4263215070973,4218160.057058825,0.1542466315317827,5.796973481710669,37.582496450365916,351179.5,30.89787336,0.44212285928392886,1.8656071579998714,1.0884624,0.8716202399999999,136774.64381232962,34193.660953082406,11.826097226011642,10.439824798380904,176827.2622605608,31258.93906077365,12.08293427082526,10.350092654542141,225628.94078170133,33539.94271601585,12.326651506030966,10.420522142197937,313895.6419065814,39236.95523832268,12.656819044800796,10.577399803206452,475656.76415538345,49997.25848368044,13.072453891754577,10.819743453477303,778885.0825102002,68844.36545100076,13.565620078614112,11.139618188180176,1361634.055282961,101204.0566607816,14.124196782124182,11.524904001590963,2508697.1498148926,156793.57186343079,14.73527451114214,11.962691768081305,4815909.0686231125,253105.04199956433,15.387435592337786,12.44156381823392,9545581.927302692,421859.106947968,16.071589084759932,12.952429037936538,40235460.20032886,1257358.1312602768,17.510259284161737,14.044524151826351,38580.094620083655,10.560517658791376,67670.43364544873,11.12241941483677,153294.76599911274,11.940124445425086,38780.13417730409,10.56568917481828,68004.43152984255,11.127342856407232,154251.49333498586,11.946346105883256,38887.16719182369,10.568445298032643,68192.63135682882,11.130106457606516,154807.05961081106,11.949941303451768,train15.csv,train,0.051323979,Q2,1,1
-6.395611893799451,9.9425281820323,98.8538666505065,11.821916855849372,9.418733189674608,28.331377,-55.69706,84.028437,0.41379053853565173,-0.13966682300531175,4.711339170460181,1.2551493502605835,5.913434303662426,6.895545748894177,-30.823997,-24.271967,-19.905361,-12.048024,-5.6065373,-1.2484365,6.829995,10.864959,16.877012,10.7995875,35.136926,47.701009,0.0,294.14316669197933,211.36647183679435,3154.340927753327,3757821.295737854,0.09487705322566989,3.2747257415247946,34.51546638769633,325756.5,33.6232811,0.543463837225621,3.3844376999999994,1.4201034999999997,1.0884621000000005,283227.6814044073,70806.92035110183,12.554009911819126,11.167726142790745,576557.5250575562,101921.9339280827,13.264832131418203,11.531972256970183,914545.402716373,135947.98748791745,13.726183486604365,11.82003500235298,1534772.3086445397,191846.53858056746,14.243893246432629,12.164456265676545,2696488.489079155,283433.4380299458,14.80746129576523,12.554736116251792,4916356.162036354,434548.5976130218,15.408078400006252,12.982065365879725,9237998.331732174,686618.3340299482,16.03883589763367,13.439535318697455,17795912.49381268,1112244.5308632925,16.694479409905732,13.921891530555737,35006144.38900752,1839783.8330356474,17.371034186583948,14.425159184179739,70101932.93226334,3098097.0094179977,18.06546093981633,14.946298935810372,293953261.3123222,9186039.416010069,19.498931340938817,16.033195543598026,182410.75280709314,12.114021788795986,407825.7231539021,12.918597665024295,1028368.5360961998,13.84348513131376,185332.89882706339,12.129914335785116,416032.634977852,12.938521389287091,1053944.4441870837,13.868051246010495,186875.23379675142,12.138201825362158,420390.67278500105,12.948942109950984,1067595.7906981183,13.880920690417803,train16.csv,train,0.61202604,Q4,3,4
-6.190596466655105,10.358194617430582,107.29219573256789,12.067132233697059,9.374906653994417,28.950016,-49.495808,78.445824,1.194837472130617,-0.4776093045765838,4.101704282378507,1.2871735864893987,5.279605416243264,6.140660056859869,-34.236073,-28.228271,-19.405775,-9.031367,-5.421584,-1.8245562,7.895072,11.819489,15.641863,7.2068107999999995,40.04776,49.877936,0.0,194.0289956317962,155.09837375273798,2568.6677989790405,3245071.5861646086,0.10236759087976027,3.638485536552733,35.543334617610405,332670.5,48.8830158,0.45684108440198185,2.8317029999999996,1.1990099999999995,0.8716209999999993,202003.65300203342,50500.913250508354,12.21604601078158,10.82976650069447,383698.67973201035,67828.98459270745,12.857615441551376,11.124759626794404,597798.5013582056,88863.27889414274,13.3010106947035,11.39486552853947,998808.6100107376,124851.0762513422,13.814319458898074,11.73488492553634,1772164.895363946,186275.88846875206,14.387713026173595,12.134989493439265,3310432.2663653363,292603.63802571007,15.012589634969968,12.586577618521515,6465820.634348152,480574.9939186395,15.682040651725911,13.08274065080524,13133384.177149337,820836.5110718335,16.390668033090943,13.61808045297798,27623113.211679637,1451761.054865558,17.13416345164151,14.188288586878524,59942471.46624437,2649108.003428908,17.908895868021833,14.789733916304899,306046408.2373138,9563950.257416056,19.539247312591034,16.07351151108313,117881.24739871817,11.677441501810021,270938.8600167227,12.509652156476745,739570.6367051807,13.5138264282535,120029.47608805713,11.695500956920398,277546.94650330173,12.533748977435927,764106.3301221759,13.54646354273475,121166.75993289094,11.704931310076807,281071.15535974316,12.546366695993033,777284.5627713802,13.563563081485265,train17.csv,train,0.423558906,Q4,2,2
4.061950140234934,10.873316431167357,118.22901021229403,11.607258468477758,8.616601575833206,37.60297,-34.129246,71.732216,0.4748388007951707,-0.07211543776226217,3.2396082218487363,1.3470807896655652,4.364014005454782,5.527961366538822,-24.524418,-15.140681,-8.813993,-0.31463364,3.0272858,9.294448,20.489452,23.946173,28.10869,9.60908164,39.086854,52.633108,1.0,181.31081158375525,192.07788884527656,2931.7339793492765,3464278.9200689187,0.11697856354082195,4.021151440258601,34.37511385543532,321028.0,37.48817127,0.5116209909164513,3.3801858,1.4201040000000003,0.9821679999999997,245713.54774249502,61428.386935623756,12.411925766127629,11.025643614222512,468746.8315303478,82863.51580870428,13.057820230187467,11.32496221340661,717983.1976585648,106728.84088849627,13.484202838956081,11.578056069121706,1167429.140141162,145928.64251764526,13.970315429596685,11.890879883975005,2000289.7189636603,210254.55676817527,14.508803087442384,12.256079006823283,3587381.5475887475,317082.72737543687,15.092933399165986,12.666921142197493,6694786.377809164,497592.97461962205,15.716839778247488,13.117539711450398,12935393.633271689,808462.1020794805,16.375477882087143,13.602890319455687,25763747.884105552,1354040.2024528019,17.064478979827065,14.118604162163306,52693710.3676088,2328754.9954260048,17.780006677503454,14.660844775420012,235539168.94657385,7360599.029580433,19.277387784327033,15.811652013140225,150801.49734307936,11.923726295049367,328806.2523537368,12.703226998957822,841416.7757608583,13.642843576324784,149018.3362061066,11.91183134970313,324387.551362096,12.689697308868494,828533.7780201619,13.627414092059064,148187.67544010835,11.906241574890066,322374.0821656607,12.683470998059645,822820.4864585432,13.62049455024903,train18.csv,train,0.375658256,Q3,3,4
-0.015160703197088298,3.1031879630466754,9.629775533997774,3.103224996824949,2.367686506236584,19.99518,-18.483664,38.478844,0.8080892251376617,0.09523784110614865,6.4433548827508265,1.3106570382288176,8.445028454097105,10.28161410050786,-7.2716513,-5.0734673,-3.9807534,-1.9101238,-0.15412797,1.8697317,3.8425698,5.2881837,7.903044,3.7798555,10.361651,15.1746953,0.0,84.84388668802917,166.5911870108664,3880.597018543054,5308038.155304265,0.18286106719907938,6.762993891703447,36.98432911762067,360046.5,18.848255400000003,0.5046968209631173,2.1939317999999997,1.1990094,0.9779155999999998,190681.05119618977,47670.26279904744,12.158362666530621,10.772084038283237,277759.94989275764,49101.48602780115,12.534516130281071,10.801664944431636,372125.1017485332,55316.72733380839,12.826988059008443,10.920848702754906,532165.3283142177,66520.66603927722,13.184711366667004,11.1052829786829,805519.5615467442,84669.81396517513,13.599244007712533,11.346526239973546,1277683.1757450597,112932.3047221619,14.060559759549335,11.634552699746221,2103414.662345741,156337.23014141255,14.55907308724446,11.959777081135934,3565225.7651176164,222826.61031985102,15.086738218536228,12.314153703593608,6182995.211903574,324953.6568262873,15.637313535877341,12.69144093412083,10920615.534445405,482627.58119609364,16.20616298588557,13.087002653784733,35536500.47151872,1110515.63973496,17.386070936664648,13.920335906207026,66431.1298223547,11.103936101297752,112695.38762797078,11.63245264652366,222245.82557469525,12.311543870145666,66446.78227201776,11.104171689197965,112735.79374430631,11.632811121851226,222327.70658025084,12.311912226029241,66459.94142711181,11.104369707127425,112770.50031474652,11.633118929338831,222410.70084692474,12.3122854516964,train19.csv,train,0.033974091,Q1,3,3
-8.254081131711008,9.115645027425586,83.09498426602882,12.297350917774791,10.242549157799617,23.130886,-39.69805,62.828936,0.5784331320181777,0.11107815202484064,3.2281789983188984,1.2006142920392346,3.8757978457943043,4.375374184613688,-27.88228,-25.080341,-22.461227,-11.955016,-8.255944,-4.5653768,2.8285139,8.670495,15.320319,7.3896392,33.750836,43.202599,0.0,119.30243684380625,178.9515490806395,4517.358234085556,6346907.060641683,0.16416433262766342,6.15343487801574,37.48338497023601,367817.5,40.8045844,0.537020719200378,2.270464,1.3053045,1.0842106,210840.58606832568,52710.14651708142,12.258862353556697,10.872582221027633,300811.6920230697,53176.496822427966,12.614243064393301,10.881390593783735,400037.84804704494,59465.9818959904,12.899316941491879,10.993176511387428,574336.030077169,71792.00375964612,13.26097166340366,11.181542309615212,888804.917926252,93424.10866800716,13.697634175618257,11.444915417510698,1475218.0264591312,130392.08377973593,14.2043170292468,11.778308888569141,2608654.592761087,193889.41264350066,14.77434554803107,12.175048395157871,4880712.017306484,305044.50108165527,15.400801877260076,12.62821622833702,9599285.611101277,504500.30371072673,16.077199342333223,13.13132570293644,19727867.27733311,871856.795634402,16.797542827424248,13.678381611191472,92953393.7617242,2904793.5550538814,18.347608793914763,14.881873224615441,67446.76334500921,11.119108700893491,120343.26916029028,11.698111823966016,274363.0602338642,12.522211190431674,68815.50599512992,11.139198907866891,123480.9798474607,11.723850512237643,283850.87952423963,12.556207830117339,69528.73678374439,11.149509807435738,125126.19881273147,11.737086089392042,288859.8106229249,12.57370022693428,train20.csv,train,0.115031186,Q3,3,4
-0.14193800490695904,3.924486718011482,15.401595999848535,3.9270526348758685,2.8946163082962864,24.541424,-33.045036,57.58646,1.9090254951314813,-1.3257376504967067,8.414716834295083,1.3566746687820974,11.416033203132654,13.753649164319887,-12.096388,-8.507863,-6.760371,-1.4413623,1.203261,2.1769247,3.1463363,4.2390504,6.6583276,3.6182869999999996,12.7469134,18.754715599999997,0.0,63.25270013172393,100.2916954003085,1901.5649845436214,2397091.2975963294,0.15442917429514036,5.482972290817007,35.504769848426854,328844.5,34.558678900000004,0.3794972900975674,2.07062943,0.9864189999999999,0.765325,115272.58377178162,28818.145942945404,11.655063571350178,10.268795234934863,169294.7402770231,29927.36471727459,12.039402407007424,10.30656196244379,234128.8799949097,34803.466239695605,12.363631283073895,10.457500997748802,353489.1732237501,44186.14665296876,12.77561096541399,10.696189226068768,578302.4177019487,60786.55374726563,13.267853954040568,11.015140338894511,1013718.4059429914,89600.89488198834,13.829136704861902,11.403131746975879,1880688.0204624305,139782.9734396441,14.447148767907295,11.84785346300887,3650901.365109017,228181.33531931357,15.110484918321564,12.337900304646649,7345442.72161375,386047.2783160307,15.809590777149184,12.86371771398354,15201688.583280753,671826.0676702464,16.536917136433832,13.417756246611306,69337546.28488275,2166798.321402586,18.054497125297914,14.588761669586297,42855.858287185576,10.66562096459531,85620.76849288274,11.357694834623238,214247.06965178254,12.274889826626124,43275.94576223209,10.675375341765728,86865.31367509617,11.372125591394399,218564.49780402766,12.294841009715226,43494.59703650898,10.680414994402415,87517.80301554648,11.379608940866058,220843.1699974133,12.305212618656828,train21.csv,train,0.056276601,Q2,3,4
-4.087055865378639,6.811861061945082,46.40145112724358,7.943895566658057,6.427024600876581,19.932467,-31.297544,51.230011,-0.7171591682479712,0.06977959528315852,3.9398231885075536,1.2360144931162151,4.869678567440763,5.7471803178612095,-15.837977,-14.749515,-13.669557,-9.689866,-3.50774,0.61226004,4.957606,7.5809703,10.518968,10.302126040000001,22.3304853,26.356945,0.0,159.21392677024468,178.2953216380738,4428.673416839156,6308570.736216978,0.13973900287481175,5.274074992947034,37.74232594052456,366720.0,22.9852638,0.5301885388664499,2.1769247322000003,1.3053043999999998,1.0842106,203632.97049693015,50908.24262423254,12.224079398939793,10.837799770027374,285109.18654875987,50400.65979680212,12.56063100400207,10.82777938599343,373205.10822638345,55477.27125727197,12.829886114987472,10.923746714196934,523287.5328114373,65410.941601429666,13.167888278899175,11.088460114071195,782083.0438445536,82206.35349994985,13.569717486699645,11.317000035679946,1235623.6019832748,109214.72849456512,14.027087150789232,11.601080365754079,2044224.1483258393,151937.86886559165,14.530529375083917,11.9312335404171,3510130.329442326,219383.14559014537,15.071164010537629,12.298579561633101,6209492.4340822715,326346.24552280275,15.641589877970885,12.695717263772812,11251944.582280181,497270.394729097,16.23605161230932,13.116891221892375,39071427.479949355,1220982.1087484173,17.480902028429664,14.015166919048271,64453.02300195675,11.073707426930609,107486.94768100136,11.585134005669207,215668.41807050764,12.281502042402055,64745.32843454111,11.078232274240417,107998.2858790856,11.589879893853807,216725.32435925934,12.286390658500311,64901.46633947299,11.080640904119162,108277.81484411337,11.592464798379396,217320.68459326,12.28913395230696,train22.csv,val,0.080670606,Q2,0,0
4.420352608073618,11.766261792722446,138.44491657488004,12.569185882728574,10.142173969733687,43.288166,-49.762604,93.05077,0.3361141472680771,-0.32339781885602636,3.9590952369308394,1.2392989814456539,4.906502698478326,5.676333689007176,-25.255196,-18.142138449999997,-10.31435,-3.2095819,6.493039,9.5458355,21.450893,23.755371,27.657722119999743,12.7554174,41.89750945,52.912918119999745,1.0,266.6622537410963,247.91995704821915,3600.0965031642017,4034559.097693829,0.10975778377085657,3.6743142626076923,33.47657119554547,326708.5,38.415064699999995,0.5453834331101945,4.034964,1.4201036,0.9821679999999979,320130.41214895237,80032.60303723809,12.676486853442428,11.290201863430244,707342.1452365856,125041.60687895736,13.469271181074005,11.736409813238218,1163250.0794613266,172918.15887786128,13.966729297676657,12.060579474542704,2016811.8073968026,252101.47592460032,14.5170290051911,12.437590934328101,3652987.7917518253,383973.0423812116,15.111056237541622,12.858330231319423,6862619.4845595695,606575.5967793751,15.741599921594373,13.315586292515391,13296983.17525079,988304.1875049821,16.403047813738922,13.803746823267815,26455301.722924218,1653456.3576827636,17.090967177192876,14.318379021947015,53852215.11466297,2830258.4152120003,17.801754114195525,14.855878931570986,111819086.25150628,4941752.13465772,18.532392830870776,15.413230711765364,506618726.78389955,15831835.21199686,20.043269262444102,16.577533420834374,246970.97183926596,12.417030134836459,590347.8454392339,13.288468904610863,1602662.1235168292,14.287177255742618,248292.6021543753,12.422367204568946,594466.0583994016,13.295420582979602,1614869.9736988773,14.294765619000806,249097.21299304807,12.42560252737086,597002.4408963398,13.29967815600359,1622721.5753313124,14.299615898633549,train23.csv,train,0.789624017,Q4,3,3
-4.560233086580943,4.285552893095039,18.365963599515258,6.2579301213310785,5.297963201480322,21.315899,-29.688766,51.004665,1.4183891680036913,0.27771030359352483,4.744183040868358,1.1811954654140622,5.603807503922731,6.294592374104685,-14.947756,-11.3549795,-9.790315,-7.111677,-4.705155,-2.4346905,0.6096027,2.880067,7.14888,4.6769865,14.235046500000001,22.096636,0.0,128.4094767346204,102.69748002389214,2019.0912912050048,2740303.7230962445,0.10763612815033463,3.965330948992169,36.84014853819609,347747.5,19.545551600000003,0.3829503503036254,2.066377000000001,1.0629516300000001,0.7653249999999998,129628.25995263254,32407.064988158134,11.772433808657269,10.386162590192727,195603.52346117934,34578.144465845464,12.1838501623951,10.451006018209577,268895.00916605315,39971.48226112404,12.50208000081567,10.59594655288248,394801.6515428371,49350.20644285464,12.886141302686177,10.806717491226534,612878.6052719178,64420.92776985649,13.32592379313606,11.073209347458503,995765.7646622523,88014.0905832608,13.811268337118333,11.38526356265935,1678249.6619894886,124736.6524243007,14.33326253625317,11.733968030152344,2912968.5990379644,182060.53743987277,14.884683599580201,12.11210002671149,5177914.525070252,272130.6101638572,15.459913124960128,12.514041089151732,9385188.62436089,414770.65743752697,16.054643432845072,12.935483424742484,32284200.851802565,1008881.2766188302,17.290088561785822,13.824353619207606,47628.80008114859,10.771213896455604,84330.05829020405,11.342505501881668,173038.07992958883,12.061272743516115,48178.11384247443,10.78268088335701,85494.93498646484,11.356224109776644,175866.70631521495,12.077487322712201,48461.78208612753,10.788551402671608,86100.56283387488,11.363282841631749,177346.59821464279,12.085866917480478,train24.csv,train,0.060708901,Q2,1,2
-0.6673736492651724,8.56588120852295,73.37432087852658,8.591839643886525,5.989196802729562,23.978592,-26.64341,50.622001999999995,0.49239846773006146,-0.2722425448008203,3.1010134119469783,1.4345562372612723,4.448578137117075,6.1144634018311095,-23.19945,-16.77497,-11.6047735,-4.4447317,0.22375128,2.4134312,12.464701,14.747921,17.26499,6.8581629,31.522891,40.464439999999996,0.0,61.04310371012422,119.13607630034346,2603.871761274531,3537098.408365306,0.177205712047283,6.531177581785417,36.85647323016715,346089.0,26.386708199999998,0.43473716860197525,2.06212588,1.0884623000000002,0.8716200000000001,143647.322375438,35911.8305938595,11.875123385783292,10.488849908782509,204403.7304006879,36133.81596653832,12.227857279904402,10.495012110762042,273597.3504280295,40670.489471863184,12.519416435575039,10.613282621586029,394219.7297669589,49277.466220869865,12.884666259245964,10.80524247395823,606295.3051954176,63728.94359049793,13.315124098020831,11.062409803175324,984767.0354648553,87041.93108327156,13.800161395430461,11.374156736652274,1671779.3932123508,124255.74682019118,14.329399720227919,11.730105242848376,2940430.6604206236,183776.91627628898,14.894066951809704,12.121483330848738,5321976.347571762,279701.9270461345,15.487355474135622,12.541483344083934,9862154.327505125,435849.76263044553,16.104215295744098,12.985055176192569,35850592.71585924,1120331.0223706013,17.394870685984603,13.92913564788427,48451.42256086235,10.78833761732508,84944.7632172159,11.34976825201544,177888.06276283454,12.088915392072206,48701.340461019325,10.793482366663726,85583.64560724757,11.357261172293331,179683.0849911168,12.098955504526376,48835.73471950421,10.796238069304625,85925.33206273332,11.361245604219148,180642.47372888197,12.104280609318621,train25.csv,val,0.057598512,Q2,0,1
-1.4719406129912014,2.432371608306795,5.916431640896985,2.843068906845189,2.2404407618138027,18.880144,-19.981361,38.861505,2.548410497685696,0.1492283169274671,7.028095900739654,1.2689774898818298,8.91849552613864,10.509909137899704,-7.8594637,-5.1340556,-4.245428,-2.8380806,-1.5370278,-0.23172343,1.4179772,2.7530444,5.125552,2.60635717,7.8871,12.9850157,0.0,80.63329475128423,138.63663432498575,3101.3293487111823,4244155.416615726,0.167646714491091,6.2017855037544445,36.99318249660796,353359.5,21.1824962,0.4550972276772253,2.0748815,1.0969658,0.8758720000000001,155858.169376124,38964.542344031,11.956708118088626,10.570433004929185,217023.59826723576,38364.71450306687,12.287765982168494,10.554919488263884,284294.06442443153,42260.565520822,12.557767937039687,10.651633335463123,398274.3580023989,49784.294750299865,12.894898899323119,10.815474933268652,592384.9254811913,62266.795035934076,13.29191360262155,11.039199637506686,926745.9409390196,81913.54240938603,13.739435820159427,11.313431817074884,1510570.3723496613,112273.81465690793,14.227998529503346,11.628704847158833,2544213.8193930592,159013.3637120662,14.749332641462482,11.976749814933891,4398721.515798178,231179.32214587953,15.296824719413854,12.350953300332362,7767374.1424103975,343272.68300696474,15.865442845760365,12.746283317628707,25445542.772045996,795173.2116264374,17.052051188263892,13.5863165037514,49089.91419706768,10.801429249756422,80393.89950834433,11.294706014203781,155231.01237720548,11.952676130778535,49311.05136561572,10.805923779764655,80872.66764067681,11.300643557363657,156412.1242233899,11.960256018044527,49425.469668837104,10.808241382929804,81122.40976017219,11.30372685147432,157032.37736495884,11.964213656416664,train26.csv,train,0.028622651,Q1,1,2
2.6186302409375517,10.947330088470155,119.84403606592397,11.256165439645805,8.75686439526007,44.42659,-46.995743,91.422333,0.3820056477292062,-0.27138920543432443,4.1751112499398095,1.2854104984067647,5.366731837456636,6.341059001121221,-25.086185,-18.861544,-10.7916155,-4.018488,3.7283022,7.550676,18.898746,21.198973,24.574907,11.569164,40.060517,49.661092,1.0,241.08561897171444,216.27181093151984,3161.244496357014,3599814.184738543,0.1073080719530327,3.621123948158431,33.74512170726068,325136.5,43.729825299999995,0.5168794250079413,3.703324000000001,1.415852000000001,0.9821670000000005,283004.29815792263,70751.07453948066,12.55322089785622,11.1669371371884,603032.2458331842,106602.04757569943,13.30972760824121,11.576867379195464,978352.3290829209,145432.9438406116,13.793626160952968,11.887477268284504,1680800.9823324357,210100.12279155446,14.334781607910397,12.25534423090046,3030681.3988613817,318561.1405098311,14.924298366274323,12.671572838605657,5693361.735228505,503226.83634101064,15.554811621910556,13.128798301481057,11077154.077348309,823314.4026727506,16.220395444342238,13.621094641568641,22214843.50437135,1388427.7190232093,16.916271294749496,14.14368324773366,45741507.573471844,2403991.8591770693,17.63851672750764,14.69264160424059,96383265.0550679,4259578.769583682,18.383843155872146,15.264681067742119,453680176.8775209,14177505.527422529,19.93290305374703,16.467167219277375,208622.79255554377,12.24828787331668,501215.2085381429,13.12479284094272,1396873.75169381,14.149747979025708,208862.9058267243,12.249438150551608,500981.48760281096,13.124326424571457,1390327.460063951,14.145050579396187,209077.8106767657,12.250466544446253,501207.10701122845,13.124776677075205,1388481.222250315,14.143721782082254,train27.csv,train,0.672913029,Q4,2,3
0.131834878705219,10.870513344743237,118.16806037824081,10.871312745638589,7.446090706866217,29.02336,-33.05301,62.07637,0.6740917144189109,-0.09948990489882154,3.040388106105815,1.4600027261303528,4.438974927491991,6.285662627684425,-28.58436,-20.875837,-12.312698,-5.0336065,0.39169762,4.2991076,16.986496,21.344597,23.287674,9.3327141,42.220434,51.872034,1.0,71.36498304575795,95.85159472150627,2050.060616522299,2730103.07093835,0.14687050809842514,5.359703532969153,36.49271458730131,332793.0,29.53304483,0.3778773084533073,1.955832000000001,1.0842106999999999,0.7653260000000017,117868.95037219129,29467.237593047823,11.67733718018202,10.291068270517853,173613.7711117022,30690.868715113436,12.064594164637665,10.331753035793081,240852.5060857585,35802.93923792752,12.391944169086557,10.485813200914412,365142.59516401094,45642.82439550137,12.8080459666069,10.728623595283594,599497.6848089297,63014.43176359128,13.303849059634004,11.051134924007085,1051949.4133382975,92980.07045459008,13.866156535558892,11.440151207918571,1945651.7831105934,144611.43398705305,14.48110809986306,11.881812573855429,3747210.0182115957,234200.62613822473,15.136522392766459,12.363937673495794,7442733.582181439,391160.4993090505,15.82274889064729,12.876875795400384,15135630.269327423,668906.675060862,16.53256220880683,13.413401325193552,65876429.360747166,2058638.417523349,18.003291277846195,14.537555845624375,44511.820790855745,10.703532534318969,88883.69959164086,11.39509529860917,220009.20936277017,12.301429230452174,44840.58050010532,10.710891124114099,90109.61753675135,11.408793278348996,224258.43330312165,12.320558845047984,45022.85510225582,10.714947741675457,90773.9738122789,11.416138907792039,226559.60649788028,12.33076776646961,train28.csv,train,0.159309086,Q3,2,3
2.539481377924611,8.541671533119072,72.96015257969671,8.911179397168626,5.937069165350891,28.531746,-23.306274,51.83802,0.8885099703344914,0.3390670527045098,3.201792343788696,1.5009391223139925,4.80569539571075,6.850925513721336,-16.035686,-13.977812,-8.760846,0.12968008,0.9970485,6.7369866,13.680185,21.057068,24.632837,6.60730652,35.03488,40.66852299999999,1.0,43.44389104407735,93.43323377937858,2352.441975616841,3394615.248662688,0.19371323028631807,7.358598406766779,37.98707190373937,352585.0,18.77172364,0.38725126047286046,1.628441778,0.9779153600000001,0.7610735000000002,106475.76224593379,26618.940561483447,11.57568204544979,10.189415859094748,129186.33141455849,22837.132744961753,11.769018811456139,10.036186906704714,158678.52695466747,23587.7041565802,11.974641893496191,10.068523238997198,210444.88551112957,26305.610688891196,12.256983823098256,10.17757554357304,299933.0061247549,31526.573708322103,12.61131774985513,10.358617797733002,454971.76653912466,40214.20267102972,13.027992842381614,10.602000379012892,726053.7503997573,53964.26786561258,13.495380704737228,10.896095930938642,1205553.8633659733,75347.11646037333,14.002450486447884,11.229874206534154,2063876.1058201154,108469.12618199569,14.540096862057089,11.594230079322935,3617853.3272380345,159888.03881427046,15.101391680787383,11.982235346217651,11712221.637799516,366006.9261812349,16.276143524377513,12.810410268381892,26918.399892551803,10.200602491257284,41245.657643656305,10.627325361659524,77372.86529023432,11.256404344809695,26696.89461244795,10.192339987812874,40868.624363967014,10.618142385519437,76619.71120503815,11.246622700449072,26592.716039223906,10.188430227734012,40692.757824312444,10.613829989258228,76272.76595574823,11.242084330571634,train29.csv,train,0.045191049,Q1,1,1
-10.087520817000328,8.3863559999707,70.33096695824456,13.118271349215929,11.347610253954471,22.073782,-35.58496,57.658742000000004,0.6372334080657631,0.1717583535109665,2.712625697821126,1.1560382357231582,3.1358990282769175,3.4563592410067505,-27.995483,-25.58046,-23.29724,-13.437302,-10.273957,-6.5791383,0.36406088,5.5725236,11.984246,6.8581637,31.1529836,39.979729,0.0,79.90774805309017,186.40710807736858,4022.0877331274214,5369946.940850538,0.1941655138542438,7.094655695471769,36.539216233987204,352549.0,31.4846216,0.5255578202566182,2.495812000000001,1.3053040000000005,0.9821679999999997,219023.54147661402,54755.885369153504,12.296939064057263,10.910658399938788,356648.56535596756,63047.15476591456,12.784508969020365,11.05165407476202,511200.604324205,75990.42448200443,13.144519320389922,11.238375777138934,785952.3497424729,98244.04371780911,13.574652718177294,11.495220082838822,1282803.5771921105,134838.11619193593,14.064559314920832,11.811837614831825,2198452.968327759,194317.62525303158,14.603264929620673,12.177254488995983,3917929.1284023756,291201.8247232822,15.181074043841738,12.581775295543617,7205050.264802737,450315.6415501711,15.790292902560848,13.017706262191664,13594349.032918628,714464.9605930671,16.42516482563171,13.479290634339753,26205621.948681496,1158135.8115702323,17.081484562066418,13.962323074843132,102660979.98971486,3208155.6246785894,18.446942670765903,14.981207069930905,91369.77916053611,11.42268100348762,178364.4131250615,12.091589607714953,407424.3862622932,12.917613093701158,93553.05427896889,11.446294668860109,183406.26492591304,12.119464450484033,420903.1074444889,12.950160313429242,94683.99995024117,11.458310871171486,186027.30544213217,12.133654120913578,427938.80847795185,12.966737830276681,train30.csv,train,0.09275185,Q2,1,2
-13.866877700888402,15.550462412087526,241.816881229747,20.83523886114923,17.52521045139271,33.649857,-61.633114,95.282971,0.5782383336003956,0.14896797555396624,2.9581189052429826,1.1888723908365249,3.5168258969428705,3.9408671012320924,-48.244183,-42.678566,-38.17165,-20.479887,-14.693179,-7.082446,6.1916924,15.762508,26.341,13.397441,58.441074,74.585183,0.0,185.92939120268863,212.9853498035109,3525.4424665544148,3992354.6912487736,0.12939725066685365,4.354444826636093,33.6517569291822,319762.0,38.2194857,0.5720071863839606,3.4864800000000002,1.6241899999999987,1.1394848800000008,294148.8406663985,73537.21016659963,12.591844578617794,11.205560416329543,591989.9083261343,104650.01964285306,13.291246556191009,11.558386471188868,940170.9311254695,139757.24507664266,13.75381804297365,11.847669388036506,1592462.8289670115,199057.85362087644,14.280792952805989,12.201355806820729,2848562.2581288535,299418.2239359474,14.862325305178858,12.609599957109303,5331054.619468039,471203.10903771495,15.489059828965262,13.063046631650156,10354038.78166756,769568.5367608229,16.15288731859109,13.553586594339208,20730732.72384564,1295670.7952403524,16.84712787808592,14.074539879409267,42559395.77984151,2236752.70916455,17.56641122949124,14.62053613569149,89205588.48756333,3942367.2837057905,18.30645425800366,15.187292187928517,411705358.49460065,12865792.45295627,19.83581850461654,16.370082677113377,182746.10551353864,12.115858538983385,427893.19865774224,12.966631244607328,1165301.5306511363,13.968491294232502,187725.86292958504,12.14274332863484,440913.2241044784,12.996605632346341,1203789.0654598365,14.000985525411677,190379.7385518828,12.15678123315423,447930.43978485395,13.012395463491366,1224809.9795863545,14.018297087676642,train31.csv,val,0.928338975,Q4,0,1
-2.6744710890614884,2.733618664529167,7.472671003062227,3.8243256411147795,3.2459679982242187,21.803793,-32.342957,54.14675,1.0689336660697375,-0.02305945547471579,8.457166034114309,1.178177243714415,9.964040593762338,11.06008770316417,-9.510758,-7.8653097,-5.6968884,-3.953648,-2.8651857,-1.3387874,1.2675697,2.3602839,3.6740918,2.6148606,10.2255936,13.184849799999999,0.0,24.580106056226747,161.74812466248906,4014.379860955122,5623256.164355164,0.3414543540813426,12.779602814811751,37.42697278459696,350803.5,31.87578983,0.4862016400525252,2.06637778,1.3010526000000002,0.97791553,166255.827464129,41563.95686603225,12.021289025128263,10.635012708217321,225062.97646314668,39785.889212779846,12.324139980605855,10.591292720238583,293997.23553412186,43702.950536038574,12.59132904471819,10.685193778280079,419748.8131112205,52468.60163890256,12.94741412970138,10.867989264483127,655053.6822322931,68854.03664848514,13.392473995456879,11.13975865541706,1108284.6147825713,97959.4458246846,13.918324888145603,11.49231906214481,2005691.1463769148,149073.88636058697,14.511499769314538,11.912204051694099,3826280.352601465,239142.52203759155,15.157403963288937,12.384819161296836,7596608.521087162,399247.5545917512,15.843212590070943,12.897339445762004,15539905.417250825,686773.2812209765,16.55892188082971,13.439760960043046,69223437.83943012,2163232.4324821914,18.05285007479055,14.587114619815916,50730.638347603664,10.834305025477917,92947.9417214375,11.439805607624178,221947.10341750216,12.310198865136698,51288.053296493876,10.845232622355564,94534.62555025314,11.456732032388746,227332.942994683,12.334175329948687,51574.81408621924,10.850808122327127,95358.63860228253,11.465410692466937,230151.90927834515,12.346499189957783,train32.csv,val,0.05965584,Q2,0,0
-4.936293249704212,3.101977785272303,9.622266180322862,5.830030636917634,5.128116302550616,14.461987,-23.370583,37.832570000000004,0.5602346927978008,0.06679893301888497,4.00865525678774,1.1368756638083937,4.557342613856582,4.98979619094301,-11.865196,-10.168725,-9.084515,-6.848065,-4.875227,-3.1319866,-1.1421413,0.25670278,2.76952,3.7160784000000002,10.42542778,14.634716,0.0,81.32605514750591,150.81868759987336,3518.3381516040663,4841291.171435255,0.17731363074309714,6.577395176439414,37.09469570537907,348285.5,18.6229102,0.46298722823287075,2.5936013410000007,1.2032610000000004,0.9779150000000012,176622.9092388827,44155.72730972068,12.081777944391725,10.695500568370484,262765.6493234419,46450.843124873034,12.47902165237751,10.746171423215216,351086.23244247976,52189.28070001202,12.768789997047813,10.862651563048212,495795.78144372447,61974.47268046556,13.11392140691981,11.034493983828167,735270.4477304647,77285.78546731769,13.507995026654458,11.255278268698003,1137090.950775048,100505.5902648619,13.94398464085682,11.517978579106082,1821470.8633975422,135381.63190765667,14.415155448370765,11.815860358763395,3004360.190038251,187772.5118773907,14.915575521002614,12.142991791492271,5077283.551551603,266841.84610789944,15.440287139542638,12.494415172738313,8756152.914929394,386970.94395330816,15.9852673156944,12.866107473139257,27338178.689223543,854318.0840382357,17.12379480654692,13.658060037691836,59420.57086252641,10.992412585263025,95621.21501761104,11.468160446705886,177242.8202851556,12.08528157938691,60248.18433213683,11.00624431320544,97197.90545791539,11.484514729664093,180630.05307950187,12.104211849146157,60670.71880183593,11.01323295087683,98005.17792821635,11.492785795749606,182368.76011823566,12.113791554052419,train33.csv,train,0.028831268,Q1,2,3
2.258979139363601,11.352490061289815,128.87903059168403,11.57506014428279,9.049957669727593,43.152645,-47.729713,90.882358,0.3373430169370124,-0.27421918789250804,4.123495892359568,1.2790181516772798,5.27402609925096,6.199308873292536,-26.364386,-19.816605,-11.525583,-4.7567077,3.7766669,7.1398454,19.044903,21.540712,24.933655,11.896553099999998,41.357316999999995,51.298041,1.0,245.19489289293128,223.04832805053942,3026.5100948791246,3290644.7047244604,0.10654815161748786,3.5133009517540406,32.97383294298275,321214.5,42.2119329,0.5037667826055549,3.928668,1.4158515000000005,0.9821659999999994,297312.6738071224,74328.1684517806,12.602543001225275,11.216258730407745,668887.5129540875,118243.72406520997,13.413372677919854,11.680511688574127,1109402.109877083,164913.61030810722,13.919332689805655,12.013183105642302,1941865.4469255486,242733.18086569358,14.479160154575455,12.399722217668437,3558631.793163768,374055.08975991386,15.084886982199219,12.832161037771991,6784471.458300284,599668.2218663394,15.730147097056667,13.304133485288844,13386900.871517885,994987.3602653248,16.409787314608792,13.8104863178465,27220456.788193163,1701278.5492620727,17.119479373128215,14.346891201944405,56822948.96264711,2986388.38042717,17.855450850723862,14.909575650598144,121368022.51884438,5363759.483892279,18.61433800419131,15.495175869868534,586161543.4923866,18317548.23413708,20.189105982745613,16.72337013283233,235925.87883869215,12.371277200569564,579820.9699075044,13.270476386968951,1645237.2678191739,14.313395775351852,237842.3614119574,12.379367590652992,585133.5978190417,13.2795971814912,1658510.2018931094,14.321430891578036,238931.26692416176,12.38393538875676,588275.0586382931,13.28495160418609,1667173.9604430448,14.326641111500283,train34.csv,val,0.700103573,Q4,0,0
1.4326402096597968,3.1176815451276876,9.719938216829766,3.431092564645237,2.5457862015012784,21.788912,-15.746033,37.534945,0.7116776057979175,0.4560761568545665,6.3504296447766055,1.3477536130663084,8.55881452321593,10.599711822867402,-5.375877,-2.7610166,-1.7831011,-0.7966821,0.92104745,3.408354,5.7255883,7.1371875,9.526703,4.2050361,9.8982041,14.90258,1.0,85.17857005279451,141.3534971662731,3199.50529345759,4407051.794585023,0.16513669298235992,6.128811214146039,37.11356394394883,353579.5,17.0114759,0.4618703895236658,2.0961404,1.1947574000000003,0.8758721999999999,159263.0777174346,39815.76942935865,11.97831896963683,10.592043444978923,220873.12501363453,39045.221119751266,12.305348248159186,10.57250138028442,287250.9177385821,42700.1043957229,12.568114871889176,10.661980062950699,397691.410877921,49711.42635974012,12.893434148483964,10.814010208192045,581820.7906424282,61156.37714641248,13.273919478178966,11.021205774009156,891373.0688903779,78786.99269743121,13.700519448753285,11.274515887299273,1417364.3588261835,105346.23625421044,14.164310325117615,11.565017184946221,2321162.702787864,145072.6689242415,14.657579213914508,11.884996953929635,3891021.377188717,204496.62048459775,15.174182502962417,12.22831161862516,6645517.006641932,293693.1337429398,15.709453201439121,12.590294143350667,20237340.72876456,632416.8977738925,16.82304005624638,13.35730568526722,50382.47955403429,10.827418613699377,80071.93367661208,11.290693169294107,147875.13191931933,11.904130255819908,50147.80266574996,10.822749918045247,79616.73072863104,11.28499209487498,146870.1699888543,11.897311086868928,50034.62685560659,10.82049056778837,79399.3223116772,11.28225770656801,146394.5613893704,11.89406756167112,train35.csv,train,0.028827561,Q1,2,3
5.908173987018057,11.082261171918656,122.81651268261587,12.558783083702526,9.65920279250703,53.121532,-23.678839,76.800371,0.35868442479610296,0.30842098753065517,4.229831155109069,1.3001883634167941,5.499577251469696,6.542004574767496,-16.369984,-13.631822,-11.021213,1.9510475,4.689211,11.862007,19.723597,28.767189,33.66952,9.9109595,42.399011,50.039503999999994,1.0,135.41670409227677,187.88761769043646,2875.000970748295,3195402.745498501,0.13820987494552223,4.607686027734186,33.33832716157427,321009.5,33.1173147,0.47436214538762567,3.486480909,1.3095570000000016,0.9779149999999994,257358.0052425593,64339.501310639826,12.458227296668257,11.07194459234861,556637.2131516514,98400.48702007858,13.229670780319628,11.496811194918829,908151.8871995434,134997.58572010568,13.719168021382515,11.813019581218326,1564554.8200540617,195569.3525067577,14.263112520619856,12.183675453043309,2818926.7731326204,296303.17729874264,14.851867148318075,12.599141831669307,5270189.929849235,465823.37969218125,15.47757714943418,13.051563974461992,10160407.916777706,755176.8366226265,16.134009247019033,13.534708545690279,20099762.33322529,1256235.1458265807,16.81621859849358,14.043630622530966,40638705.02656153,2135808.8360867933,17.52023152083,14.574356447049736,83704406.19187286,3699247.077091659,18.242802188695634,15.123640134554321,371589393.7842699,11612168.555758435,19.733300025164812,16.2675642057905,210527.55817336848,12.2573765911845,511304.95834653534,13.144723434328052,1407461.9208641471,14.157299294680339,205165.38636828974,12.231576569739177,494878.2331236163,13.112069038296811,1352443.340280931,14.117424135644075,202631.54759434788,12.219149507421843,487162.84997278085,13.096355793061642,1326754.6433511195,14.098247154196166,train36.csv,train,0.332861874,Q3,2,2
5.437917815917979,6.69263449209107,44.79135644472709,8.62335819837059,7.021384536358084,60.196007,-28.730515,88.926522,0.29373516802075006,0.18302338352259004,6.980575959556968,1.2281563759164043,8.573238882240544,9.710165769558609,-9.699432,-5.6857276,-3.7341485,2.630805,4.803478,9.412436,14.523107,17.96707,21.640629,6.781630999999999,23.6527976,31.340061,1.0,186.61480180160268,260.0942312133628,3919.6160000162936,4428191.373747448,0.13635067337640447,4.582987966744827,33.611773622918285,326899.0,61.5831587,0.572329016411699,3.9329199999999993,1.6284419999999997,1.0884628000000003,334708.83550852013,83677.20887713003,12.721019272810441,11.334733874637669,723796.3197416202,127950.32147179157,13.492266687067648,11.75940516956736,1186599.3742704403,176389.05231752305,13.986602948220789,12.080453028206891,2071543.7498849058,258942.96873561322,14.543805142914055,12.464366980349332,3825859.342065241,402143.92575094954,15.157293925980834,12.904567814450669,7434100.75764394,657087.8822192601,15.821588317887157,13.395574573277385,15129216.373626843,1124485.734745794,16.53213835763399,13.93283725373193,32118990.41817192,2007436.901135745,17.284958046119318,14.512369790892848,70865116.58307938,3724388.906328001,18.076288875836397,15.130413612845702,161885127.3736502,7154379.458697252,18.902397557564342,15.783235378641885,923707304.6878022,28865853.27149382,20.643905810688,17.178169941448687,275523.7158951516,12.52643261641921,721387.6545887087,13.488933320392377,2305343.0758372317,14.650740496954775,269609.28437003907,12.504732804065862,698056.7883598593,13.456057169663998,2195378.442571505,14.601865456326843,266803.15382064215,12.494270161945296,687139.1620826346,13.440293570893875,2144641.806388061,14.578483572649212,train37.csv,train,0.50786784,Q4,3,4
-1.3836931509002441,8.4002769788727,70.56465332177866,8.513475204499448,6.416143369797384,23.02725,-25.226496,48.253746,0.7592694026725946,0.23832537196759493,2.9631255585305882,1.3268835654929358,3.931722610724549,4.674417746522401,-20.018034,-17.84111,-12.641151,-3.9717183,-2.555867,3.1968267,9.259902,15.339984,20.110512,7.168545,33.181094,40.128546,0.0,55.98297198402989,67.15196922523953,1783.4543420537407,2625076.170135321,0.14711706957247628,5.6442081639704265,38.365420007727,354105.0,19.84743103,0.3328868782634091,1.3053045,0.8673684000000002,0.6547782,78450.44843502421,19612.612108756053,11.270235221152294,9.883979099513013,88996.31310902801,15732.474124998738,11.396361458472354,9.6635458314883,107340.5934329979,15956.274679891932,11.583771490347655,9.677670097017485,142038.4160165555,17754.80200206944,11.863859875647245,9.784467614848129,205431.9945156352,21593.378470827298,12.232875198997895,9.980188303819574,320927.44068573345,28366.246197215703,12.678973451047742,10.252990455668769,533245.8682765173,39633.73628751488,13.186739763417181,10.587461191723573,928605.8797477058,58037.86748423161,13.741440763271621,10.968868194130831,1674691.8818838478,88015.15000816406,14.33114035233069,11.385275599442137,3100232.1494317856,137012.19850723504,14.946987876121407,11.827832539638782,11225670.429455416,350802.20092048176,16.2337138053454,12.767980664069327,17642.974093139375,9.77814959291381,28159.54066017381,10.245677009667705,57595.2093774578,10.961212035099312,17669.814116824058,9.779669637643684,28205.75257528333,10.247316681286136,57680.63964376397,10.962694198111045,17687.136567355257,9.780649443411777,28237.33906286886,10.248435874823286,57746.57184048089,10.9638365814478,train38.csv,train,0.035914277,Q1,2,3
-7.735784166498798,10.905988884710437,118.9405935534276,13.370974168851015,10.500476228020469,28.435017,-53.697124,82.132141,1.0473811743172101,-0.5265503765449996,4.015947026876561,1.273368356421488,5.113779868914106,5.904255177475895,-37.132084,-31.02649,-22.514376,-11.179061,-6.3745203,-3.5385654,6.9378843,10.866553,14.795221,7.640495600000001,41.893043,51.927305,0.0,214.16200124934676,169.07855400940548,2921.4425911470257,3836077.9997088667,0.10192540214661652,3.6934095685213943,36.236399276474366,337998.0,39.3717229,0.477330171702087,2.831703000000001,1.1990100000000004,0.9779139999999984,214731.39666249923,53682.84916562481,12.277147865182826,10.890867474842802,405300.04599018453,71647.60273371977,12.912385393393194,11.179528931792191,630046.5559018757,93656.98088268377,13.353550581077357,11.447404924558155,1049455.5460187434,131181.94325234293,13.863783012925174,11.784348141342047,1851193.1453198981,194582.7099802189,14.431341472776044,12.178617734953773,3421748.0019110516,302442.651957853,15.045662382383853,12.619650264582287,6570649.689032421,488366.46002423565,15.698123424983262,13.098823393332095,13020073.803730754,813754.6127331721,16.382002940022414,13.609415369849083,26485935.927016266,1391995.5359792216,17.092124468095534,14.146249631352731,55089509.845921755,2434635.3740183963,17.824469890228535,14.705307970295543,251701885.73097157,7865683.929092862,19.343755956028865,15.878020176390704,122228.51828786271,11.713655853733211,277070.61416238884,12.532031286637363,731235.3436019209,13.50249200193764,124997.1644320145,11.736054331632735,284850.08844444214,12.55972182601566,756326.275731687,13.536229465892585,126459.13357818696,11.747682387900097,288982.7789357186,12.57412583726921,769734.091812528,13.55380169802859,train39.csv,train,0.542141961,Q4,3,4
1.949361398155321,10.432386616993677,108.83469052642877,10.612949655352503,7.656784069730194,43.214825,-28.751242,71.966067,0.8676651280415935,-0.11900406647031908,4.071895784174026,1.3860844898902356,5.643991596211079,7.007263848718802,-24.609983,-19.299479,-11.15727,-2.245485,2.5165377,5.335485,16.636786,23.23984,25.10213,7.580970000000001,42.539319000000006,49.712113,1.0,82.3843687648872,134.1954584137998,2729.874935220763,3559064.935630825,0.15942351703627336,5.756373513831519,36.10743020339488,340416.5,26.50575646,0.4339654820756912,2.3937670000000004,1.1947580000000002,0.8716203,166034.15857922373,41508.53964480593,12.01995484358253,10.633678550761688,266561.24758147635,47121.816441602015,12.493363069728325,10.76051258822007,377473.1177983091,56111.71467600118,12.841257283197042,10.935117708897103,571852.7986911332,71481.59983639164,13.25663864099771,11.177209340133924,919129.615497967,96611.59985322069,13.73118351909277,11.478464444958085,1553223.9835364115,137286.90143252237,14.255843961912712,11.829835470120532,2736223.374657959,203371.0190862501,14.8220895626435,12.222792187185894,4987887.606933404,311742.97543333774,15.422523253322073,12.64993753836225,9351238.075968005,491463.91101659613,16.051019413978576,13.105145824396432,17941250.89803257,792898.7608105041,16.702613194659268,13.583452087596307,69711793.2845217,2178493.540141303,18.059880076401477,14.594144618289674,73152.0176146725,11.200308658019456,142001.56753072154,11.8636004176222,326920.17206415633,12.697474356794801,72522.42829245052,11.191664937502805,140225.24447244688,11.85101242916295,321192.93477888155,12.67980037787173,72235.68875195808,11.187703350273416,139416.5550995187,11.845228702661688,318590.274928284,12.67166429042171,train40.csv,train,0.178849028,Q3,2,2
1.8244127133641728,5.7429606577016585,32.98159711590907,6.025784502004191,4.365934869190718,38.105217,-27.185514,65.29073100000001,0.1803099628837832,0.5050129685667613,6.323693939617185,1.3801819469925642,8.727848228250096,11.374718277374887,-9.1366,-7.180769,-5.8754644,-1.1102528500000002,0.71483487,5.5236278,9.256713,13.725362,16.582575,6.63388065,20.906131000000002,25.719175,1.0,65.33766029999725,219.8813569606541,3745.755354673793,4228561.478262726,0.22535193689460545,7.571604404217487,33.5990207544717,329631.5,35.175193805,0.5188562938375398,3.4779775770000003,1.4201025000000005,0.9864189999999995,259113.61917255545,64778.40479313886,12.465025787855268,11.0787430045562,499188.91312579083,88244.96639109726,13.120741889755067,11.387883267134502,764873.3021338673,113699.09662165263,13.54746678837203,11.641319529532925,1236704.9678667919,154588.12098334898,14.02796192535673,11.948526043858353,2091563.0380750168,219848.48262430623,14.55342268764812,12.300698421293957,3672868.2364284196,324638.75454790134,15.116483722868967,12.69047139898463,6658470.594442921,494893.78787174507,15.711400525855753,13.112100469204877,12408041.750142785,775502.609383924,16.33385542920192,13.561267915854726,23691718.695108633,1245142.5826197662,16.98063616510474,14.034761408636685,46238345.46365837,2043465.4767624417,17.649320021820017,14.530158177037835,186727156.11143005,5835223.628482189,19.04515905648466,15.579423319702547,157916.2170915419,11.969826232244696,335172.6814791459,12.722404128633862,812305.5271503663,13.60763304440054,156733.6759852752,11.962309692856774,331403.97916308633,12.711096408493857,799041.9339964284,13.591169957968622,156170.2694019801,11.958708564783237,329618.0221970113,12.705692788328493,792792.6045461507,13.58331819504579,train41.csv,val,0.132170551,Q3,0,0
0.9361207449914941,6.005932129879619,36.071220748720336,6.078449045432869,4.665756432953946,26.272972,-34.961536,61.234508000000005,0.13627141270331844,0.01487818253051998,5.7517198353010235,1.3027788997885477,7.4932192512529525,9.035278494780524,-13.94486,-8.931982,-6.091775,-2.6775749,0.8301651,4.1125593,9.801476,11.43417,14.389175,6.790134200000001,20.366152,28.334035,1.0,87.58770947118582,208.55376497377824,3773.486787661889,4605624.9996658405,0.18787844724369587,6.563716764725518,34.93597515511981,332938.5,34.499152130000006,0.5490700904361961,3.2568833963999997,1.5221467999999998,1.0884625,246461.35837759016,61615.33959439754,12.414964556453839,11.028682367504016,419868.7105046158,74223.00310146631,12.94769972904927,11.214842868776746,606063.5644827493,90091.88787834949,13.314741801426992,11.408596504613454,931209.2671432513,116401.1583929064,13.744240381610782,11.664806357001941,1514189.251739358,159159.53922541632,14.230391366735597,11.977668652480691,2588765.6554794083,228816.71873654093,14.766692125463376,12.340680977519638,4623727.78771978,343660.6239370096,15.346712034439397,12.747412800907163,8576479.264133658,536029.9540083536,15.964534161673146,13.191947188401056,16435012.366028106,863758.9364527189,16.614924578346212,13.669050157850489,32389380.794067316,1431421.9248698954,17.293341204644506,14.17417955985623,134781526.41233712,4211922.700385535,18.719165710051588,15.253430037253679,117683.52445872706,11.67576280167023,231384.0564636594,12.35183851284768,541085.2099658549,13.201333898120073,117200.60024655156,11.67165081001265,230339.184288801,12.347312557295519,538677.7512137364,13.196874663327343,116980.0347969239,11.66976710488817,229887.7874249025,12.345350938030379,537744.530456787,13.195140735532044,train42.csv,train,0.132121434,Q3,3,4
-1.3255869706217147,6.727531870535664,45.259685069073086,6.856884561209641,5.367275918718983,33.800262,-46.210224,80.01048599999999,0.15533806425646812,0.07299925518982137,6.739244845104331,1.2775353181527573,8.609623319855864,10.312318115496788,-17.399984,-12.663472,-9.517137,-5.456661,-1.6470433,2.5112228,8.217147,10.398323,14.199437,7.967883800000001,23.061795,31.599421,0.0,191.16589162178906,247.6194039360031,3814.3718650962182,4549158.654699495,0.12934578631044397,4.466900840481982,34.534567905214914,329640.5,46.208629572999996,0.5782355760999787,3.6990711,1.6326934,1.09271418,307977.0901738574,76994.27254346435,12.637783923626277,11.251499303411613,609489.149119315,107743.47760047161,13.320378065540392,11.587517754684786,952026.4744057166,141519.58212927927,13.76634917302694,11.860200442231646,1578953.8693418712,197369.2336677339,14.27227371103189,12.1928366026545,2758530.227154591,289954.7724229138,14.830208931969352,12.57748368144549,5040896.209897872,445556.48665954394,15.433094642041135,13.007081556085742,9579447.128035301,711996.6676532477,16.075130541610815,13.475829914620837,18844331.066849917,1177770.6916781198,16.751722740534404,13.979134814289619,38234062.240761764,2009430.3674277486,17.45923738411487,14.513362338233762,79774829.56556767,3525582.684613374,18.19471860622244,15.075556564808423,373998273.2536638,11687446.039176993,19.739761741073142,16.274025921161495,194804.29988847236,12.179755876640145,435214.15461121814,12.983595796094104,1130861.5635118294,13.93849123004138,195522.5563904359,12.18343614419456,438123.6422334176,12.99025872018502,1144150.6707219144,13.950174021436395,195932.43129021247,12.185530244248765,439776.6661354181,12.994024573947549,1151653.1497190665,13.956709857905997,train43.csv,train,0.435326638,Q4,1,1
-0.34079486985417656,8.149859383262099,66.42020796694527,8.156981617624512,6.175123779540644,31.319334,-31.43732,62.756654,0.2534088402670105,-0.16297448389008454,3.854038348392752,1.320942202234183,5.090961909662148,6.205522914966418,-21.649664,-14.825516,-10.131522,-3.6220074,-1.4493344,4.5244527,11.573948,14.069758,16.025589,8.1464601,28.895274,37.675253,0.0,74.06660160279606,177.85194197727384,3670.596159031281,4840003.858866788,0.19386639862812613,7.039747685457036,36.312366329260485,347163.5,33.3043959,0.4920575601732369,2.6106087000000002,1.3010520000000003,0.9779153,201439.01982006046,50359.754955015116,12.21324694767005,10.82696747920984,335879.6331097086,59375.69155858115,12.724511117223997,10.991657030338809,490942.36222608865,72979.01877693845,13.104084048241424,11.19794096727923,774810.1660307312,96851.2707538414,13.56037462191182,11.480942114650544,1307651.5487868323,137449.93747197688,14.083744140227854,11.831022314028314,2334105.782155893,206307.7533211453,14.663139841491573,12.237129128218086,4360167.408577109,324071.3815551796,15.288021240399697,12.688722169686098,8447221.155077204,527951.3221923253,15.949348206242714,13.176761259733038,16849262.095702924,885530.2559966799,16.639817480613615,13.693943033150324,34404760.51466954,1520489.9665638749,17.35370552888911,14.234543844986133,151336849.38847566,4729276.543389864,18.83501870751994,15.369283009561247,97347.43303557199,11.486051914477395,206683.41260734835,12.238948332121677,527675.5170769797,13.176238717886203,97117.13005767866,11.48368335217138,206341.39236408655,12.237292166868857,526935.7203036264,13.174835744988693,97026.25686138392,11.482747216583784,206251.31811442075,12.236855543476413,526876.1778299336,13.17472274121476,train44.csv,train,0.141935868,Q3,1,1
-2.8053415989531683,6.574871510570449,43.22893538051094,7.148347841797295,6.001117715444699,31.521294,-37.124115,68.645409,0.2688891665844837,0.4718057862597364,5.193383949644526,1.1911694069070413,6.186200087792646,6.986127009737419,-15.809809,-13.424546,-10.575836,-7.0510883,-4.215134,1.2229257,6.7757845,9.922121,13.889055,8.274014,23.346667,29.698864,0.0,146.38998359409243,189.249910721679,3506.8062544831514,4598420.080156534,0.13516111629213334,4.894408401812852,36.211660100472415,340097.5,31.480370367000003,0.5139722470091033,2.9422498,1.3095560000000006,0.9821669999999996,225373.39075266288,56343.34768816572,12.325518257241455,10.939237207217042,392984.30944608,69470.46752730894,12.881527509608402,11.148671408083194,581465.7115047913,86435.39515645217,13.27330900339475,11.367164106332101,920952.6070947626,115119.07588684533,13.733164941650326,11.653731000758786,1547753.3163828778,162687.52693042628,14.252315610189012,11.999592774005443,2735043.6793069746,241745.99155992083,14.82165832983165,12.39564696881172,5039631.733692317,374572.8696687751,15.432843767093239,12.833544311270204,9613796.757388059,600862.2973367537,16.078709890953913,13.30612272897041,18874249.12955649,991955.5271030995,16.753309124074757,13.807434561821955,37949284.058216244,1677137.2561712032,17.45176122258277,14.332599479966001,162299048.28487164,5071845.258902239,18.90495117470347,15.439215462909157,114172.22307304047,11.645472074744358,239592.2357110766,12.386697913235082,595994.117584129,13.297987754040994,114410.74710844536,11.647559037170524,240047.28188353986,12.388595356605999,596628.3169738797,13.299051289939058,114558.78711125426,11.64885212387618,240373.12748613086,12.389951853081605,597316.262464436,13.300203679130561,train45.csv,train,0.187610341,Q3,1,2
-1.572611106703667,6.462928374244732,41.769443170617656,6.651507262534213,5.373563429177197,28.281418,-31.052532,59.33395,0.3770323926520067,0.38868048355165224,4.668495534572127,1.2378205520083514,5.778759728340488,6.622664611294046,-15.159283,-12.973855,-9.555403,-4.7763724,-3.0246286,2.2348554,7.600635,11.393246,14.586351,7.0112277999999995,24.367100999999998,29.745634000000003,0.0,104.68890889703931,161.19869834432615,3225.477534074642,4299069.661762877,0.15203950373045988,5.550686175559524,36.50818398916789,340563.0,22.347492367,0.4820863564519663,2.6191123377,1.20326113165,0.9779153000000003,185859.0907217999,46464.772680449976,12.132749469230225,10.746471249153723,285859.0703286412,50533.22177326611,12.563257705487848,10.83040604463291,391666.44146800356,58221.56486269332,12.87816839510651,10.972028270995903,570426.2368419342,71303.27960524177,13.254140897366357,11.174711627115018,876842.4061592659,92166.70451022104,13.684083699150438,11.431365071721745,1411461.2393053523,124756.72671184788,14.160136774143094,11.734128949265635,2361501.85790669,175519.6757196738,14.674808778525787,12.075512125317474,4079889.878296638,254993.11739353987,15.221580800507146,12.448995754829527,7239540.710273154,380481.4894595017,15.795068462672361,12.849195435407593,13136888.925543245,580573.9526841304,16.39093485545203,13.27177418924273,45654282.599030256,1426696.3312196955,17.636607996288177,14.170872772504461,71504.54463529256,11.177530273022208,125292.13257343392,11.738411331508521,256435.10280076813,12.454634800671597,71404.0013935666,11.176123193403406,125026.09881279712,11.73628578329115,255700.32132964133,12.451765328765502,71366.25488760689,11.175594428112133,124925.8494810213,11.735483640833825,255428.00899818304,12.45069979873895,train46.csv,train,0.094676808,Q2,3,3
-1.254475860693793,7.767743724742157,60.33784257327116,7.8683894323002725,5.456589919295985,25.323755,-28.117193,53.440948,0.9940212907336314,-0.16890499607463166,3.5734368775448058,1.4419975725233691,5.152887309533943,6.8915309280366985,-21.607677,-17.474922,-9.872694,-3.9286687,-1.1947575,1.1905057,9.859938,14.013952,15.965531,5.1191743999999995,31.488874,37.573208,0.0,58.16782485880707,173.9376611736448,4455.076177233344,6704531.659829252,0.22559501536788548,8.7515737140513,38.79329381687724,362678.5,24.5626817,0.497236200604705,2.1684210000000004,1.1990093499999999,0.9779160000000005,179468.1722330886,44867.04305827215,12.097758729727003,10.711481084430165,246333.92264778068,43546.096785132046,12.414447363126857,10.681598316112058,321994.8465129506,47864.82030842624,12.682293925415248,10.77615696519299,455474.06265824474,56934.25783228059,13.029096247000691,10.949670073771918,695292.4824476144,73083.61950538188,13.452089312316172,11.199373220116804,1136152.0525822612,100422.60260499148,13.943158598573838,11.517152544318538,1965583.5208108427,146092.8692550221,14.49130022511274,11.892004634195924,3559804.9716806253,222487.81073003908,15.085216599006003,12.312632090470148,6682199.032955617,351189.8258015135,15.714957837541098,12.769085017968854,12896977.819647169,569971.2795678129,16.37250364187544,13.253343006290972,51026826.60062844,1594588.3312696388,17.747862083767462,14.282126788491112,56989.72846610766,10.950643875097022,100875.70448753648,11.52165430245588,224391.5593529765,12.321152294117377,56942.01526346818,10.94980631453126,100644.54161871297,11.519360134197258,223492.51122384204,12.31713766005879,56929.12911878941,10.949579989969772,100559.0957589272,11.51851079552031,223142.59791012062,12.31557078002059,train47.csv,train,0.072398903,Q2,2,3
-2.3247128401935897,10.62681488944207,112.92919469446767,10.878119528844525,7.509926598564689,28.930351,-35.327194,64.257545,1.0989763551933693,-0.10477407953483119,3.2475460371482967,1.4484987797934783,4.704066476456791,6.1949744421068615,-29.799845,-24.565872,-14.1744585,-6.4786897,-1.7889475,0.5878122,13.066863,19.487091,21.851093,7.0665019000000004,44.052963,51.650938,0.0,59.817541098314905,82.26965617131847,1892.7805535932869,2574175.786770021,0.15253407986085663,5.625172621502588,36.87813652584877,339217.5,22.14765766,0.35339668931936885,1.7474923110000002,0.9779170000000015,0.7610732,100631.2260138799,25157.806503469976,11.519227823460616,10.132963273420163,134152.6412941005,23715.060593286235,11.806740998937503,10.073907759777875,173657.2028309273,25814.29764725118,12.064844294781444,10.158722527258947,242554.63510219357,30319.329387774196,12.39898638614805,10.319573703410168,363374.83745149337,38195.07477579525,12.803192942506595,10.550488034754721,578607.2621066787,51142.13983492682,13.268380950901445,10.842383643810816,969395.0114136022,72050.71530132498,13.784428487895163,11.185139408241092,1692625.6840291056,105789.1052518191,14.34179213120619,11.569212270893068,3055095.970829944,160563.70313293542,14.932321891763273,11.986452275099857,5662842.031493651,250264.6250785853,15.54943662645179,12.43027813310477,20663389.33956783,645730.9168614947,16.843874109817342,13.378139707254325,29824.031270800737,10.303103295441703,50163.38672522244,10.823060626132438,103422.32848279024,11.546585829562948,29964.306268864904,10.307795533726583,50436.10890962125,10.828482471021822,104071.27379846839,11.552840877134154,30043.705677285492,10.31044174065699,50592.446565317674,10.831577332368413,104447.97083205303,11.556453913724614,train48.csv,train,0.132467063,Q3,2,3
4.221788724379016,10.903758458968634,118.89194853153003,11.69253815750985,8.7602552228755,39.790527,-34.365223,74.15575,0.45321854378351256,-0.06582601783324195,3.4030700973520234,1.3347257410526205,4.542165261426863,5.654415781620582,-24.318205,-14.942971,-8.84163,-0.24447884,3.0124047,9.683488,20.385284,23.982311,28.527493,9.92796684,38.925281999999996,52.845698,1.0,218.85699499070435,205.0181509272018,2927.7482220992506,3355063.662117631,0.10804461526071621,3.65751947290853,33.85193666670703,317064.5,37.360621,0.5237814099232901,3.5927754599999986,1.5263980000000004,1.0884590000000003,271557.88690097374,67889.47172524343,12.511934289500767,11.125650975647506,559394.926829909,98887.9865306953,13.234612778404054,11.501753151760669,894236.6817481943,132929.07805392204,13.703726882073292,11.797578540042108,1517715.9597677374,189714.49497096718,14.232717763536645,12.153280834036842,2709592.5697596036,284810.8348386189,14.812309207350172,12.559584012567457,5046467.341252588,446048.90975451894,15.434199218234575,13.008186130020462,9736208.676659588,723648.0394646756,16.091362449639824,13.492061801716947,19346213.41369068,1209138.3383556674,16.77800732076518,14.005419373870584,39404859.60128912,2070962.823893746,17.489399732174217,14.54352467228394,81954006.58260006,3621889.6124977157,18.221668764735714,15.102506716112929,372851702.0586812,11651615.689333787,19.73669131962148,16.270955499964728,197650.69985323012,12.194261669007759,469339.33502932533,13.059083445307083,1286837.4079445454,14.067698921542659,194779.78819989017,12.179630042123135,460791.9770984275,13.040704147575862,1257900.5200691698,14.044955430244366,193431.1146648634,12.172681901291863,456820.4037221285,13.032047792010234,1244604.469923304,14.034329146032315,train49.csv,train,0.476568618,Q4,2,3
3.5706925579457276,4.33470939054327,18.789705500464006,5.616008444067103,4.289090108728502,30.309528,-21.366919,51.676446999999996,2.6624945804640383,0.7497176864730493,5.396987602119776,1.3093705864431604,7.066656834197096,8.296645707725435,-6.932038,-2.9098299,-0.6266099,1.9669918,2.5962589,5.444969,9.484184,11.342224,17.064347309999743,3.4779772000000007,14.2520539,23.996385309999745,1.0,97.89146495149589,70.19112622587124,1379.8345403995534,1876298.0303908938,0.10181310606378725,3.7544047627590453,36.87545649164509,338251.5,23.7718478,0.30871218403133466,1.7389882,0.8716197000000001,0.6547779999999994,86693.38465382639,21673.346163456597,11.37014439312587,9.983884635724625,123840.64853259163,21892.14059098385,11.726759000529135,9.993928651718953,166733.9307552895,24785.147095820168,12.024160589411109,10.118040191240476,240716.3343264264,30089.5417908033,12.391378637490645,10.311966175138405,368896.6415366444,38775.48293341236,12.818274490332138,10.565569231888865,594174.9304609935,52518.14031750174,13.294930733719635,10.86893295961372,997313.5326857863,74125.77180990225,13.812821478314056,11.213532039014723,1732562.3154851014,108285.14471781884,14.365112555112962,11.59253249052796,3098653.5537226438,162852.91658990964,14.946478560315455,12.0006088607063,5681714.94861926,251098.69805860348,15.552763848703373,12.433605342670257,20326878.00423726,635214.9376324144,16.827454657058055,13.361720279331427,31418.978612814466,10.35519923112238,55446.30859816427,10.923188454146327,115747.80231773976,11.659177624747992,30957.92919232099,10.340416740294188,54425.628094508575,10.904608800115744,113133.83224699256,11.63633559211589,30734.269354303342,10.333166113067255,53932.42979604482,10.895505783491421,111875.5050306761,11.625150908274835,train50.csv,train,0.040152677,Q1,3,4
2.2539846677574595,8.875071333126463,78.76689116808313,9.156819210324558,7.3021790509364175,34.79791,-25.380417,60.178327,0.3075984950241786,-0.12826377090732174,3.800218084764876,1.2539844796890403,4.765414502932989,5.515212791143568,-16.75503,-14.54884,-12.225619,-2.269582,3.815867,6.676548,11.778096,18.6524,23.62825,8.94613,33.20124,40.38328,1.0,104.0872955810448,208.3249354733797,4413.55670552562,5542752.28297505,0.18374990095381616,6.511716628132693,35.437932726135536,340879.5,22.5560368,0.5543725228635955,3.0799134880000705,1.4433433,1.10959745,252504.5628645349,63126.14071613373,12.439188558601542,11.052906078337443,429900.8087579816,75996.44427758746,12.971312109867895,11.238454990776557,618559.1828339985,91949.37265955751,13.335149770582113,11.429004282874255,941362.066685287,117670.25833566088,13.755084174850367,11.67565006916863,1501765.0154653715,157853.60225728375,14.222152317190499,11.969429649451412,2489663.044936753,220057.20274304075,14.72765833762599,12.301647348268135,4257158.8477876615,316415.2244678671,15.264112793503417,12.664813791904395,7463382.359096595,466461.3974435372,15.825519402755726,13.052932690326267,13353228.984583411,701792.6490748867,16.40726885995696,13.461394692610234,24297373.9830716,1073802.36927847,17.005878877087614,13.88671745468078,83786809.43677941,2618337.7948993566,18.243786159708822,14.778050626895663,124333.38023082599,11.730729830009466,236496.0046042887,12.373690821312938,509197.7521350539,13.140593695024236,121973.91672386973,11.711570701952668,230650.60915077673,12.348663665552902,493932.7979876519,13.110156775018881,120847.90279262158,11.702296307005776,227870.4757691589,12.336537046229594,486698.9275492532,13.095403046960334,train51.csv,train,0.131487919,Q3,3,3
-7.762387359331533,9.741899090558999,94.90459789063425,12.456293807025595,10.078517681770595,26.325588,-58.13654,84.46212799999999,0.3503689914144865,-0.17333818119247596,4.667242187281856,1.2359251814576386,5.768362151853956,6.6555920910855235,-31.856127,-25.091501,-20.703638,-13.943267,-6.8555055,-2.4931526,5.1515946,8.757126,14.764928,11.4501144,33.848627,46.621055,0.0,302.48342150622204,213.5895109008381,3244.277535739286,3893444.7201778837,0.09453664911492787,3.2749766753602896,34.64240277256966,331590.5,42.6668727,0.5465670287397407,3.3929413999999998,1.4243550000000003,1.0884621999999995,292344.8889268022,73086.22223170055,12.585692931342475,11.199408831986888,602799.9070859062,106560.9754997663,13.309342250520848,11.576482024451533,965143.1596254614,143469.38905285072,13.780032757376729,11.873883944825364,1638218.872172318,204777.35902153974,14.309120766482263,12.229683497724007,2917638.033621555,306678.92043503275,14.8862852970619,12.633559878233097,5406072.629240042,477833.8269653279,15.503033625636997,13.077020401475597,10353920.319165763,769559.7319826982,16.152875877338982,13.553575153100864,20399453.59326224,1274965.84957889,16.831018722832642,14.058430735906366,41199257.07967307,2165269.2243383313,17.53393080638269,14.588055726566864,85067008.08160469,3759466.1418595947,18.258949846012673,15.139787787732658,384438789.8038883,12013712.18137151,19.767295142570244,16.301559320407538,191977.52952359582,12.165138819359054,440078.55476831895,12.99471079584259,1149395.5829198589,13.954747652126231,195946.8554168141,12.185603859024962,451666.66310404247,13.020701929759806,1187586.5809266944,13.987434564530684,198038.68857002747,12.196222736913162,457818.24621047644,13.034229726268899,1207989.7493142537,14.004468999595137,train52.csv,train,0.616000631,Q4,1,2
2.4206183837935353,4.1011244804160745,16.819222003868017,4.7622069845636945,3.9836001866861865,24.902828,-24.10774,49.010568,0.3889120328650617,-0.6709399681159286,5.229261984711682,1.1954530448425027,6.251337175029704,7.204459099183677,-8.941547,-5.148937,-3.397193,0.08078431,2.6828897,5.5103407,7.457668,7.997647,8.855704309999743,5.42955639,13.146584,17.797251309999744,1.0,65.20941231324767,148.09002773468836,3620.6022991359187,5186200.383612609,0.19687974276577574,7.451355233082278,37.847241818595926,358445.5,26.1443551,0.47403869788716974,2.0706291999999995,1.19900933,0.9779154999999999,159885.14478523543,39971.28619630886,11.982217245819724,10.595941647875714,207786.08957278472,36731.73824328786,12.244269226616039,10.511423686628145,261991.51648592018,38945.27193442613,12.476071219304464,10.569938332582604,356628.7755893096,44578.5969486637,12.784453479493255,10.705031565819215,524946.6601184027,55178.22058662187,13.171053841591316,10.918341722746218,832074.7140535046,73545.70909513634,13.631678718131027,11.205675981250662,1407615.6724957724,104621.66080758203,14.157408528985572,11.558115449669263,2513155.787580641,157072.23672379006,14.737050205180648,11.964467451512071,4683219.592256157,246131.4104358853,15.359496591958298,12.413624923912293,9021617.0089805,398702.91026987566,16.01513425610516,12.895974340870577,35931878.30673306,1122871.197085408,17.39713546239019,13.93140042233372,44591.64586996777,10.705324233604275,73308.5928520776,11.202446750417973,156088.25738939748,11.958183285361525,44573.29475255297,10.704912621014545,73345.56740908875,11.202950985053992,156268.46127220368,11.959337111984777,44569.3860622508,10.704824927833776,73379.89955575834,11.203418956702468,156414.29655785538,11.9602699063892,train53.csv,train,0.043912869,Q1,3,4
-4.151592993917771,16.033101690980494,257.0603498333216,16.56188619150816,11.811966460113801,36.620808,-53.751335,90.372143,0.9560558127268366,-0.2322161804825751,3.2454838987545562,1.402127768768429,4.5505831002822115,5.761464268046757,-45.753685,-38.576637,-23.54225,-9.804665,-3.3886895,1.9388236,18.278515,27.530443,30.574736,11.7434886,66.10708,76.32842099999999,0.0,141.22943154860062,150.491167341249,2781.893497332431,3548864.711009374,0.12426052152000729,4.438207920333373,35.71695874273264,332519.5,42.6030945,0.463696000321951,2.7254084360000004,1.301052000000002,0.9481529999999996,204779.33071282893,51194.83267820723,12.22969312609395,10.843413414711243,394153.0529657953,69677.07414437356,12.884497109235632,11.151640972573444,626520.5641053915,93132.83906620626,13.347938472686627,11.44179286732479,1076800.3246156091,134600.04057695114,13.88950546801264,11.81007042704662,1974986.961589487,207594.9320216782,14.496072860901053,12.24334883481058,3816952.533371487,337374.1274767688,15.154963158053972,12.728950728169123,7689862.11873757,571552.4215620386,15.855413541419319,13.25611323389745,16012999.010461507,1000812.4381538442,16.588911450957927,13.816323665456606,34241324.405256554,1799587.9341199854,17.3489438177543,14.403068826852667,74818302.06813946,3306533.0468278057,18.130573106436476,15.011411082982539,375750462.55893725,11742201.95496679,19.744435820286384,16.278699999988216,129024.84378446316,11.767768002692991,317675.44626079145,12.66878867920514,922023.6458659673,13.734327233055618,130616.86629355364,11.780031288103151,323309.72001315426,12.686369121262025,944549.6044701281,13.758464542540464,131509.84989636805,11.786844635913926,326463.82087503455,12.696077475722177,957155.4705886326,13.771722158207785,train54.csv,val,0.832608215,Q4,0,0
-3.1221952731780664,3.4789364726954495,12.102998981050655,4.674516264268006,3.5051964593677276,24.189056,-32.746876,56.935932,2.217870403939248,-1.1533425962722932,7.005404212680362,1.33359607802846,9.34237960302035,11.254375842744906,-13.418169,-11.35179,-7.6654744,-4.1449795,-2.94597,-0.9986429,0.4299639,1.4929154,3.5848038,3.1463365999999997,12.844705399999999,17.002972800000002,0.0,60.92664300527401,106.64877909003157,2107.8175269350895,2765319.4301962457,0.16238904735103207,5.881835590088048,36.22064225697226,335888.0,33.9081504,0.3868444301197408,2.0748812,1.0842105,0.7653251000000001,122532.78855420623,30633.197138551557,11.71614209586651,10.3298722174898,180441.42550894478,31897.838896085534,12.103167033622992,10.370324889868671,249231.96645899786,37048.55347489497,12.426143346307303,10.520011578691957,375541.67220170377,46942.70902521297,12.836127384746197,10.756704482585329,613297.9446361533,64465.00539087656,13.32660777081715,11.073893315641675,1074066.8516743444,94934.99428332684,13.886963728660923,11.4609581991289,1992573.801472255,148098.93386742656,14.504938230458658,11.905642553715793,3870020.7427143566,241876.2964196473,15.168770683262625,12.39618583696255,7790329.909747038,409428.78092188,15.86839389573126,12.92252069241147,16123410.752485026,712560.817433641,16.595782919825144,13.47662194867177,73359715.40720147,2292491.106475046,18.11088552013622,14.645150039911648,44978.33883777806,10.713958526378553,89595.49331766089,11.403071461117468,224372.29159064667,12.32106642411501,45606.067527529885,10.727817973131637,91283.25497754478,11.421733598015097,229849.5384691129,12.345184543929532,45929.88015919647,10.73489294019298,92160.9015563909,11.431302108924223,232718.832514251,12.357590573481007,train55.csv,train,0.055313708,Q2,2,2
-0.049221935796960964,5.317906304453788,28.28012746294935,5.31813409589425,4.4706224515747595,24.411146,-30.800001,55.211147,-0.4705622399829523,-0.5098763800360397,5.79150513821444,1.1895735194827786,6.889421163322931,7.796939841406074,-12.881734,-10.346129,-7.1473684,-4.03096,0.5764706,4.460062,5.929412,7.0953565,8.764087,8.491022000000001,17.4414855,21.645820999999998,0.0,49.12564375312439,173.16228644187095,3729.3603467036614,4607628.635527145,0.24787999983214296,8.712906370247211,35.1496949209967,337374.0,25.74179669,0.5035141266356655,2.6613001616,1.3306500587,1.0012384,201843.46154928752,50460.86538732188,12.215252687456726,10.828973189155874,320432.20957821305,56644.94707583585,12.677429139173967,10.944575720663554,445518.86672506365,66226.77577217434,13.006997119118829,11.10085522752651,656490.3952468014,82061.29940585018,13.394664865627364,11.31523398663516,1016686.1712792942,106865.9696083478,13.832060028183541,11.579340065248543,1640812.9782127151,145028.74794413827,14.310703004848776,11.884694158596075,2739157.156749445,203589.07374481647,14.823161189093494,12.223863808760852,4702060.544129504,293878.784008094,15.363511596922375,12.59092606476761,8263200.329905782,434280.9709963179,15.92732264061774,12.981449304873571,14818834.384841891,654906.1426751303,16.511409590725563,13.392248737659314,50230382.72918375,1569699.4602869921,17.732130655139287,14.266395369495715,80195.75510173172,11.292238332957917,140566.91054630844,11.853446000064443,282794.3692951745,12.552478838383838,80788.5387034667,11.299602764635281,141976.6162521362,11.863424692130954,286261.96127355314,12.564666112383762,81095.69520088346,11.303397489592369,142710.16601949057,11.868578048613161,288079.7737334366,12.57099618414752,train56.csv,val,0.0400505,Q1,0,1
-4.180757814310115,9.927059196753834,98.54650429585489,10.771501297301597,8.395257441328301,32.719772,-54.74838,87.468152,0.37554821831064356,-0.16450597666549083,5.082706526980424,1.2830459768207971,6.521346166857299,7.7835510234426994,-28.672052,-21.822393,-17.349495,-9.92159,-3.5863984,1.5370278,9.083983,12.761796,18.46266073999974,11.4586178,34.584189,47.13471273999974,0.0,317.7666508325465,230.54073038995912,3541.4305695419675,4310838.480520278,0.09568496404179382,3.3383756774425892,34.889240027632226,331939.5,51.2002468,0.5656502495029937,3.490732699999999,1.5263969999999993,1.0884627,305789.6239744846,76447.40599362116,12.630655911361155,11.244371360827492,637863.213621375,112759.35095527941,13.36588070836067,11.633020057632566,1035149.0355779225,153875.8247746838,13.85005693608668,11.943907722228357,1792025.3560572828,224003.16950716035,14.398857580030109,12.319419944535193,3275579.613055446,344302.8943120593,15.00200569776725,12.74927996007316,6266353.71034219,553872.6502370557,15.650705357628445,13.224691871553762,12459492.318280764,926057.307138827,16.337993405832286,13.738692478318598,25610779.562629852,1600673.7226643658,17.058523936533177,14.285935799984081,54199018.03958405,2848484.998734852,17.808173367345425,14.862298182578888,117702225.5470588,5201752.615317112,18.583668489188867,15.464506360415976,593621802.6666217,18550681.333331928,20.201752980387177,16.73601712980925,214522.06387177264,12.276172535447659,519838.17746593396,13.161274768618538,1462915.7355202332,14.195942764862622,217387.29914842919,12.289440430456448,530056.2943942447,13.180740382316287,1504024.951183984,14.223656038119646,218927.6271374744,12.296501052198705,535574.135954502,13.191096468933125,1526312.934954035,14.238366193753455,train57.csv,train,0.728839308,Q4,1,1
-2.8718219804199823,3.1134811558490036,9.693764907826848,4.2356966835516205,3.1364714964292713,20.692476,-23.079866,43.772341999999995,0.931287789363854,-0.932629966633163,5.44889487369021,1.350465539020237,7.358544770035347,9.073454469486718,-11.935883,-9.002136,-7.586285,-4.5930133,-1.8973684,-0.84292054,0.16475748,1.0236223,2.6775749,3.75009276,10.0257583,14.6134579,0.0,46.758405687177394,113.94226824388349,2465.8783147186678,3275095.6954289745,0.19926443720669837,7.261995463914973,36.44401161827991,343115.0,23.78035105,0.40745238771059994,2.070629366,1.08846235,0.8673685000000001,128721.45902917118,32180.364757292795,11.765413885190839,10.37914282975563,178225.8279233735,31506.172876801033,12.090812332201285,10.357970509266288,235076.44608728425,34944.322782069,12.367670296652276,10.461539912728464,335152.61897204065,41894.07737150508,12.722344269794464,10.642923613841363,514064.860231683,54034.4122720905,13.150106668975468,10.897394893431311,841028.1484398892,74337.08836632651,13.642381597617117,11.216378728781933,1452402.4430222784,107950.45744308922,14.188730289093922,11.58943693694574,2620120.4638283085,163757.52898926928,14.778731234902489,12.006148237571752,4892219.815597588,257115.63159807507,15.403156912873039,12.457285080380219,9383134.503254239,414679.87725228374,16.054424540525073,12.935264532926958,36581268.313969515,1143164.6348115474,17.415046899996092,13.949311844624228,40403.95209547078,10.606707633057905,71047.93820729299,11.171124189110877,155069.52399919182,11.95163528596638,40883.490240355844,10.618506058384703,72096.0147872988,11.185767918633617,157810.83318894688,11.969158673105524,41129.59792141857,10.624507598473985,72637.87746407653,11.193255559742726,159238.52270262726,11.97816477976379,train58.csv,val,0.031759612,Q1,0,0
-4.1601134178562,8.937519964370978,79.8792631135298,9.858286198064905,7.625115874156493,25.17069,-36.680332,61.851022,1.1277142432681648,-0.10021894127263216,3.7207615224228743,1.2928703442459812,4.810462235231676,5.665366720950857,-27.45391,-22.147657,-14.103241,-7.2748404,-4.1157484,-0.53997934,8.903282,13.571765,16.280165,6.73486106,35.719421999999994,43.734075000000004,0.0,82.48059500309293,133.21850908324092,3349.824697163455,4674657.2243679445,0.17059696554105638,6.372871291774864,37.35629922804644,351873.5,28.66142366,0.4687254921007549,1.9558307999999998,1.1947573,0.9779149999999994,154520.5368178594,38630.13420446485,11.948088762484444,10.56181381594546,205867.64669162885,36392.602250641765,12.234993606975243,10.502148275831814,266030.34526497585,39545.64742446747,12.491369420163341,10.585236201574151,373751.9653917899,46718.99567397374,12.831350337814193,10.751927524907364,570039.3544250451,59918.00621119526,13.253462434541648,11.000749032793138,936528.5689234114,82778.21273258464,13.749936374231597,11.32393225489974,1638503.9884015904,121782.5375604692,14.309294791609256,11.710000465520993,3015838.354566797,188489.89716042482,14.919388742290456,12.14680499377803,5777123.631649395,303622.65952071856,15.56941664829725,12.623544251377375,11417691.969225978,504595.4635586797,16.25067472507876,13.131514306759223,47768239.02950334,1492757.4696719793,17.68187154209802,14.216136288264842,45274.66108045343,10.7205248840907,79318.83623918353,11.281243518072644,177762.66965568982,12.088210248538019,45721.28317635193,10.730341054902294,80382.17203912008,11.29456013026411,181045.91743510257,12.106511489006879,45957.404056109895,10.735492006732056,80946.75788412374,11.301559261182033,182794.33671356307,12.116122427357116,train59.csv,train,0.09153768,Q2,3,4
-0.5679753604584992,2.9962477681142414,8.977500687929574,3.0496059906187116,2.151024643265128,22.888002,-26.675299,49.563300999999996,2.06802707548304,-1.2002406324467225,8.74712962742992,1.417745717600024,12.401205611246006,15.437973004513022,-9.740356,-6.696063,-5.3737516,-1.7682198,0.39169762,1.280325,2.0328946,2.8024716,5.098447,3.0485448,9.4985346,14.838803,0.0,52.95698041691391,134.0520752961451,3029.4792258574116,4055129.7028147895,0.2067302343718994,7.563492531584115,36.5862910921591,342004.5,27.6197314,0.4545190443707028,2.0748813,1.19475747895,0.8758723000000002,144391.89533528563,36097.97383382141,11.880293302951255,10.49401971826104,190900.41217954812,33746.74399586637,12.159512407169705,10.426668849499556,244238.37863823335,36306.25220416446,12.405904083343263,10.49977278553722,338068.21867366345,42258.52733420793,12.731005942474091,10.651585106398741,506103.7091507409,53197.599346433315,13.134498861942008,10.881787346908585,814719.1478488176,72011.67927580305,13.610599956383046,11.184597483547043,1396683.1252532052,103809.09437220926,14.149611503333377,11.550318493272798,2521378.0209784824,157586.12631115515,14.74031654035859,11.967733767226521,4742127.116411216,249227.35580422665,15.371996562621524,12.42612484675853,9207452.431678237,406915.75324326556,16.035523869637547,12.916363906018253,37163964.32128367,1161373.8850401146,17.43085017561632,13.965115106957592,41302.78303296141,10.628709373615255,69731.7739674395,11.15242570097319,151152.28327260382,11.92604972192077,41607.27675992977,10.636054387034559,70448.23958781772,11.162647723625106,153144.9645157603,11.939146762032989,41764.74758568473,10.639831846842682,70822.59850301758,11.167947536335157,154197.57214213072,11.945996480289836,train60.csv,train,0.038279074,Q1,1,2
-0.2008813702499811,8.723115161305946,76.09273811740566,8.725427865859597,6.376372944491945,33.445236,-31.943287,65.388523,0.45094151588148623,0.16749485617225005,3.833076896152224,1.3683998611958261,5.245181898659007,6.554267230111675,-18.27373,-16.326405,-14.2557745,-2.8694377,-1.3642982,4.4861865,10.455723,17.39467,21.837807,7.355624199999999,33.721075,40.111537,0.0,53.86571284581355,108.63175045306699,2416.656755661171,3310405.5800713147,0.18097482372636925,6.698094639875363,37.01119582581072,343529.5,31.34431384,0.41089081419873696,1.9515790999999993,1.0799585999999999,0.8673674,129202.3572282121,32300.589307053026,11.769142854731525,10.38287171255297,184641.33798620116,32640.285544350027,12.126175924625306,10.393333193852392,251602.6010383733,37400.95041350307,12.435610116259152,10.52947813213652,373717.888255986,46714.73603199825,12.831259158097764,10.75183634689868,599461.7065304334,63010.65001291446,13.303789043892435,11.051074909117832,1025178.7248043227,90613.85352966422,13.84037849645667,11.414373424836889,1845158.385176775,137142.21749744698,14.428076219355257,11.828781041970805,3456626.380777614,216039.1487986009,15.055803926220637,12.283219543461454,6682067.76699575,351182.9269843199,15.714938193225073,12.769065373705827,13244364.127962738,585323.7304616442,16.39908274658084,13.279922067012091,55119217.25460311,1722475.5392063472,17.825009001960307,14.359273661577687,47509.64815252909,10.768709136532218,92534.59345037576,11.435348643544385,220124.41071009566,12.301952711600721,47210.52311692586,10.762393275611007,91793.45406471998,11.427307161545285,218412.86483604298,12.294147004519399,47073.88212259962,10.759494849488222,91460.93952099877,11.423678203208484,217688.29928716208,12.290824092533455,train61.csv,val,0.103184684,Q3,0,0
-2.077740382822966,3.4573337253579157,11.953156488497244,4.0336288360371695,2.6895683431628887,22.15616,-30.442932,52.599092,1.4245500736507886,-1.1806359068918264,7.547281408875434,1.49973092570549,11.3188913619539,15.275818654608067,-12.10064,-9.791909,-7.8190713,-3.2526317,-1.0842105,0.004251806,1.1862539,2.1514137,3.8478844,3.256883506,11.9433227,15.9485244,0.0,48.92204002630576,142.97410578921853,3318.9643812702925,4502347.934957615,0.22363037163568855,8.236619741705352,36.83140032494023,349135.5,31.7397329,0.4687081344008515,2.168421,1.1309803,0.8758720999999999,156730.6272717585,39182.65681793963,11.962290241237987,10.576015020934415,217605.52091339504,38467.58486537318,12.290443760947792,10.557597209662234,289089.88609429554,42973.4686773328,12.574496402409952,10.668361466645425,418264.12539095944,52283.01567386993,12.943870781712125,10.864445975688694,656357.7731857513,68991.1123244761,13.394462828769404,11.14174746290701,1106457.9348625713,97797.98860487345,13.916675325143403,11.490669514505974,1979424.246959416,147121.58738081506,14.498317081218097,11.899021445996958,3712972.372015946,232060.77325099663,15.12734356157841,12.354758879219393,7227642.717569195,379856.1782461594,15.793423637499455,12.847550614333855,14481584.628115607,640001.6683042133,16.488388443630758,13.369227624552497,61948280.06461608,1935883.7520192524,17.941810418513484,14.476075016131068,50379.48837835863,10.827359243753197,92998.51965393955,11.440349607110651,217495.1023684232,12.289936209205127,50989.296159953024,10.839390622229098,94520.92018383276,11.456587046200639,222072.5781374789,12.310764038994321,51303.30094750384,10.845529866777186,95310.59298234597,11.464906729487792,224463.19989283243,12.321471507492195,train62.csv,train,0.046122257,Q2,2,3
2.4753409510687208,2.9379934120522764,8.631805289262577,3.841759767775749,3.0432981622853608,22.458038,-14.962105,37.420142999999996,1.3568236730680132,0.2423629416394633,5.845768423605719,1.2623671918715689,7.379506288447302,8.636738462863795,-4.604706,-1.9685862,-0.99492264,0.7610733,2.257709,4.090237,6.2969246,7.7127757,10.12355,3.3291637,9.6813619,14.728256,1.0,89.52529100783609,120.12588534065321,2409.461050721555,3169616.5091601554,0.14303544763059461,5.187846104397885,36.26965336642975,349129.5,21.1484818,0.4124637783550288,2.1769244999999997,1.0884623,0.8673684399999999,140172.79331354616,35043.19832838654,11.8506383125264,10.464365353180883,205672.1253511527,36358.038634212426,12.234043417378613,10.501198107738688,277138.97835052555,41196.95561237875,12.532277994535237,10.626143913047684,397457.9322515996,49682.24153144995,12.892846892648837,10.81342296269638,600715.5190153609,63142.44081591145,13.305878420069536,11.053164255652705,947359.7771508433,83735.56533084222,13.761435268098449,11.335431022859524,1545562.9891136768,114874.6564586786,14.25089944320007,11.65160557418946,2590736.7851971285,161921.04907482053,14.767453252260527,11.994870319860482,4439200.6456302665,233306.74434390417,15.305985108698001,12.360113652246003,7746586.237296317,342353.97871491296,15.862762947866248,12.743603427206464,24666612.000469435,770831.6250146698,17.020961186841323,13.555226540800298,50847.15989252145,10.836599213850878,86217.05094338467,11.364634842424932,167923.14860396937,12.03126766002526,50443.6759411303,10.828632488818085,85349.84169860133,11.354525589903325,165808.87225285935,12.018597063052201,50247.70997866094,10.82474015352534,84931.51066811371,11.349612227953905,164795.15180504217,12.012464545487317,train63.csv,train,0.03208265,Q1,2,2
4.59035704894101,6.6629947883108125,44.39549954905705,8.091160447415406,6.38895774852583,51.983112,-27.402357,79.385469,0.171922475679954,0.28575920161844265,6.424679410770848,1.2664288532222723,8.13639938855918,9.440985470232157,-9.476745,-6.4196954,-4.6849585,1.6842467,3.5295303,8.669964,13.474504,17.63277,20.711079,6.9857173,24.052465400000003,30.187824,1.0,136.65615177006143,227.04579620454183,3741.14275771177,4371236.520254008,0.15306910195492157,5.232238678146244,34.18220014036162,330281.5,52.692632159999995,0.5430532237808083,3.5970275739999997,1.420103000000001,1.0842104,283273.98170557275,70818.49542639319,12.554173371666902,11.16788960090729,561213.7570728578,99209.51333034938,13.237858922432892,11.504999268810074,876214.9452410224,130250.13089404293,13.68336785237145,11.777219642065774,1451753.8415454715,181469.23019318393,14.188283618200646,12.108846898259939,2536248.5269615715,266590.2868143124,14.746196983611181,12.493472003575674,4649542.759427628,410965.4018260109,15.352279656497702,12.926266742754903,8913987.24378061,662536.0658342122,16.003132313638837,13.403831783706458,17827354.07325045,1114209.6295781531,16.696244637458786,13.923656756622208,37109038.97445746,1950303.615445728,17.429371162975865,14.483496131389034,80199683.7120786,3544358.7626141924,18.200030141558177,15.080868098707986,414045410.7680602,12938919.086501881,19.841486216035065,16.37575038810635,192161.34186682958,12.16609582430673,447114.01550287113,13.010571145873906,1261089.4191469525,14.047487316695975,188381.77154842962,12.146231190809347,434160.72975885164,12.981172392880012,1207683.1788814848,14.004215181971883,186575.63676338733,12.136597354644412,428037.9957869419,12.966969582065254,1182737.2204869604,13.98334283401616,train64.csv,train,0.280285955,Q3,1,1
