filename,speed_mps,speed_kmh,is_moving,s1_vib_rms_mean,s1_vib_rms_std,s1_vib_rms_max,s1_vib_rms_p90,s1_vib_rms_min,s2_vib_rms_mean,s2_vib_rms_std,s2_vib_rms_max,s2_vib_rms_p90,s2_vib_rms_min,s1_shk_rms_mean,s1_shk_rms_std,s1_shk_rms_max,s2_shk_rms_mean,s2_shk_rms_std,s2_shk_rms_max,vib_rms_all_mean,shk_rms_all_mean,vib_ratio_mean,vib_diff_mean,vib_norm_diff,vib_ratio_max,vib_diff_max,shk_ratio_mean,shk_diff_mean,shk_norm_diff,s1_v_ptp_mean,s2_v_ptp_mean,v_ptp_ratio,v_ptp_diff,s1_vib_speed_norm,s2_vib_speed_norm,all_vib_speed_norm,cars_s1_dominant,cars_s2_dominant,car_diffs_mean,car_diffs_std,car_diffs_max,car_diffs_min,psd_s1_low,psd_s2_low,psd_ratio_low,psd_diff_low,psd_sum_low,psd_s1_mid1,psd_s2_mid1,psd_ratio_mid1,psd_diff_mid1,psd_sum_mid1,psd_s1_corrug_classic,psd_s2_corrug_classic,psd_ratio_corrug_classic,psd_diff_corrug_classic,psd_sum_corrug_classic,psd_s1_corrug_high,psd_s2_corrug_high,psd_ratio_corrug_high,psd_diff_corrug_high,psd_sum_corrug_high,psd_s1_impact,psd_s2_impact,psd_ratio_impact,psd_diff_impact,psd_sum_impact,peak_freq_s1,peak_freq_s2,spec_centroid_s1,spec_centroid_s2,spec_centroid_diff,s1_kurtosis,s2_kurtosis,kurtosis_diff,label
Train1.csv,1.7505652397503122,6.302034863101124,1.0,0.18095298709872332,0.07769635080889484,0.3840411962027764,0.3104700482141041,0.07140247259854118,0.16298674798024687,0.0739916855669265,0.31079319715670684,0.2799865507773408,0.048421463311295675,1.159310416607182,0.6815640303634248,3.0295698484385523,1.2695629835008169,0.5939185266087196,2.566770905087704,0.1719698675394851,1.2144367000539993,1.1102244760179993,0.017966239118476446,0.05223643868281937,1.235676855347262,0.07324799904606955,0.9131563526324911,-0.11025256689363494,-0.04539245293570249,1.24053955078125,1.16424560546875,1.0655298842651837,0.0762939453125,0.06578756412814614,0.05925572883159184,0.06252164647986899,4,1,0.01796623911847644,0.04063646241566617,0.06723004660143325,-0.05264060408105295,7.530200319028199e-05,6.611374590344996e-05,1.1389592769553791,9.188257286832024e-06,0.00014141574909373196,4.1717991010371395e-05,3.548319049973659e-05,1.175678250591093,6.234800510634805e-06,7.720118151010799e-05,4.574184052853821e-06,4.744249293532683e-06,0.9639502099685243,-1.7006524067886173e-07,9.318433346386505e-06,5.397095737137445e-07,5.448399099003658e-07,0.9887689850532543,-5.130336186621364e-09,1.0845494836141103e-06,3.1557973756606394e-07,3.0081580648944046e-07,1.0456037450016886,1.4763931076623474e-08,6.163955440555045e-07,48.828125,48.828125,126.93703839742028,127.84295943665629,-0.9059210392360058,0.13006079196163745,-0.03422292582033748,0.16428371778197493,Normal
Train2.csv,13.35176877775662,48.06636759992383,1.0,0.7341673182253038,0.5491836938168576,2.433666822092629,1.365421233233661,0.07196642824139074,0.7580836250687051,0.6055113930128907,2.4437336135763656,1.5943175386921178,0.10005536930712444,1.4089340161981192,0.7706447050707945,3.1800844755438495,1.6469108904674274,0.6574514576156317,2.9183216647557173,0.7461254716470045,1.5279224533327733,0.9684503470292203,-0.02391630684340129,-0.01602698991338436,0.9958801616886694,-0.01006679148373646,0.8555005427753848,-0.23797687426930825,-0.07787594058660567,8.9569091796875,9.833145141601562,0.910889460067422,-0.8762359619140625,0.05115518021466232,0.052821616401989166,0.051988398308325745,4,3,-0.023916306843401285,0.4016897128437766,0.4382513367204799,-0.8273693817143075,0.001226463935091043,0.001803775219382294,0.6799424018967538,-0.0005773112842912512,0.003030239154473337,0.0005413288460349476,0.000605881024097882,0.8934558618750081,-6.455217806293435e-05,0.0011472098701328297,0.00036107303747907725,0.0003935995393319673,0.9173591024339122,-3.2526501852890035e-05,0.0007546725768110445,0.00013945709397823609,0.000154059855296899,0.9052078395221214,-1.4602761318662904e-05,0.0002935169492751351,1.9105674279105875e-05,2.1244359327555522e-05,0.8992869447176426,-2.138685048449647e-06,4.03500336066614e-05,48.828125,58.59375,199.79333094792273,177.25323272562548,22.540098222297246,1.1164991065716263,2.032942443483413,-0.9164433369117866,Side II
Train3.csv,17.802358370342162,64.08849013323179,1.0,0.4507153741808731,0.190840166687259,0.9045373172658663,0.7645901738778442,0.07815875277959994,0.46724919529302283,0.1925559099565028,1.0701833424290534,0.7325701895832083,0.20783050573832515,1.44318853393322,0.5855106702781843,2.982812025310944,1.6177419476613566,0.5503173479726683,2.8324956210658945,0.45898228473694797,1.5304652407972883,0.9646124896710201,-0.016533821112149738,-0.018011373914193312,0.8452163626434588,-0.16564602516318716,0.8921000311078617,-0.1745534137281366,-0.05702624014216871,5.1219940185546875,5.47332763671875,0.9358096979949139,-0.3513336181640625,0.023971214956300776,0.02485056321605043,0.024410889086175603,3,5,-0.016533821112149766,0.12322552139369944,0.2026457156040536,-0.2056974657926986,0.00036293676689458815,0.00038366350332958614,0.9459743180431996,-2.072673643499799e-05,0.0007466002702241742,0.00010909309135208886,0.00012469785078752458,0.8748524197546416,-1.5604759435435716e-05,0.00023379094213961345,0.00015991063423579337,0.00020091452076352744,0.7959098113878629,-4.1003886527734077e-05,0.00036082515499932083,0.00014523132278770906,0.00013326381631401254,1.0897949421661288,1.1967506473696521e-05,0.0002784951391017216,1.2700786903946799e-05,1.3743270301905872e-05,0.9240786615049053,-1.042483397959073e-06,2.644405720585267e-05,48.828125,68.359375,294.8675925443564,293.8068931889374,1.0606993554189899,1.2845433367125665,0.8324100544151718,0.4521332822973947,Normal
Train4.csv,12.758356832078547,45.930084595482775,1.0,0.3838545943981956,0.16328733184431288,0.8093109267512116,0.591015315050747,0.07815570228015624,0.4728718442769444,0.2498480909922114,1.191041815630241,0.8411650834027536,0.12357085545199836,1.3430514604675532,0.6439409499982077,3.0488185870200404,1.4537966569258653,0.5674899384323058,2.549632954594369,0.42836321933757,1.3984240586967092,0.8117501333474458,-0.08901724987874882,-0.1039038156830915,0.6794977612311648,-0.3817308888790293,0.923822826422426,-0.11074519645831216,-0.03959641432553338,4.468536376953125,5.8780670166015625,0.7602049456271236,-1.4095306396484375,0.027899741159730092,0.03436979066965406,0.031134765914692074,2,5,-0.08901724987874877,0.1899024983487154,0.09549857645652055,-0.5360228836964797,0.0004154036584178285,0.0005775475271161187,0.719253255639088,-0.00016214386869829023,0.0009929511855339473,9.342343950441297e-05,0.00015084678662786465,0.61932257405198,-5.742334712345168e-05,0.0002442702261322776,6.399567722997525e-05,8.745669238224974e-05,0.7317329726728955,-2.3461015152274493e-05,0.000151452369612225,3.3969832811783795e-05,3.897328399071546e-05,0.8715960713961073,-5.003451178931664e-06,7.294311680249925e-05,3.5080237633016374e-06,4.946438763691589e-06,0.7090585514764584,-1.4384150003899514e-06,8.454462526993227e-06,58.59375,48.828125,164.97873246402088,160.13610207206887,4.842630391952014,0.21440862119793325,1.1357398832819356,-0.9213312620840024,Normal
Train5.csv,0.0,0.0,0.0,0.07115181601479528,0.028787405117175466,0.12616963340256127,0.12070541382647207,0.024983591416925844,0.05509809552619185,0.02381040880811903,0.13511650735949152,0.08016017003059288,0.01977576738163482,1.3331840227179033,0.39177243993657584,2.2894807114539444,1.449386149423659,0.5274249255869048,2.8152391049665697,0.06312495577049357,1.391285086070781,1.2913427223314877,0.016053720488603436,0.12715726399639993,0.9337770942360291,-0.008946873956930251,0.9198260266403194,-0.1162021267057558,-0.04176070242843875,0.3482818603515625,0.350189208984375,0.9945505368686718,-0.0019073486328125,0.07115181601479528,0.05509809552619185,0.06312495577049357,3,0,0.016053720488603436,0.01738004666618604,0.04376117846968247,-0.005371529152393008,8.23270134995477e-07,1.1217983852279545e-06,0.7332306011718512,-2.985282502324776e-07,1.9450685202234316e-06,6.481110841526214e-07,1.3271422375822276e-06,0.4879831887075993,-6.790311534296061e-07,1.975253321734849e-06,4.783953867729173e-07,5.772637940013573e-07,0.8272961090346155,-9.886840722844e-08,1.0556591807742746e-06,1.3348663057832854e-07,1.6921502828756082e-07,0.7842235313841771,-3.572839770923228e-08,3.0270165886588934e-07,2.7600745921496303e-07,3.463881567857846e-07,0.7945217872961681,-7.038069757082155e-08,6.223956160007477e-07,87.890625,273.4375,783.9581811058182,700.3026670074164,83.6555140984018,0.546859000808674,0.4070990457654231,0.1397599550432509,Normal
Train6.csv,5.4593899002382615,19.653803640857742,1.0,0.29870172905306847,0.11591505293210715,0.515921088661813,0.4435503094271906,0.07883767273380293,0.33417407130196725,0.14720948280175183,0.811859694682419,0.5035606598371051,0.11628919258661398,1.2720498169812338,0.6619581306822333,3.4058629984135806,1.4387560091802043,0.532294657089711,2.6160276575881225,0.31643790017751783,1.355402913080719,0.8938480296848823,-0.03547234224889878,-0.05604936415586613,0.6354798206650825,-0.29593860602060607,0.8841310998763028,-0.16670619219897054,-0.06149689110641283,2.8614044189453125,3.2978057861328125,0.8676689098274162,-0.4364013671875,0.04624302506372166,0.05173461835608358,0.04898882170990261,3,5,-0.035472342248898794,0.09669054600128865,0.09291137895544582,-0.1609112779812406,0.000171172299436745,0.00035791466906279565,0.47824757123643313,-0.00018674236962605066,0.0005290869684995407,8.352069636301264e-05,0.0001173140562459534,0.7119350152968413,-3.379335988294077e-05,0.00020083475260896603,2.8948632675302886e-05,4.140164065396871e-05,0.6991977375850777,-1.2453007978665825e-05,7.03502733292716e-05,6.580734895957925e-06,6.957926058376046e-06,0.9456538035832533,-3.771911624181212e-07,1.3538660954333972e-05,2.885918433254758e-06,2.31459365714985e-06,1.2462974340700572,5.71324776104908e-07,5.200512090404607e-06,58.59375,58.59375,171.73429128604323,132.3742505750756,39.36004071096764,0.018689333997555124,0.606450619963415,-0.5877612859658599,Normal
Train7.csv,18.128734940465097,65.26344578567435,1.0,0.4521344143392017,0.25103117949086645,1.2973584916927667,0.6803041906372281,0.07781175758589808,0.46283550366804954,0.2574058528095073,1.2483790676397881,0.8879777945209629,0.18577653825975446,1.2984913227381043,0.5936951350471952,2.8438955049703187,1.4390367181063786,0.4929957481822656,2.456320179113849,0.4574849590036256,1.3687640204222413,0.9768771710009212,-0.010701089328847835,-0.011695551321078194,1.0392335838440439,0.048979424052978615,0.9023330704957349,-0.14054539536827426,-0.05134023905182694,6.43310546875,6.42852783203125,1.0007119259846742,0.00457763671875,0.023636399152708865,0.024195823984625515,0.02391611156866719,3,3,-0.010701089328847807,0.2001298352220611,0.2630102336682741,-0.4130432148758024,0.00042361826065683895,0.0004531031984489676,0.9349245981541051,-2.9484937792128652e-05,0.0008767214591058066,6.706960984084321e-05,6.94843728906689e-05,0.9652335024001849,-2.414763049825698e-06,0.0001365539827315121,0.00018202057232331038,0.00014014273756960798,1.2988134573826575,4.187783475370239e-05,0.0003221633098929184,0.00017491392124200644,0.00022469608056129156,0.7784432303484888,-4.978215931928512e-05,0.00039961000180329797,9.190438532469363e-06,8.004489614748359e-06,1.1480170451458702,1.185948917721004e-06,1.719492814721772e-05,48.828125,48.828125,301.69621817255404,306.6394029224389,-4.943184749884836,1.9893598520095876,1.8383160441976898,0.15104380781189786,Normal
Train8.csv,12.936380415781969,46.57096949681509,1.0,0.35372314250038644,0.13749473891797948,0.6322991207841863,0.5348641334764401,0.07194571955011968,0.36591821052168017,0.11250819697527288,0.7161849629664907,0.4641462195193035,0.1691486700316354,1.2373228412246837,0.4771448158241724,2.183325626514995,1.3801221588546988,0.5445970458704001,2.271549699521337,0.35982067651103333,1.3087225000396914,0.9666700526493098,-0.01219506802129372,-0.016946012099040227,0.8828700274509158,-0.08388584218230444,0.8965307431341718,-0.14279931763001508,-0.054556738754375146,4.154205322265625,4.4429779052734375,0.9350045118006158,-0.2887725830078125,0.02538127777423612,0.026256330525198896,0.02581880414971751,2,4,-0.012195068021293727,0.08419375248007575,0.10803295979822625,-0.1375904915205886,0.0003087895961687143,0.00038718141492343915,0.7975300123838885,-7.839181875472485e-05,0.0006959710110921534,0.00011756825083455729,0.00010074968088960664,1.1669226430675719,1.681856994495065e-05,0.00021831793172416393,5.7218725252057134e-05,4.105857699416598e-05,1.3935536954067294,1.6160148257891154e-05,9.82773022462231e-05,5.271386114151144e-05,5.0639203686848666e-05,1.04094883716278,2.0746574546627743e-06,0.00010335306482836011,3.7280257827357555e-06,3.3334954174460367e-06,1.1180179655460831,3.9453036528971886e-07,7.061521200181793e-06,107.421875,58.59375,199.29959453330483,173.79369155807274,25.50590297523209,-0.05075834096653509,0.29766823206030235,-0.34842657302683744,Normal
Train9.csv,5.429719302954359,19.546989490635692,1.0,0.2649049121010775,0.09631047708931831,0.4380907259988502,0.4215181509649156,0.07238862164115352,0.3102120341454949,0.11773178771357753,0.6093494581102588,0.45053224994464725,0.1395750052781252,1.2106595382654795,0.6353529943504045,3.047155763454766,1.3358340714120458,0.5249099235845719,2.56942891815724,0.2875584731232862,1.2732468048387626,0.8539451375109947,-0.04530712204441739,-0.07877883543733602,0.7189470692407027,-0.17125873211140857,0.9062941707210537,-0.12517453314656635,-0.04915562462644199,2.51617431640625,3.16925048828125,0.7939333075049916,-0.653076171875,0.041200074158658485,0.048246590485366475,0.04472333232201248,2,5,-0.04530712204441742,0.07474405054308006,0.0624888427285718,-0.1444723482674366,0.00019101647534476668,0.00028787164738831536,0.6635450678546125,-9.685517204354867e-05,0.00047888812273308207,4.210348094300108e-05,6.974798834821065e-05,0.6036428906008815,-2.7644507405209573e-05,0.00011185146929121174,1.740242844038377e-05,3.104980561589236e-05,0.5604501427646339,-1.3647377175508592e-05,4.8452234056276133e-05,4.0079066017496884e-06,4.070299538586101e-06,0.984429311516974,-6.239293683641224e-08,8.078206140335788e-06,1.3066083322520934e-06,1.1972758007205483e-06,1.0904070093599507,1.0933253153154505e-07,2.5038841329726415e-06,58.59375,48.828125,128.3017271140241,124.07428116135904,4.22744595266505,0.29079692780767274,0.7185826728340539,-0.4277857450263811,Normal
Train10.csv,8.57480261504814,30.869289414173306,1.0,0.23154708355903172,0.08451492495581012,0.4856724129487204,0.29473033212599326,0.07204713526264901,0.22357225289967897,0.06085875905516066,0.3810057138855571,0.31011939464116606,0.10014818358409595,1.281947751498946,0.6372305394456452,2.9998475423459365,1.393873911681862,0.5743439740841422,2.533675882759111,0.22755966822935536,1.337910831590404,1.03566540521254,0.007974830659352755,0.01752246608315699,1.274708280060917,0.10466669906316328,0.9197007139988884,-0.11192616018291601,-0.04182869131165328,2.0603179931640625,1.8642425537109375,1.1051764073759687,0.196075439453125,0.02418296155736131,0.02335006390087916,0.023766512729120236,3,2,0.007974830659352741,0.03074621462848192,0.06095618211926487,-0.042521750283696313,9.03643522807164e-05,5.928181743964207e-05,1.524292470962932,3.1082534841074334e-05,0.00014964616972035848,1.5923866296242576e-05,1.2002948731927878e-05,1.326552341388178,3.920917564314698e-06,2.7926815028170452e-05,4.070915511939206e-05,3.961658227177843e-05,1.027552737573065,1.0925728476136328e-06,8.032573739117049e-05,3.468799125058603e-05,3.78453649449545e-05,0.9165475020134125,-3.1573736943684696e-06,7.253335619554053e-05,1.5549664916032721e-06,1.3572070436205195e-06,1.144867050209266,1.977594479827526e-07,2.9121735352237917e-06,68.359375,58.59375,315.9967496475753,369.3616086386856,-53.36485899111028,0.554308819214441,0.23220318599363843,0.32210563322080255,Normal
Train11.csv,0.0,0.0,0.0,0.07136734885179821,0.028803160488314702,0.12818766201386614,0.12046952237315857,0.02641856521458795,0.05590059566354382,0.024020626022442315,0.13494965524067606,0.08164026971511416,0.01868353826573209,1.4085757216607042,0.5142285865793111,2.898793152429962,1.559692572335654,0.5551044219534743,2.8134192527434334,0.06363397225767102,1.484134146998179,1.2766603171998607,0.015466753188254391,0.12152810135382164,0.9498854361636959,-0.006761993226809926,0.9031105511009772,-0.15111685067494984,-0.0509107616955779,0.336456298828125,0.3719329833984375,0.9046129524219714,-0.0354766845703125,0.07136734885179821,0.05590059566354382,0.06363397225767102,3,0,0.015466753188254384,0.017192323249680546,0.040654373482749064,-0.007783924188458122,7.995399249021103e-07,1.0446236737966965e-06,0.7646536176815437,-2.4508374889458613e-07,1.8441635986988068e-06,6.643592473654824e-07,9.626233706923704e-07,0.6894387035135265,-2.9826412332688807e-07,1.6269826180578529e-06,3.8784515283924714e-07,4.5116346319968335e-07,0.8577542955255716,-6.331831036043621e-08,8.390086160389305e-07,1.4765593919920227e-07,2.032111940612854e-07,0.7230550699139909,-5.5555254862083126e-08,3.5086713326048767e-07,3.0650282626073784e-07,3.4881737161795115e-07,0.8761795471823544,-4.231454535721331e-08,6.55320197878689e-07,87.890625,87.890625,850.9381911015688,800.1823171609378,50.75587394063098,0.962506720487339,0.4335035916975909,0.5290031287897481,Normal
Train12.csv,14.449580877261054,52.018491158139796,1.0,0.38049864868875094,0.2018708427693586,0.8673975234833895,0.7038532982963135,0.06524643929218776,0.46368367298571345,0.4438731275500906,1.8432592450055834,1.2246547998310382,0.0956199440211643,1.2533379141929029,0.6758877795911681,2.976566157000841,1.4698684665143131,0.7450322565717272,4.0720608172611765,0.4220911608372322,1.361603190353608,0.8205978563808911,-0.0831850242969625,-0.09853905207693794,0.47057789361738345,-0.9758617215221939,0.8526865430881432,-0.21653055232141027,-0.0795130601714135,4.1835784912109375,4.390716552734375,0.9528234146160371,-0.2071380615234375,0.024628412363520816,0.030012702394287643,0.02732055737890423,4,2,-0.08318502429696258,0.38373949118122014,0.2211798357770629,-1.0752268801968092,0.000361792885980698,0.0010998544875613842,0.3289458388600402,-0.0007380616015806862,0.0014616473735420822,7.23144491561732e-05,5.686609156603434e-05,1.2716396630237599,1.5448357590138868e-05,0.00012918054072220755,0.00011181332193266994,0.00010834219879114031,1.0320289891774304,3.471123141529628e-06,0.00022015552072381024,4.905497465271093e-05,4.877450412838807e-05,1.0057297311287081,2.804705243228571e-07,9.782947878109901e-05,3.6814021811928586e-06,7.980341871356292e-06,0.4612510327874562,-4.2989396901634335e-06,1.166174405254915e-05,58.59375,58.59375,222.12227544637506,141.78532904685528,80.33694639951977,1.3963667521761876,-0.5457203201516418,1.9420870723278294,Side II
Train13.csv,0.0,0.0,0.0,0.07099926062282821,0.02896797733076983,0.12653057496354092,0.12047403936299236,0.02578372365470743,0.05459590626055201,0.023968499012794513,0.1352153957366146,0.07458930107036568,0.0196540784985741,1.2292124977296734,0.4713690871655545,2.289451728772211,1.373585338206814,0.6027162547717531,2.814461413549307,0.06279758344169012,1.3013989179682437,1.3004264432859893,0.016403354362276204,0.13060394094277739,0.9357635534821338,-0.00868482077307367,0.89489278070018,-0.1443728404771405,-0.05546830530419963,0.3246307373046875,0.3444671630859375,0.9424114391195538,-0.01983642578125,0.07099926062282821,0.05459590626055201,0.06279758344169012,3,0,0.016403354362276207,0.017913587658063498,0.04363756409721458,-0.005536799320983249,7.970810945884007e-07,1.429755237865799e-06,0.5571051382466893,-6.326741432773982e-07,2.2268363324542e-06,5.901379074851159e-07,6.455824668443483e-07,0.9127032323738833,-5.5444559359232383e-08,1.2357203743294644e-06,3.528033647939628e-07,4.903794529013101e-07,0.7179855867209425,-1.3757608810734728e-07,8.431828176952729e-07,1.4858786779645727e-07,1.5576147391312953e-07,0.9478595989649745,-7.173606116672259e-09,3.043493417095868e-07,2.64586966757244e-07,2.7727629029070535e-07,0.9508067197562514,-1.2689323533461372e-08,5.418632570479493e-07,87.890625,87.890625,852.4346717825703,731.5846725776457,120.84999920492453,0.46191345443664966,0.14755721113115072,0.31435624330549894,Normal
Train14.csv,16.31882850614698,58.74778262212912,1.0,0.39373462014951044,0.19381902048907723,0.9147806281018374,0.6836395379868555,0.07979515134474716,0.39917852467135745,0.26349967085674364,1.1792014617582671,0.7863918798753646,0.17954360341729955,1.2635856513794803,0.6164172554293047,2.760511830626869,1.3478019386415785,0.6403817004240583,2.8022452323022886,0.39645657241043397,1.3056937950105294,0.9863597599943791,-0.0054439045218470095,-0.006865692278798828,0.7757621424380682,-0.26442083365642977,0.9375151330750333,-0.08421628726209818,-0.03224961906623749,3.9150238037109375,4.4757843017578125,0.8747121543505131,-0.560760498046875,0.02273448345595443,0.023048817911077348,0.02289165068351589,5,2,-0.005443904521847058,0.12838476935805604,0.132257308030014,-0.29899473676488564,0.0003740866994854068,0.00046492497137778514,0.8046156216586897,-9.083827189237834e-05,0.000839011670863192,6.121026148695105e-05,0.0001147666855808492,0.5333405581646141,-5.3556424093898156e-05,0.00017597694706780027,3.890335150484168e-05,4.6703874849760204e-05,0.832961262180567,-7.800523344918522e-06,8.560722635460189e-05,0.00014868712326906623,9.361021190092764e-05,1.5883473811494668,5.507691136813859e-05,0.00024229733516999385,5.292270712474767e-06,6.0396304558944835e-06,0.8761123116396795,-7.473597434197167e-07,1.133190116836925e-05,48.828125,48.828125,255.539029231741,190.4891058771529,65.04992335458812,-0.0047517605692761755,1.6816800951600914,-1.6864318557293676,Normal
Train15.csv,15.933110741456233,57.35919866924244,1.0,0.4364506209278285,0.2789423199703183,1.28254508647527,0.791291037603054,0.07141979197633946,0.4067073739972358,0.16489188934589405,0.8931087193963931,0.5989073152508767,0.12917334887950083,1.256162792263135,0.4849331083875499,2.0569441952595406,1.345322134881497,0.5278440108294798,2.703346764282344,0.42157899746253213,1.3007424635723162,1.0731291727246188,0.029743246930592715,0.03527596468710643,1.4360442604320511,0.38943636707887697,0.9337257047718759,-0.08915934261836189,-0.0342724677800669,5.3066253662109375,4.3392181396484375,1.2229447731097718,0.9674072265625,0.02577498178520116,0.024018467735022874,0.024896724760112017,3,3,0.029743246930592784,0.14080800884472763,0.28408506309186465,-0.19891198824624456,0.0004063171448339122,0.0004527532908840699,0.8974341116469988,-4.643614605015771e-05,0.0008590704357179821,0.00016709629051855855,9.122780391749248e-05,1.8316176837052558,7.586848660106607e-05,0.00025832409443605104,0.00019352758944544312,0.0001511978124614858,1.2799544275173427,4.232977698395731e-05,0.0003447254019069289,4.210024119406469e-05,3.547415418388401e-05,1.1867528743029503,6.626087010180677e-06,7.75743953779487e-05,4.763411302572944e-06,4.587862081796064e-06,1.0380375826654964,1.7554922077687965e-07,9.351273384369009e-06,48.828125,68.359375,229.2735308514537,213.0065463608497,16.26698449060399,1.8153416148666315,0.14238398709343203,1.6729576277731995,Normal
Train16.csv,2.3143065881444813,8.331503717320134,1.0,0.23269256430933763,0.09128265107652778,0.45404739877224326,0.3747801482336571,0.07208817836891428,0.2257313617120429,0.09996500147809727,0.4932556369476795,0.37339350082702877,0.05879608822026762,1.229036022516036,0.6125614226770755,2.509596172505022,1.3464784045446327,0.5268360535549759,2.314300889428721,0.22921196301069025,1.2877572135303343,1.0308338713355314,0.006961202597294741,0.015185043836316348,0.9205094564605013,-0.03920823817543623,0.912777438977379,-0.1174423820285968,-0.045599564574392404,1.7627716064453125,1.970672607421875,0.8945020625467506,-0.2079010009765625,0.07020852118560669,0.06810817156128543,0.06915834637344605,4,4,0.006961202597294762,0.06126884732345819,0.09150360600221497,-0.07364273796842807,7.577790058261825e-05,9.274938686883446e-05,0.817008997383285,-1.6971486286216207e-05,0.0001685272874514527,6.52748167968358e-05,6.373540019175862e-05,1.0241371743689425,1.5394166050771774e-06,0.00012901021698859442,8.455082738054078e-06,9.636253598578191e-06,0.8773332206699923,-1.181170860524113e-06,1.809133633663227e-05,1.6383253045144437e-06,1.913401319542466e-06,0.8557898951438231,-2.7507601502802244e-07,3.55172662405691e-06,4.784641213888468e-07,5.31767263756054e-07,0.8980734251868904,-5.330314236720715e-08,1.0102313851449008e-06,68.359375,58.59375,151.6802084433808,146.8143509480849,4.865857495295899,0.16534672559369445,0.15825564658116464,0.007091079012529811,Normal
Train17.csv,14.09353370985421,50.736721355475154,1.0,0.48627428320918065,0.2125108984475741,1.0049980253228672,0.7336610633824041,0.07900326119101808,0.537821870998409,0.1733244166156547,0.8432639276048173,0.7482400780749934,0.21905873854559965,1.5520354396778044,0.4897505150552307,2.532423774521995,1.7529653620779069,0.5575368598612759,3.678181028060896,0.5120480771037947,1.6525004008778557,0.904153224846065,-0.0515475877892283,-0.05033466559050642,1.1917939338203374,0.16173409771804992,0.8853766240203688,-0.20092992240010243,-0.06079570737098017,5.6941986083984375,6.1084747314453125,0.9321799510613994,-0.414276123046875,0.03221739140461877,0.035632601439600446,0.0339249964221096,2,5,-0.05154758778922829,0.08466686417668312,0.08388513166879652,-0.20816569933348544,0.0004731154147032606,0.0007527384533313376,0.6285248004597505,-0.00027962303862807703,0.0012258538680345982,0.00013453673031518085,0.00011836561188560942,1.1366104695570602,1.6171118429571425e-05,0.00025290234220079027,0.0001353220892487223,0.00011625679701494606,1.1639829131746349,1.9065292233776235e-05,0.0002515788862636684,5.7198295840648376e-05,5.802466599111443e-05,0.9857413071210117,-8.263701504660525e-07,0.00011522296183176281,1.1078094509612226e-05,7.821144093080158e-06,1.41624781872945,3.256950416532068e-06,1.8899238602692383e-05,87.890625,78.125,221.96572822543814,171.8793703506085,50.086357874829645,0.10863571851583975,0.40239799200480864,-0.2937622734889689,Normal
Train18.csv,15.250687003926451,54.90247321413523,1.0,0.33600968764123595,0.15863382255947595,0.8339500956224178,0.5247238631965331,0.07200275759581909,0.340620126803761,0.17311819194716396,0.8551175777139393,0.5543061489181859,0.14925111349767142,1.403566243992707,0.6183272929563993,2.8791466538818975,1.5100597040350794,0.48107271204947144,2.7109831275727982,0.33831490722249846,1.4568129740138933,0.9864616760393087,-0.004610439162525071,-0.006813817910889501,0.9752449746231535,-0.021167482091521417,0.9294767026532078,-0.10649346004237237,-0.036550135601421806,3.3721923828125,3.340911865234375,1.0093625661128791,0.031280517578125,0.020676645089530682,0.020960352428267263,0.02081849875889897,3,3,-0.004610439162525026,0.12460880635460016,0.2051602564061603,-0.1935569582447771,0.00021240094873242125,0.00020646032533180224,1.0287686974355779,5.94062340061901e-06,0.0004188612740642235,8.011367486642756e-05,9.801051840952752e-05,0.8173904064181895,-1.789684354309996e-05,0.00017812419327595507,9.568988508312184e-05,0.00010518569323278319,0.9097147380739076,-9.495808149661357e-06,0.00020087557831590503,3.7005464457527176e-05,3.433585471614296e-05,1.0777185261563753,2.6696097413842187e-06,7.134131917367013e-05,3.264586042722914e-06,3.217379013061006e-06,1.0143572368184068,4.720702966190768e-08,6.4819650557839204e-06,58.59375,107.421875,258.32944920039586,255.32290751415428,3.006541686241576,0.27526842668809604,0.2515928832278931,0.023675543460202952,Normal
Train19.csv,0.5044001538263612,1.8158405537749003,1.0,0.07011061133673938,0.029934468263753396,0.12240134558202963,0.11877743864496458,0.01878415811020336,0.05277866728417594,0.0263197429678975,0.13031204543731958,0.08058100940442335,0.015000251132134408,1.2002475253005613,0.5845778428068468,2.316293784462135,1.343007943343792,0.46670769908328075,2.0825396126497813,0.061444639310457655,1.2716277343221767,1.328364026230978,0.017331944052563435,0.14103592446094124,0.9392869698598558,-0.007910699855289957,0.8937003221379997,-0.1427604180432307,-0.05613292241789799,0.2956390380859375,0.3368377685546875,0.8776870885571445,-0.04119873046875,0.046603698596026324,0.035082864854763696,0.04084328172539501,4,0,0.017331944052563435,0.01633188486543896,0.04623468638145471,0.0006653993953577436,6.383010152977301e-07,1.1320078340199315e-06,0.5633685806328691,-4.937068187222014e-07,1.7703088493176615e-06,3.307518498388767e-07,5.20099138183014e-07,0.6347196255057213,-1.893472883441373e-07,8.508509880218908e-07,3.8156994365510767e-07,3.398027912874779e-07,1.1196209462182525,4.1767152367629744e-08,7.213727349425856e-07,3.8372206745521936e-07,4.5467118443184957e-07,0.8421029912911007,-7.094911697663021e-08,8.383932518870689e-07,2.82191101175432e-07,3.155446162658537e-07,0.8914733869251166,-3.335351509042173e-08,5.977357174412857e-07,87.890625,87.890625,894.1076895033498,781.8686249133989,112.23906458995089,0.35618649553083825,0.07508496526830388,0.28110153026253437,Normal
Train20.csv,9.524261728133057,34.287342221279005,1.0,0.3404335272555842,0.2455660716833583,1.0449172973532543,0.6340562100833138,0.07317827615184318,0.2936339240985153,0.23026394342903803,1.2675811520674052,0.4311076530432907,0.11694826502057364,1.3622726925453679,0.4686353647663786,2.369370423420456,1.473426653265661,0.4804321158459218,2.562980568994658,0.31703372567704974,1.4178496729055143,1.159376829240407,0.04679960315706888,0.07380843985712411,0.8243389161396852,-0.22266385471415084,0.9245602860283417,-0.11115396072029315,-0.039198062970402604,3.2215118408203125,2.7484893798828125,1.1721022800005827,0.4730224609375,0.032347497244918394,0.027900667209138693,0.030124082227028545,3,1,0.04679960315706887,0.21816930119155042,0.48460735730399573,-0.3669742418951464,0.0005077477719756903,0.00029690254086818746,1.7101438753170972,0.00021084523110750285,0.0008046503128438778,2.5061505202453713e-05,2.5697378556320258e-05,0.9752173720816362,-6.358733538665447e-07,5.075888375877397e-05,5.5710659585138366e-05,7.345263313008875e-05,0.7584466174256214,-1.7741973544950383e-05,0.00012916329271522712,3.143048814691103e-05,3.15332260724722e-05,0.9967103069115202,-1.0273792556117131e-07,6.296371421938323e-05,2.449733043883095e-06,2.5540401134849197e-06,0.958784572873812,-1.0430706960182466e-07,5.003773157368015e-06,48.828125,39.0625,132.13913400370438,185.18538286474254,-53.04624886103815,0.03004389450875644,1.1127221479123781,-1.0826782534036217,Normal
Train21.csv,16.111134325159657,58.000083570574766,1.0,0.3258265920277484,0.10070959850867299,0.6064167108102838,0.4360865857769471,0.07381348641404271,0.3374475783273885,0.12343070686569509,0.7870466619076543,0.5106362817982272,0.16029482173301846,1.2494576030117674,0.4775099228038118,2.2723048492188687,1.3835252463544236,0.5651302552108358,2.398217877698874,0.3316370851775684,1.3164914246830954,0.9655592376259338,-0.01162098629964009,-0.01752061108124683,0.7704955368782174,-0.18062995109737046,0.9030964221344369,-0.1340676433426562,-0.05091852096811335,3.1650543212890625,3.314208984375,0.9549951077966878,-0.1491546630859375,0.01904178798647285,0.01972093561507588,0.019381361800774363,2,2,-0.011620986299640021,0.04176886462605537,0.032264139593718155,-0.10825331201098515,0.00014206461607270103,0.0002159690256275409,0.6577978386579618,-7.390440955483987e-05,0.00035803364170024194,4.510719326487605e-05,3.206807514779814e-05,1.4065635836702046,1.3039118117077908e-05,7.717526841267419e-05,0.00023459843507515557,0.0001286506968117041,1.8235160583891574,0.00010594773826345146,0.0003632491318868597,4.860782908991437e-05,4.581406946379296e-05,1.0609572278031465,2.7937596261214096e-06,9.442189855370732e-05,2.4042844136301833e-06,2.8460323130879213e-06,0.8444879261038211,-4.4174789945773803e-07,5.250316726718105e-06,566.40625,58.59375,389.6942925997051,298.28938215799997,91.40491044170511,-0.16727847506425197,0.20875868571577438,-0.37603716078002636,Normal
Train22.csv,5.0143309409797086,18.05159138752695,1.0,0.23160123521954853,0.11165496841926636,0.6217132693516751,0.34230517746596184,0.07717334972825411,0.19839806221023037,0.09339886781927813,0.41000479672114887,0.3372778048892779,0.062083045608911994,1.3482647227068911,0.543360519492016,2.9892485256106887,1.5264331919871417,0.502705052686975,2.735139846098806,0.21499964871488947,1.4373489573470164,1.1673504533712766,0.03320317300931816,0.07721662800649666,1.5163523889749095,0.21170847263052628,0.8832773333986276,-0.17816846928025054,-0.061978132168743594,2.79693603515625,2.28118896484375,1.2260864190448189,0.5157470703125,0.038508229342933645,0.03298755325524408,0.03574789129908886,5,2,0.03320317300931816,0.057001431228397036,0.14225042301658877,-0.06172304770082743,0.00013964850450028164,8.875101435846226e-05,1.5734685630486374,5.089749014181938e-05,0.0002283995188587439,5.0689283479154425e-05,4.138289231167986e-05,1.224855388115542,9.306391167474567e-06,9.207217579083429e-05,2.3368783619649256e-05,2.3172084331578593e-05,1.0084451118060265,1.9669928807066215e-07,4.654086795122785e-05,2.227721608931895e-06,2.252728255056191e-06,0.9884606114042583,-2.5006646124296096e-08,4.4804498639880864e-06,7.926416692316884e-07,7.742762711660978e-07,1.0223989804814626,1.8365398065590586e-08,1.5669179403977862e-06,58.59375,97.65625,137.20669571693827,162.7410372542823,-25.534341537344034,0.9501648348411815,-0.06803576516762488,1.0182006000088064,Normal
Train23.csv,0.0,0.0,0.0,0.0702160502447643,0.03043140355193967,0.127791351769881,0.11800194862190784,0.018115004052191463,0.05296207766125079,0.026183821761908168,0.12729387769428133,0.08202839427934842,0.013528342906019085,1.3215581598329655,0.5686977384726538,2.9782443338884788,1.4151181178022614,0.49632364361620124,2.4968758493548537,0.06158906395300754,1.3683381388176135,1.325754720937153,0.017253972583513508,0.1400722092843374,1.0039001889517662,0.0004974740755996632,0.9338847473740587,-0.09355995796929584,-0.03418742821226672,0.305938720703125,0.33111572265625,0.923960343195159,-0.025177001953125,0.0702160502447643,0.05296207766125079,0.06158906395300754,3,0,0.017253972583513497,0.014541561189010744,0.04248672124650779,-0.00018570491866296002,9.736837155597924e-07,9.021462885115156e-07,1.0781018844295207,7.153742704827686e-08,1.875830004071308e-06,5.391180822789789e-07,8.145327621476807e-07,0.6610624456817993,-2.754146798687018e-07,1.3536508444266596e-06,3.8720644925286434e-07,4.315671203736778e-07,0.8951361095553722,-4.436067112081348e-08,8.187735696265422e-07,1.948115448073423e-07,1.8258142207191835e-07,1.0611724356891872,1.2230122735423959e-08,3.773929668792606e-07,2.5681619901119166e-07,2.757476437756956e-07,0.9279797128800185,-1.8931444764503955e-08,5.325638427868873e-07,87.890625,87.890625,759.4097703452167,778.1947181964832,-18.784947851266566,0.1791467205995092,0.4609608595933765,-0.2818141389938673,Normal
Train24.csv,5.429719302954359,19.546989490635692,1.0,0.16125728470928677,0.05876993660000505,0.27243214116664316,0.2296566103844882,0.06432885414138381,0.15651636488204557,0.0678331632388622,0.34504326383247685,0.22055632117575646,0.0702809156899242,1.19478320396451,0.507595091015991,2.325723366214077,1.3687629542110529,0.5805461222160527,2.7608187583557235,0.15888682479566618,1.2817730790877815,1.0302836674436302,0.004740919827241202,0.014919125340357282,0.7895570792590028,-0.0726111226658337,0.8728920719227852,-0.17397975024654277,-0.06786680310978226,1.11083984375,1.294708251953125,0.8579840161598058,-0.183868408203125,0.025079988271835052,0.024342643513244607,0.02471131589253983,3,1,0.0047409198272412075,0.022662879790238847,0.029699684600082543,-0.037686760378133066,4.781320262365118e-05,3.944692099827201e-05,1.2120588718920218,8.366281625379166e-06,8.726012362192319e-05,7.400873989650631e-06,8.251758721656506e-06,0.896775761810363,-8.508847320058749e-07,1.5652632711307136e-05,5.350386917527905e-05,3.227026619293888e-05,1.6579414286194314,2.123360298234017e-05,8.577413536821793e-05,1.1224649384855832e-05,1.1173390462792509e-05,1.0044976880153482,5.125892206332302e-08,2.239803984764834e-05,6.34767753815133e-07,5.685080112204832e-07,1.1145896832158604,6.625974259464982e-08,1.203275765035616e-06,517.578125,48.828125,357.44597509258995,341.0569208859119,16.389054206678054,0.2999738383176562,0.4451385873354816,-0.1451647490178254,Normal
Train25.csv,0.0,0.0,0.0,0.07064840454221508,0.030160770574190296,0.129273325455236,0.11884557579379604,0.018837628637126493,0.05425546187933197,0.025717336310435754,0.13577621362825426,0.08193469374669543,0.01778208763147475,1.3511538242770402,0.6107609954398621,3.0711816038124296,1.4906160954284426,0.5592370948766883,2.7986018774210515,0.062451933210773525,1.4208849598527413,1.3021196387508511,0.016392942662883103,0.13124342655759963,0.9520988242487778,-0.006502888173018251,0.9064392380986903,-0.13946227115140242,-0.04907583161765062,0.333404541015625,0.3482818603515625,0.9572809315941673,-0.0148773193359375,0.07064840454221508,0.05425546187933197,0.062451933210773525,3,0,0.016392942662883107,0.017665595423392366,0.04675524681758347,-0.005536767887129923,9.486396313870912e-07,1.3093007164022373e-06,0.7239861960785778,-3.606610850151461e-07,2.2579403477893283e-06,4.3111688600844163e-07,6.177922043190059e-07,0.6967070415550808,-1.8667531831056424e-07,1.0489090903274474e-06,5.630093754236345e-07,7.070184479017738e-07,0.7951902624742668,-1.440090724781393e-07,1.2700278233254084e-06,1.8867685702450644e-07,2.3768614457078556e-07,0.7904809781220954,-4.9009287546279124e-08,4.26363001595292e-07,2.9749985241903366e-07,3.407344934413505e-07,0.8705584543811685,-4.323464102231683e-08,6.382343458603841e-07,87.890625,87.890625,804.0374106436747,739.9717978035595,64.06561284011514,0.14794973866019934,0.43290850388539903,-0.2849587652251997,Normal
Train26.csv,12.936380415781969,46.57096949681509,1.0,0.8329576981097856,0.38714963752835435,1.8911143607509062,1.4243786054147651,0.08136899743743177,0.9463596083568483,0.3926521933348761,1.9508586055464914,1.5641919336783698,0.41823651302183223,1.410912599545029,0.6299595057102495,3.3424815263037932,1.549878629508253,0.657648242333746,2.692554931894922,0.8896586532333169,1.4803956145266408,0.8801694520612364,-0.1134019102470627,-0.06373334654902525,0.9693749131789272,-0.059744244795585155,0.9103368885444894,-0.13896602996322405,-0.046935421067238706,7.294464111328125,8.082199096679688,0.9025344614178535,-0.7877349853515625,0.05976858217550661,0.06790569574903127,0.06383713896226895,4,4,-0.1134019102470628,0.5152042630345292,0.6582616045439996,-0.8362007335092471,0.0014320772126075049,0.0017582920074835104,0.8144701744887848,-0.00032621479487600553,0.003190369220091015,0.0008099803443810363,0.0008134212207060162,0.9957686472813683,-3.4408763249798744e-06,0.0016234015650870527,0.00048065455146796896,0.00043214378229345583,1.112253511235435,4.8510769174513126e-05,0.0009127983337614248,7.238999731907397e-05,7.72568135230379e-05,0.9369925709519028,-4.8668162039639304e-06,0.00014964681084211185,1.2055424569029269e-05,1.2355071809790264e-05,0.9756680565321109,-2.996472407609955e-07,2.4410496378819533e-05,78.125,87.890625,184.4474146411691,171.0540978690809,13.393316772088212,-0.20684580957154441,0.16033788079377054,-0.36718369036531495,Side II
Train27.csv,0.0,0.0,0.0,0.07164475609953885,0.02875539383282155,0.12731798999693061,0.12212163123238519,0.031987313631743904,0.05522323294760893,0.023733349494192924,0.134940048345662,0.07535372203110097,0.018213856034860667,1.37990532933677,0.5277756514938078,2.8915224331815548,1.4523494520707187,0.6057199650753532,2.7395916713229935,0.0634339945235739,1.4161273907037444,1.2973427112606166,0.01642152315192992,0.12943685667604127,0.9435082323563669,-0.007622058348731392,0.9501187040423621,-0.07244412273394873,-0.025578241629697598,0.335693359375,0.36163330078125,0.9282674753191029,-0.02593994140625,0.07164475609953885,0.05522323294760893,0.0634339945235739,4,0,0.016421523151929913,0.015762322797204315,0.039603725199732986,-0.006455318685236709,9.054342117556048e-07,1.1573200263156207e-06,0.7816788030813954,-2.518858145600159e-07,2.0627542380712255e-06,4.1401319049435645e-07,3.7697277200369694e-07,1.095351890824313,3.7040418490659505e-08,7.909859624980534e-07,6.348958952723911e-07,7.223102696950806e-07,0.8777642484462974,-8.74143744226895e-08,1.3572061649674715e-06,1.9622842185231753e-07,1.934643225776524e-07,1.009071583163851,2.764099274665123e-09,3.896927444299699e-07,2.9219228938819516e-07,3.265207257330965e-07,0.8921337382059563,-3.432843634490134e-08,6.187130151212917e-07,87.890625,87.890625,821.9364462673775,811.8798006848195,10.056645582557962,0.010147587283980464,0.4652005691885486,-0.4550529819045681,Normal
Train28.csv,14.152874904422015,50.950349655919254,1.0,0.5249110450849871,0.2383845343990796,1.0106127964809326,0.8755716709265993,0.08057935206122706,0.6248761033739696,0.24363016122011052,1.34335471039029,0.927011985248136,0.21658844422223575,1.287144984458163,0.580386415390447,2.9145707564165524,1.5422777385571975,0.6091464526624867,2.9267118346631706,0.5748935742294783,1.4147113615076803,0.8400228496944048,-0.0999650582889825,-0.08694215401590645,0.7523046864387956,-0.3327419139093575,0.8345735127375794,-0.25513275409903446,-0.09017127835032623,5.5187225341796875,7.279205322265625,0.7581489368283225,-1.7604827880859375,0.0346410201625702,0.041238121961372096,0.03793957106197115,2,5,-0.09996505828898242,0.11584814671837779,0.0611830514851861,-0.28182702304759644,0.00059155262218588,0.0010855745765519602,0.5449207176019826,-0.0004940219543660802,0.0016771271987378402,0.0001716082122074467,0.00028314443081546787,0.6060779851301488,-0.00011153621860802117,0.00045475264302291454,0.00016874092987569263,0.00016281206542104635,1.0364090218393494,5.928864454646281e-06,0.00033155299529673895,6.892018473217296e-05,7.120724091817579e-05,0.967868098460233,-2.2870561860028314e-06,0.00014012742565034874,1.3697797800943514e-05,9.680937298617327e-06,1.414778610774487,4.016860502326187e-06,2.337873509956084e-05,58.59375,58.59375,216.8663605509886,161.9068294129307,54.95953113805788,0.014517870968689284,0.52499769121065,-0.5104798202419607,Normal
Train29.csv,5.6374134839416845,20.294688542190066,1.0,0.26861900273435857,0.09824238772576063,0.4761189914092888,0.39662750332214114,0.0746679266017243,0.28191967427911807,0.09256726115067751,0.5264638978231059,0.4061540874889337,0.14686864676836947,1.2101858135698125,0.534621562136601,2.3276097796453468,1.3257235778357546,0.5264158887536486,2.012734118017645,0.2752693385067383,1.2679546957027834,0.952817679729334,-0.013300671544759501,-0.024159333287133662,0.9043698703902316,-0.05034490641381706,0.9128485914815285,-0.11553776426594209,-0.04556066517867121,2.7233123779296875,2.8076171875,0.9699724806080625,-0.0843048095703125,0.04047043375921141,0.042474327531527786,0.041472380645369594,3,4,-0.01330067154475953,0.07484819595085834,0.09302219388711058,-0.13187677492475014,0.00023548020474105488,0.00019797357308717702,1.1894467106003683,3.750663165387786e-05,0.00043345377782823193,5.368964213588671e-05,5.556778732076521e-05,0.9661834408220693,-1.8781451848785014e-06,0.00010925742945665191,1.6582985506242725e-05,2.109852942703721e-05,0.7859410117930438,-4.515543920794486e-06,3.7681514933279936e-05,4.681392324630462e-06,5.166688203847539e-06,0.9058968227117474,-4.85295879217077e-07,9.848080528478001e-06,1.2551853362854916e-06,1.3161096360592654e-06,0.9529847037190855,-6.092429977377378e-08,2.571294972344757e-06,58.59375,58.59375,122.60714789597749,134.89930163978133,-12.292153743803837,0.5982646468771406,-0.03606240353712176,0.6343270504142624,Normal
Train30.csv,13.767157139731273,49.561765703032584,1.0,0.34650772973740795,0.1593059346491341,0.6960779113337632,0.5415589566312221,0.073121136131256,0.4223600804871279,0.4525806132354151,1.7391746925227611,1.2059928820325005,0.09955909806526152,1.335418715561512,0.5723628542796679,2.963638467777644,1.41688120694509,0.6290150531267312,2.5576995713990986,0.38443390511226794,1.376149961253301,0.820406390990773,-0.07585235074971997,-0.09865447751426995,0.4002343836372664,-1.043096781188998,0.9425051066459367,-0.08146249138357797,-0.029597959553560614,3.908538818359375,4.1286468505859375,0.9466873804227879,-0.2201080322265625,0.02346475536615801,0.028601312797759928,0.026033034081958967,6,2,-0.07585235074972,0.370056034009213,0.2107642282485072,-1.0400230035050624,0.0002776475565369685,0.0008289533207582103,0.334937100373656,-0.0005513057642212418,0.0011066008772951787,5.980032826610064e-05,5.5087502091488e-05,1.0855319348997272,4.7128261746126414e-06,0.00011488783035758864,8.098657099602797e-05,5.119533179546911e-05,1.5818822981218998,2.9791239200558856e-05,0.0001321819027914971,4.0113951377026455e-05,3.844950949462611e-05,1.043261894426466,1.6644418824003431e-06,7.856346087165257e-05,3.435685324072549e-06,5.300682841382721e-06,0.6480367511340032,-1.8649975173101717e-06,8.73636816545527e-06,68.359375,58.59375,228.5042005667845,128.52260223986278,99.98159832692173,0.745223681924692,1.7747753001980264,-1.0295516182733344,Side II
Train31.csv,9.96932068739161,35.889554474609795,1.0,0.41702128894701596,0.21835133339260943,0.9247964941223764,0.7452161447282163,0.07474292566001321,0.45276491480808234,0.194584495718517,0.955630643826691,0.7400623160728941,0.21094640077249682,1.2858163159637446,0.4862225259832695,2.231723616125406,1.4039534227304455,0.5686205737509828,2.429112666902851,0.43489310187754915,1.3448848693470952,0.92105274559765,-0.035743625861066386,-0.041094678913131656,0.967733226600953,-0.03083414970431464,0.915853317704614,-0.11813710676670097,-0.043920883318127435,4.3697357177734375,4.75616455078125,0.9187518119624037,-0.3864288330078125,0.03801705692006523,0.04127556552599477,0.03964631122303,2,3,-0.03574362586106638,0.13026730794452007,0.17497000223845932,-0.31242520133773555,0.000533147032008821,0.0005290381080943896,1.0077648775895383,4.108923914431461e-06,0.0010621851401032105,6.112115404738458e-05,7.042576212644941e-05,0.8678682961122526,-9.304608079064834e-06,0.00013154691617383397,6.466584402097632e-05,5.629611536224884e-05,1.148652885762941,8.369728658727486e-06,0.00012096195938322516,1.7052390107052407e-05,1.7142409377550505e-05,0.9946907135859867,-9.001927049809752e-08,3.4194799484602915e-05,6.725400141318192e-06,1.0248006460572055e-05,0.6562002050823967,-3.522606319253863e-06,1.6973406601890247e-05,48.828125,58.59375,146.76829252998374,155.37554481311116,-8.607252283127423,0.624845684175829,0.58667551008734,0.038170174088488995,Normal
Train32.csv,2.1362830044410592,7.690618815987813,1.0,0.23314669667641122,0.10304550182507198,0.5624406836282151,0.37780770595709406,0.07761838684537689,0.21127065642379875,0.08862249524121835,0.4689494980033858,0.3309468220966163,0.09386413302553621,1.233017545008618,0.6232076244683575,3.0198753624737473,1.4384289928366407,0.593430607111743,2.73435253951521,0.22220867655010498,1.3357232689226293,1.1035398719491856,0.021876040252612472,0.049223980287960205,1.1993604570692966,0.09349118562482928,0.8571967708884176,-0.20541144782802268,-0.07689143990965432,1.86614990234375,1.69219970703125,1.1027946593980993,0.1739501953125,0.07433853907516298,0.06736339039705089,0.07085096473610693,4,2,0.02187604025261246,0.05903560380223124,0.10957409494338835,-0.052910275905132254,0.000131526184662858,0.00010181909642560431,1.2917507376253439,2.970708823725369e-05,0.00023334528108846233,6.0802133300324756e-05,4.579118066803379e-05,1.327784185276177,1.5010952632290963e-05,0.00010659331396835854,8.859230730637097e-06,8.0749991397083e-06,1.0969826243638117,7.842315909287967e-07,1.69342298703454e-05,1.3188247523684703e-06,1.3994916257879623e-06,0.9416869962549447,-8.066687341949194e-08,2.7183163781564324e-06,4.7372495848508605e-07,4.973012727025626e-07,0.9506798084536576,-2.3576314217476582e-08,9.710262311876488e-07,48.828125,48.828125,125.0821061896497,128.22020952612223,-3.1381033364725255,0.10014335245270667,0.2845863439326015,-0.18444299147989485,Normal
Train33.csv,16.852899257257246,60.670437326126084,1.0,0.31606497496780517,0.1274640697571248,0.7342431274673012,0.46829787986375593,0.07804780961432664,0.3535501761935682,0.15419571319387043,0.8208905136375817,0.597977039307414,0.1879718327447856,1.3934525229522976,0.5620905774321322,2.951313664219428,1.549246269167121,0.5757470391413689,2.877147385719588,0.3348075755806867,1.4713493960597093,0.893972347569735,-0.03748520122576304,-0.05598013303703802,0.8944459959315219,-0.08664738617028045,0.8994384245075489,-0.15579374621482334,-0.05294245326418979,2.732086181640625,3.168487548828125,0.8622679676879675,-0.4364013671875,0.01770384576831822,0.01980351600594224,0.01875368088713023,1,3,-0.03748520122576304,0.0649902392740145,0.03173763901884552,-0.18537564630513237,0.00019162801732589192,0.00022041950778474846,0.8693747204004546,-2.879149045885654e-05,0.0004120475251106404,2.2788734379673757e-05,3.105016685511105e-05,0.7339091147849315,-8.261432475437292e-06,5.383890123478481e-05,8.402501417720338e-05,0.0001145010249161691,0.7338299409003552,-3.0476010738965717e-05,0.00019852603909337248,7.00710641706503e-05,7.938404479870332e-05,0.8826733592999728,-9.312980628053025e-06,0.0001494551089693536,3.961906736884014e-06,4.585336244067267e-06,0.8638500376000574,-6.234295071832524e-07,8.547242980951282e-06,48.828125,48.828125,304.22545325354986,315.27056015807756,-11.0451069045277,0.07525521405732283,0.14364537082368933,-0.0683901567663665,Normal
Train34.csv,5.51873109480607,19.867431941301852,1.0,0.26097221081864347,0.14081376051966843,0.5749950740437352,0.48376671469981797,0.07873620321123705,0.2770412719393222,0.10888615005762581,0.5088017291873738,0.4507237247837346,0.1021043554705265,1.4221108620470022,0.5293604704511601,2.9728993580846064,1.5798226395629023,0.45445217578031744,2.769627638028646,0.26900674137898284,1.5009667508049522,0.9419941909652026,-0.01606906112067874,-0.029867339329427794,1.130094319584487,0.06619334485636141,0.9001706433766651,-0.15771177751590004,-0.0525367150520176,2.814483642578125,2.6287078857421875,1.070671483572623,0.1857757568359375,0.040034204053389824,0.042499263723282034,0.04126673388833593,3,3,-0.01606906112067876,0.0787273316789894,0.11915918519667268,-0.13605579650575733,0.0001864781448978784,0.0001591750416966547,1.1715214357023271,2.7303103201223696e-05,0.00034565318659453314,5.429650963696697e-05,6.341613565262031e-05,0.8561804168259294,-9.119626015653343e-06,0.00011771264528958728,2.1118052882738495e-05,3.711811060021693e-05,0.5689266941276087,-1.6000057717478437e-05,5.823616348295543e-05,4.787572253051335e-06,5.16084160622209e-06,0.9274930573771172,-3.7326935317075463e-07,9.948413859273424e-06,1.0942337722308384e-06,1.1037486505026054e-06,0.9904821080641435,-9.514878271766971e-09,2.197982422733444e-06,58.59375,58.59375,137.49333636091876,165.74478628830977,-28.251449927391008,-0.01977327062751666,0.003498370706602749,-0.02327164133411941,Normal
Train35.csv,5.489060497522166,19.7606177910798,1.0,0.2773777725088924,0.09832600403986964,0.5139123766990007,0.3925140573689833,0.07225211764733426,0.30799871731032086,0.13292050706466685,0.6515907121400626,0.5064966662238727,0.11248943226241259,1.1958817087015992,0.5890378975796431,2.332825444000983,1.3422897945951182,0.5235249961158065,2.06707656170531,0.29268824490960665,1.2690857516483587,0.9005780100422114,-0.030620944801428462,-0.05230974086633459,0.7887030591766226,-0.1376783354410619,0.8909259554762267,-0.14640808589351906,-0.05768248048678969,2.58636474609375,2.9964447021484375,0.8631442058967859,-0.4100799560546875,0.04274544406155691,0.047464300483549125,0.04510487227255302,2,5,-0.030620944801428483,0.09545155960863712,0.148658538041037,-0.17753767951690202,0.00015750176335962364,0.00023085681175680605,0.6822457605443375,-7.335504839718241e-05,0.0003883585751164297,5.3070217680528705e-05,7.841199133606454e-05,0.6768038915015869,-2.5341773655535835e-05,0.00013148220901659324,1.8326042170171367e-05,3.6656136796917906e-05,0.4999310849534817,-1.8330094626746538e-05,5.498217896708927e-05,4.75428367101781e-06,4.612150981172306e-06,1.0305935553424352,1.4213268984550424e-07,9.366434652190116e-06,1.1443354705823948e-06,1.2323230959333126e-06,0.9278472724265519,-8.798762535091786e-08,2.3766585665157074e-06,68.359375,58.59375,143.4340478591952,140.64551524780603,2.788532611389172,-0.17579013387776898,-0.02587992002331818,-0.1499102138544508,Normal
Train36.csv,3.1450833120937816,11.322299923537614,1.0,0.2280817143549983,0.09302618010273318,0.43291366785691743,0.3317071556569776,0.06944878220256018,0.20881078474189763,0.08511587686340814,0.44157681503363455,0.32304746448116894,0.06638661262523926,1.2424694170474049,0.6114926468221574,3.0722387304177716,1.3820017976818852,0.52892948860496,2.5861303165384277,0.21844624954844796,1.312235607364645,1.092283726404232,0.019270929613100674,0.044108986865072794,0.9803791157939917,-0.008663147176717123,0.8990353848280713,-0.13953238063448037,-0.05316588221105358,1.7810821533203125,1.739501953125,1.0239029201534933,0.0415802001953125,0.055024639357559434,0.05037553386024038,0.0527000866088999,4,3,0.01927092961310071,0.07960404002527599,0.1541430280747745,-0.09374062920472881,0.0001072455589955561,7.686032353225273e-05,1.3953124154901322,3.038523546330337e-05,0.0001841058825278088,6.758512318609758e-05,5.9961182970849827e-05,1.1271291310216904,7.623940215247751e-06,0.0001275463061569474,1.0227730758477124e-05,1.17328355747236e-05,0.8716442882930074,-1.5051048162464755e-06,2.1960566333200723e-05,2.1537802324387846e-06,2.678339804030473e-06,0.8038473616518887,-5.245595715916885e-07,4.832120036469258e-06,4.419372053940186e-07,4.4603947976688553e-07,0.9885865240011293,-4.102274372866955e-09,8.879766851609041e-07,58.59375,58.59375,142.15711626709611,157.06254344756425,-14.905427180468138,-0.021287089258015257,-0.2212143825172581,0.19992729325924286,Normal
Train37.csv,11.126473981463851,40.05530633326987,1.0,0.3381040793354505,0.18851327908303014,0.8724976247738749,0.6246115720092427,0.07175855325764015,0.2634261522994495,0.10897278907051719,0.5588010790005181,0.3799686743652698,0.09630891235521663,1.2697852493652566,0.6051302747212173,2.954264183927822,1.4125658323366903,0.5595960467347904,2.575811917692547,0.30076511581745,1.3411755408509736,1.283482269705867,0.07467792703600101,0.12414638361009799,1.5613714722293757,0.3136965457733568,0.8989204760420135,-0.1427805829714337,-0.053229620356489406,3.1444549560546875,2.3250579833984375,1.3524194347356189,0.81939697265625,0.027881483096592285,0.021723227436278216,0.024802355266435254,4,1,0.07467792703600101,0.10766025001011194,0.29456173828771937,-0.04228362784473805,0.00037825896281245733,0.00013771758650703113,2.7466079372891734,0.0002405413763054262,0.0005159765493194885,6.207147483643934e-05,3.816614735737933e-05,1.626306369067383,2.3905327479060012e-05,0.00010023762219381867,9.588139115273363e-05,5.523769397412887e-05,1.7357649910702058,4.064369717860476e-05,0.0001511190851268625,6.11984104352214e-05,5.958191476770009e-05,1.0271134044687098,1.616495667521316e-06,0.0001207803252029215,2.19777564082366e-06,2.7725896448368983e-06,0.7923939451226574,-5.748140040132382e-07,4.970365285660559e-06,58.59375,58.59375,222.97259099777165,322.82090065538614,-99.8483096576145,0.0875965033209054,0.06376190564482398,0.023834597676081426,Normal
Train38.csv,0.0,0.0,0.0,0.07086170534687927,0.029154900826548702,0.12705613871955193,0.12043947091490946,0.03210820513819404,0.051946869327958924,0.026517099855121642,0.13523412897273823,0.07371782083953117,0.012039871099548781,1.161947890592324,0.5415650121237175,2.0202387487251374,1.2310956213701825,0.5933719112146795,1.939936494088933,0.061404287337419095,1.1965217559812533,1.36409262330882,0.01891483601892035,0.15401760057390468,0.9395202244023808,-0.008177990253186301,0.9438315973112675,-0.06914773077785852,-0.028895296527999517,0.3192901611328125,0.310516357421875,1.0282522168286348,0.0087738037109375,0.07086170534687927,0.051946869327958924,0.061404287337419095,4,0,0.018914836018920342,0.0148822661632899,0.044055943685666094,0.0017110228266898272,9.913523246188478e-07,1.0187860434209656e-06,0.9721179565208263,-2.7433718802117823e-08,2.0101383680398134e-06,6.673503547373421e-07,6.619580898647402e-07,1.0066252526965893,5.392264872601991e-09,1.3293084446020823e-06,4.1144566832410917e-07,5.825834901824946e-07,0.7050330848041031,-1.7113782185838543e-07,9.940291585066039e-07,1.6953038533454414e-07,1.779645277169394e-07,0.9472848474345885,-8.434142382395268e-09,3.4749491305148354e-07,2.1975158479945423e-07,2.7084123869090206e-07,0.8083820757207608,-5.1089653891447836e-08,4.905928234903563e-07,87.890625,87.890625,698.8920979376848,749.762781306285,-50.870683368600226,0.19695442786585815,0.24077878091965577,-0.043824353053797616,Normal
Train39.csv,6.3198372214714675,22.751413997297284,1.0,0.13594185323241453,0.03725049277127728,0.21030490113314151,0.17667174120945253,0.0384306347926627,0.13064221293985476,0.041458636904572306,0.2271303099125461,0.18468581850901347,0.05254457012365479,1.3261018793875525,0.5459644400671758,2.7920902577882525,1.4520379237195815,0.5144848344043118,2.214968420485996,0.13329203308613463,1.389069901553567,1.0405580984524558,0.005299640292559776,0.01987973433266179,0.9259177046709969,-0.016825408779404583,0.9132688233939176,-0.12593604433202898,-0.04533105168434203,0.8922576904296875,0.88653564453125,1.0064532537190976,0.0057220458984375,0.018571704413542528,0.017847693737866,0.01820969907570426,2,1,0.00529964029255976,0.018514472515296664,0.025492807339384083,-0.03139745948900677,1.5311963137793003e-05,2.3174272755341257e-05,0.660702607448882,-7.862309617548255e-06,3.848623589313426e-05,4.577176153761049e-06,1.2895909553001392e-05,0.3549048812779989,-8.318733399240342e-06,1.747308570676244e-05,4.725755562395328e-06,5.617704565290297e-06,0.8410756443022142,-8.919490028949686e-07,1.0343460127685625e-05,6.39158811590148e-05,5.25318631287702e-05,1.2166837547449525,1.13840180302446e-05,0.000116447744287785,5.12731419866888e-07,5.136631266855873e-07,0.9962466578261795,-9.317068186993679e-10,1.0263945465524753e-06,791.015625,791.015625,633.2503008023374,528.446672984985,104.80362781735244,-0.1567140211120588,0.19153247716292965,-0.34824649827498844,Normal
Train40.csv,10.7110856194892,38.55990823016112,1.0,0.3310387043233086,0.23329454012434642,1.1767673286274818,0.62176634117551,0.08897309751778444,0.2768777579875422,0.07475525144714898,0.4634341818960172,0.3830198429891742,0.14417201581670877,1.3587591466179063,0.5774076333723915,2.835734015906955,1.4575123650082364,0.6108883669804132,2.7647727094859866,0.3039582311554254,1.4081357558130714,1.1956088893543912,0.0541609463357664,0.08909259840947271,2.5392274358909543,0.7133331467314645,0.9322447253238244,-0.09875321839033013,-0.03506522113277634,2.9247283935546875,2.5787353515625,1.1341711578163254,0.3459930419921875,0.028267123568151958,0.023642364763072986,0.02595474416561247,3,1,0.0541609463357664,0.10982267418675846,0.30321175431740116,-0.0232582340386962,0.0002470179931249087,0.00010277333899138432,2.403498728856981,0.00014424465413352436,0.00034979133211629303,2.596427130631704e-05,1.671005234252725e-05,1.5537185076155657,9.254218963789791e-06,4.267432364884429e-05,8.41113714339379e-05,7.22361980651967e-05,1.1643775462888846,1.1875173368741201e-05,0.00015634756949913458,5.231504085166037e-05,5.727804141961195e-05,0.9133365285988891,-4.963000567951583e-06,0.00010959308227127232,3.133007937099628e-06,2.552414388034291e-06,1.2269876569120175,5.805935490653369e-07,5.685422325133919e-06,39.0625,48.828125,238.19979384009713,346.41939090712714,-108.21959706703001,0.08167101698660284,0.034299899215307406,0.047371117771295435,Normal
Train41.csv,16.437510895282596,59.17503922301735,1.0,0.47013434153503686,0.27328077484612906,1.308024131578546,0.7334232007042357,0.07747830717986776,0.4116960234271777,0.13800116792585393,0.8320982194195173,0.569999456681024,0.17029464873106395,1.3520773607522596,0.5609617014807506,2.9897675651291404,1.5110982824619312,0.5105256539244858,2.526195041024698,0.4409151824811073,1.4315878216070954,1.1419425324511625,0.058438318107859155,0.06626926692538677,1.5719569265922875,0.4759259121590286,0.8947640809870626,-0.15902092170967164,-0.05554003176386469,5.6232452392578125,4.7115325927734375,1.1935063453400312,0.911712646484375,0.026961092346168697,0.023609793043257946,0.025285442694713323,4,2,0.05843831810785914,0.13615733602081528,0.3550250299828305,-0.08567724703298302,0.0005936953637875725,0.0002809954174472088,2.1128218259192253,0.00031269994634036376,0.0008746907812347813,0.00018563477040884794,6.49109690756192e-05,2.859792624571174,0.00012072380133322874,0.00025054573948446717,0.0002067094060677374,0.00022459684179209813,0.9203534834456718,-1.788743572436074e-05,0.00043130624785983553,7.627416781012981e-05,6.518633537921181e-05,1.1700764782978625,1.1087832430918003e-05,0.00014146050318934164,6.0749669223788596e-06,6.253816956068498e-06,0.9712461555705246,-1.7885003368963856e-07,1.2328783878447358e-05,87.890625,48.828125,219.1845789412544,314.0085193147873,-94.8239403735329,2.79401425773833,0.7397693135289485,2.0542449442093815,Normal
Train42.csv,9.197885158010116,33.11238656883642,1.0,0.21999540163939246,0.1410330695388392,0.691650110548335,0.3255062363097885,0.07210460973598166,0.19886418741571407,0.13815170138431057,0.8459509823319777,0.32904114913190824,0.09784436227953512,1.353691524470457,0.5229334500389939,2.583471395792306,1.4762308817133105,0.5263618133647995,2.7940901845728,0.20942979452755328,1.4149612030918837,1.1062539627889074,0.02113121422367839,0.05044927781663007,0.8175997278731006,-0.1543008717836427,0.9169911185628687,-0.12253935724285347,-0.04330129818181238,2.07061767578125,2.109527587890625,0.9815546884110808,-0.038909912109375,0.021572649449439332,0.01950053215293492,0.020536590801187127,4,2,0.021131214223678387,0.11014381924302778,0.22700228751036522,-0.17129426548627094,0.00014975077992317791,0.0001267797743887873,1.181178933833852,2.297100553439062e-05,0.00027653055431196524,1.2346845627140968e-05,1.1459124671803444e-05,1.0773744597664994,8.877209553375239e-07,2.3805970298944412e-05,2.4287442964063087e-05,1.883871729475104e-05,1.2891617524871166,5.448725669312048e-06,4.312616025881413e-05,5.839308427881099e-06,4.984350010091142e-06,1.171293573382292,8.54958417789957e-07,1.082365843797224e-05,1.1668860694640425e-06,1.1049065709249732e-06,1.0551398283926159,6.19794985390693e-08,2.2717926403890155e-06,39.0625,39.0625,142.2727269170315,145.5699841837896,-3.297257266758095,0.4874561147920322,1.6562896372941003,-1.168833522502068,Normal
Train43.csv,12.966051013065872,46.67778364703714,1.0,0.5630671967099491,0.4149441199603446,1.629381462687211,1.2878953656407974,0.06632384629035183,0.5620336035826944,0.4331850727481965,1.5806611002973607,1.4855571546069388,0.09383722062694975,1.2559150989003516,0.5930968650457724,2.3517463301730057,1.4675832720266344,0.7495383565078798,2.867691429715141,0.5625504001463217,1.361749185463493,1.0018372411959555,0.001033593127254706,0.0009186663171153619,1.0308221234511064,0.048720362389850225,0.8557703450760058,-0.21166817312628283,-0.0777191929566109,5.966949462890625,5.28411865234375,1.1292230031626949,0.682830810546875,0.04031685092537427,0.04024284338191852,0.040279847153646395,3,4,0.0010335931272547408,0.08662808533922493,0.163397324034393,-0.14349218242130368,0.0012143115525149251,0.0015684003250149652,0.774235224841664,-0.0003540887725000401,0.00278271187752989,0.00022652546397755434,0.0001910271725168293,1.185822284708282,3.549829146072504e-05,0.00041755263649438364,0.00014355959498145573,0.00011794735851663329,1.2171394056426033,2.561223646482244e-05,0.000261506953498089,7.979664167148075e-05,7.071757671933407e-05,1.1283688865540302,9.079064952146687e-06,0.00015051421839081482,9.071355778916925e-06,9.344535653486235e-06,0.9706619411946676,-2.731798745693093e-07,1.841589143240316e-05,48.828125,48.828125,150.4554287049746,120.85379154326826,29.601637161706336,0.0975017577802948,0.2260115655278776,-0.1285098077475828,Side II
Train44.csv,12.847368623930258,46.25052704614893,1.0,0.39120342431153404,0.3019310927040017,1.3907173426111206,0.7869159143990536,0.07250678573290785,0.3746489378108614,0.3218346962641656,1.4815287355937805,0.6328873115108741,0.10169812463589788,1.3117925189251638,0.6276524575564315,2.674456734951682,1.3693936361732102,0.6777444111907667,3.1921995407340473,0.3829261810611977,1.340593077549187,1.0441838762803413,0.01655448650067265,0.02161573914723767,0.9387036312529607,-0.09081139298265994,0.9579360720960496,-0.057601117248046396,-0.02148343771471372,4.2110443115234375,3.856658935546875,1.0918889354776131,0.3543853759765625,0.02825110206393133,0.027055605146772348,0.027653353605351837,4,2,0.01655448650067264,0.05405013083390357,0.09486275311753561,-0.06407916115798035,0.0004638142496412814,0.00047738549310564257,0.971569695288053,-1.3571243464361176e-05,0.000941199742746924,0.0001187907974070097,0.00010799863155326126,1.099918543226017,1.0792165853748447e-05,0.00022678942896027098,0.0001133032498975908,0.00012080348389460806,0.9379059969035465,-7.500233997017258e-06,0.00023410673379219886,5.650370132892438e-05,5.7161036086636104e-05,0.9884830072057976,-6.573347577117214e-07,0.00011366473741556049,5.134789917698752e-06,5.175950353155064e-06,0.9918561252126715,-4.1160435456311335e-08,1.0310740270853817e-05,48.828125,48.828125,202.41882136006856,206.13788339382788,-3.7190620337593145,0.4641021683521642,0.24894996386086943,0.2151522044912948,Normal
Train45.csv,17.446311202935316,62.80672033056714,1.0,0.37369258946384565,0.22150433251009763,0.9872781766960104,0.5916513623085846,0.07718136241773987,0.38986670990747985,0.2513016077004818,1.0003139256422806,0.8691492448068793,0.1612734094527422,1.3535064562879846,0.6674327464725701,3.0897326129935254,1.5159738698689558,0.6122736266470599,2.905261625378101,0.38177964968566275,1.4347401630784702,0.9585112589922548,-0.0161741204436342,-0.021182505765361424,0.9869673553677113,-0.013035748946270242,0.8928290852242061,-0.16246741358097117,-0.05661908725454634,4.1461944580078125,4.3354034423828125,0.956357016539152,-0.189208984375,0.020258391249757344,0.02113521265137505,0.020696801950566196,3,3,-0.01617412044363411,0.08450432584294505,0.09794803403513652,-0.14420691093280913,0.0005470385989237545,0.0005844637121934688,0.9359651447060748,-3.7425113269714356e-05,0.0011315023111172233,3.6732417148978236e-05,3.430039244832866e-05,1.0708724785535062,2.4320247006495726e-06,7.10328095973069e-05,4.379834652541764e-05,4.24517048612566e-05,1.0316974305538091,1.3466416641610382e-06,8.625005138667424e-05,9.320824739878195e-05,0.00013502352929999146,0.6903060346294269,-4.181528190120951e-05,0.0002282317766987734,6.9028411355026955e-06,8.788318119717386e-06,0.7853670832572676,-1.885476984214691e-06,1.569115925522008e-05,48.828125,48.828125,181.7556832242173,203.87789835893108,-22.12221513471377,0.1439797545416015,0.0963627596626031,0.0476169948789984,Normal
Train46.csv,12.847368623930258,46.25052704614893,1.0,0.42093201894570037,0.2819089090930321,1.1083548650705617,0.8671171197133891,0.06513775277067665,0.40494746422250555,0.3026177079105318,1.3737906534672266,0.8086500141551137,0.09377288539030794,1.331633919866131,0.5117489089935081,2.3992393097762066,1.4124582009689535,0.650177149096496,2.853611865499712,0.41293974158410296,1.3720460604175422,1.039470589804268,0.01598455472319482,0.019354561645379468,0.806785266363538,-0.26543578839666493,0.9427769092039078,-0.08082428110282236,-0.02945391338549978,4.7069549560546875,4.3735504150390625,1.076231764389272,0.333404541015625,0.03039797887797028,0.029243640089330596,0.02982080948365044,3,2,0.015984554723194853,0.0903621273310035,0.2158114945726659,-0.09234567221302803,0.0006619921581685393,0.0004643982828501326,1.42548057806147,0.00019759387531840665,0.0011263904410186718,8.35045478584527e-05,7.468367278705005e-05,1.1180948478752923,8.820875071402655e-06,0.00015818822064550276,0.0001091720989468844,7.21560385815526e-05,1.5129792060894656,3.701606036533179e-05,0.000181328137528437,7.380300240448443e-05,6.797468334800643e-05,1.085726524096045,5.8283190564780004e-06,0.00014177768575249087,5.3756935898379405e-06,4.827303769546988e-06,1.1133710401038646,5.48389820290952e-07,1.0202997359384928e-05,48.828125,48.828125,180.5299539133683,199.24531265183967,-18.715358738471366,0.6990845640424661,1.2049035288790924,-0.5058189648366263,Normal
Train47.csv,19.493582415524664,70.17689669588879,1.0,0.6939752215426158,0.22428811123018935,1.1719955064484802,0.9535951124376333,0.0663195773706441,0.678634825367151,0.2500299035090455,1.170371451631101,1.0538447044952075,0.10093236727109438,1.380373013982073,0.5941391000951832,2.5698072464440633,1.6668563679884738,0.6119371674071242,3.3222185341235293,0.6863050234548834,1.5236146909852732,1.022603280879205,0.015340396175464788,0.011176069295086506,1.0013867848778544,0.0016240548173791503,0.8281290532061998,-0.2864833540064009,-0.0940143402682738,6.548309326171875,6.9438934326171875,0.9430312326484758,-0.3955841064453125,0.03386305075763149,0.033114504414467796,0.033488777586049644,4,4,0.015340396175464885,0.3106999331658301,0.6020184862304458,-0.3278805206941321,0.0006144554131643697,0.0005328584753416094,1.1531284355419413,8.159693782276028e-05,0.001147313888505979,0.00018489442924071178,0.00018125179809943116,1.0200914478533065,3.6426311412806126e-06,0.00036614622734014294,0.00046432319724525,0.0005247080407302127,0.8849155650130849,-6.0384843484962726e-05,0.0009890312379754627,0.000284209476991496,0.00027727186121005406,1.0250172907336466,6.937615781441942e-06,0.0005614813382015501,2.9965800936571245e-05,3.5944693571163555e-05,0.8336409166023293,-5.97889263459231e-06,6.591049450773481e-05,68.359375,78.125,350.1035826479544,377.15651825218026,-27.052935604225866,0.019501493029142836,0.027366143616338157,-0.007864650587195321,Normal
Train48.csv,0.059341194567807204,0.21362830044410594,0.0,0.1052729272353747,0.050990496086492317,0.2806993232722291,0.15041785742497704,0.031160703870636505,0.11192141047328782,0.1402161573654958,0.8644103955422895,0.1520277502915166,0.02231450654739229,1.2453516314654105,0.577774528869666,3.063868927081221,1.3636761812616602,0.5837550651679114,2.5816567217139887,0.10859716885433127,1.3045139063635354,0.9405884557900926,-0.00664848323791313,-0.030610616728942636,0.32472885563491677,-0.5837110722700605,0.913230527413551,-0.11832454979624973,-0.045351952120671196,0.6053924560546875,0.7282257080078125,0.8313241596299606,-0.122833251953125,0.09937584583248857,0.10565190048986041,0.1025138731611745,2,1,-0.00664848323791313,0.04871474713776025,0.03498791778185477,-0.1298749825481692,1.5424530403085077e-05,1.6885775563016903e-05,0.9134088592298085,-1.4612451599318266e-06,3.2310305966101976e-05,3.0383758259900823e-06,3.2868431648921704e-06,0.9241243190776498,-2.484673389020881e-07,6.325218990882253e-06,1.1182792613379499e-05,6.937325235647178e-05,0.16119514421457082,-5.819045974309228e-05,8.055604496985128e-05,1.7401005524042733e-07,2.0141190431781086e-07,0.8596829115703134,-2.740184907738353e-08,3.754219595582382e-07,3.2049840369709834e-07,3.806643402003613e-07,0.8397389274796989,-6.016593650326295e-08,7.011627438974596e-07,351.5625,351.5625,228.96572652292514,309.7109804346261,-80.74525391170096,0.049368399942454566,-0.8676293380040287,0.9169977379464833,Normal
Train49.csv,0.0,0.0,0.0,0.07061842743483808,0.029861781737223855,0.1288820301769113,0.1190552931055898,0.019324158442680556,0.05431912326341322,0.02530247984947983,0.134751305303108,0.08135201001103977,0.018159779689771637,1.3381007201945412,0.6177317284674263,3.0633027377319877,1.491923335509657,0.5625155011428541,2.804276768354193,0.06246877534912565,1.4150120278520992,1.3000417376151725,0.01629930417142486,0.13045856607373782,0.9564365513970817,-0.005869275126196699,0.8968958333516505,-0.15382261531511587,-0.05435379980296323,0.3162384033203125,0.351715087890625,0.8991297646261062,-0.0354766845703125,0.07061842743483808,0.05431912326341322,0.06246877534912565,3,0,0.016299304171424868,0.01769847481287412,0.04649373506232398,-0.005007546487400698,8.928370450993638e-07,1.093688213547186e-06,0.8156085304017741,-2.0085116844782214e-07,1.98652525864655e-06,4.143386952129399e-07,6.575085961936159e-07,0.6292077242543928,-2.4316990098067593e-07,1.0718472914065557e-06,4.993408442653948e-07,5.551936541432056e-07,0.897782347111834,-5.585280987781083e-08,1.0545344984086005e-06,1.700243206532992e-07,2.0287658417018107e-07,0.8339570792071713,-3.2852263516881855e-08,3.729009048234803e-07,2.684888373325208e-07,3.366506517905394e-07,0.7951675375384053,-6.816181445801863e-08,6.051394891230603e-07,87.890625,87.890625,828.8134706967161,804.362950901613,24.450519795103105,0.3015167253299573,0.03536872797009538,0.26614799735986194,Normal
Train50.csv,1.8692476288859268,6.729291463989337,1.0,0.08626426254607589,0.024721376841177912,0.13437368924588391,0.12044248294701519,0.04017022212636822,0.07481426241286197,0.028125153480048817,0.14926094736752138,0.10971036965470132,0.030662254717561524,1.2244350124031327,0.6059112290226589,2.983461087781825,1.3958457164954858,0.6226580570277575,2.5336282177844027,0.08053926247946894,1.3101403644493093,1.1530302743581053,0.011450000133213914,0.0710829022877534,0.9002541613303574,-0.014887258121637464,0.8771987625384027,-0.17141070409235315,-0.06541689857311721,0.528717041015625,0.61492919921875,0.8598000906238525,-0.086212158203125,0.030065115913181263,0.02607452269357138,0.028069819303376323,3,0,0.011450000133213923,0.015265974518142945,0.029033527684886755,-0.014648811118422103,5.361595054442821e-06,5.264214659963186e-06,1.0183051215770011,9.738039447963488e-08,1.0625809714406006e-05,2.107899971385541e-06,3.394459529599741e-06,0.6207996157839707,-1.2865595582142e-06,5.502359500985282e-06,1.1927296670934186e-06,1.419698780709942e-06,0.8395373342246382,-2.269691136165235e-07,2.612428447803361e-06,2.537533617983243e-06,2.6314802436205373e-06,0.9639326350625481,-9.394662563729415e-08,5.1690138616037805e-06,3.374119787760593e-07,4.1617493946104297e-07,0.808802127980096,-7.876296068498368e-08,7.535869182371023e-07,78.125,78.125,440.11330832561123,447.1496793603894,-7.036371034778199,0.17106631968922326,-0.030056319526980957,0.2011226392162042,Normal
Train51.csv,1.275835683207855,4.593008459548278,1.0,0.07315745586764241,0.028921720265806264,0.12799856646673813,0.12120400610738562,0.035795128808459184,0.05794421657071863,0.023835258411465436,0.1407219234873683,0.08087358782959887,0.02767525402527987,1.3563078330231613,0.5017213139937062,2.414758276437165,1.5147150703647139,0.5000449307218601,2.721810514647534,0.06555083621918052,1.4355114516939376,1.2625279565287009,0.01521323929692378,0.11604064977452237,0.9095786478471479,-0.012723357020630183,0.8954205078821069,-0.1584072373415526,-0.05517447526460102,0.3871917724609375,0.4001617431640625,0.9675857612316322,-0.012969970703125,0.032145315414215184,0.02546063276811119,0.02880297409116319,4,0,0.015213239296923782,0.015175531648046813,0.03809906178373475,-0.007011727416115658,1.1184198402587427e-06,1.2727888328168956e-06,0.8780260993381727,-1.543689925581529e-07,2.391208673075638e-06,6.908740745876031e-07,1.075112241552087e-06,0.6420093071250157,-3.8423816696448404e-07,1.7659863161396902e-06,4.293810027008889e-07,5.060025036574389e-07,0.8469011486203711,-7.662150095655001e-08,9.353835063583278e-07,1.7248773847531594e-06,2.029612962149413e-06,0.8494368040118137,-3.0473557739625367e-07,3.7544903469025726e-06,3.6114382519106456e-07,3.765755110364317e-07,0.956481060436725,-1.543168584536715e-08,7.377193362274963e-07,87.890625,87.890625,770.282492943378,747.9912878408528,22.29120510252517,0.00522564797473235,0.18832976536551138,-0.18310411739077903,Normal
Train52.csv,1.3055062804917583,4.69982260977033,1.0,0.16849185081934548,0.07387169150038729,0.34898839175831353,0.25644630214073344,0.05443774823067586,0.1661273034627234,0.06867767186415576,0.3371547557922512,0.24517494832865358,0.05751558818157897,1.3291684214994774,0.4488088433992318,2.2897145023005883,1.4141208374958758,0.5271281346995172,2.326355767528286,0.16730957714103445,1.3716446294976765,1.0142272406769772,0.0023645473566220876,0.007066362639438886,1.0350954588874153,0.01183363596606235,0.93992496704044,-0.08495241599639836,-0.0309673450404441,1.256561279296875,1.3622283935546875,0.9224300145351618,-0.1056671142578125,0.07308236470447031,0.07205675597955383,0.07256956034201208,3,4,0.002364547356622086,0.04930508529784976,0.0665044025362399,-0.06987905169507488,5.5171328597323435e-05,6.10952122498469e-05,0.9030237156389623,-5.923883652523465e-06,0.00011626654084717034,3.109640878646748e-05,2.9322560147985824e-05,1.0604581650227567,1.7738486384816563e-06,6.0418968934453305e-05,3.8399397531643565e-06,3.902492725138349e-06,0.9837189469920838,-6.255297197399283e-08,7.742432478302707e-06,4.0399173778918733e-07,4.5003847700179e-07,0.8956924040597628,-4.604673921260267e-08,8.540302147909773e-07,3.0422549806709437e-07,3.70290507184712e-07,0.8193732190296648,-6.606500911761763e-08,6.745160052518064e-07,48.828125,48.828125,130.43318016429353,126.0531197882582,4.380060376035331,0.3567166831723312,0.4678019459009155,-0.11108526272858432,Normal
Train53.csv,14.123204307138113,50.84353550569721,1.0,0.5955390390902451,0.20981876323056195,1.0601971859432424,0.8860710384835572,0.07945567799295293,0.7687620864073981,0.41995503715869054,1.8925096560475014,1.4641853361163073,0.25819842035621476,1.4974310527607806,0.5450059278455663,2.852865305589555,1.712601273099784,0.4785955926332465,2.7231737545333927,0.6821505627488216,1.6050161629302822,0.7746717416848568,-0.173223047317153,-0.12696824558121106,0.5602067193415221,-0.832312470104259,0.8743600754718451,-0.21517022033900335,-0.06703052538600024,6.5338134765625,6.95648193359375,0.939240926619668,-0.42266845703125,0.03937915715448955,0.050833280487029085,0.04510621882075932,2,3,-0.17322304731715302,0.3542247493762608,0.10703520717905946,-0.9924248168606263,0.0007278886733071692,0.001677661888563493,0.4338706412767034,-0.0009497732152563237,0.002405550561870662,0.00020370436385082325,0.0007779722327583422,0.2618398105145333,-0.0005742678689075189,0.0009816765966091654,0.0002019408906267791,0.00026909821966714537,0.7504328361730819,-6.715732904036628e-05,0.00047103911029392447,5.485714151279552e-05,6.468147284885917e-05,0.8480990150295877,-9.824331336063654e-06,0.0001195386143616547,8.82167078887885e-06,1.2483119589452608e-05,0.7066313908376821,-3.6614488005737575e-06,2.130479037833146e-05,58.59375,87.890625,191.57890655058154,153.30366060263378,38.27524594794775,0.060145155648258175,0.4891994693781614,-0.4290543137299032,Side II
Train54.csv,10.384709049366261,37.38495257771854,1.0,0.31373492129359815,0.15227088457052246,0.8137347302857322,0.5259193080166972,0.07250082558128954,0.32407010673882,0.21056686907567973,1.208225141263625,0.509677371999795,0.09467872906339918,1.2781707760685017,0.5327476349849778,2.3579670513506663,1.35902490077288,0.6316666778142271,2.836904452860802,0.31890251401620906,1.318597838420691,0.9681051928719085,-0.010335185445221828,-0.016204276834925924,0.6734953850896545,-0.3944904109778927,0.9405050892272209,-0.08085412470437836,-0.03065911822747282,4.30908203125,3.8906097412109375,1.1075592799882146,0.4184722900390625,0.027557570416001317,0.02846538329030548,0.0280114768531534,2,1,-0.010335185445221773,0.08010584476806998,0.0644466711480256,-0.21174507703547252,0.00025409129191932255,0.00029195404434039375,0.8703096481630733,-3.786275242107119e-05,0.0005460453362597162,3.625811145374976e-05,5.890757222234555e-05,0.6154980520813933,-2.264946076859579e-05,9.516568367609531e-05,5.774131115870809e-05,5.75360670497883e-05,1.0035497831118685,2.052441089197868e-07,0.0001152773782084964,4.061775899591937e-05,4.700380873699995e-05,0.8641192271025453,-6.386049741080581e-06,8.762156773291932e-05,2.6396149267997057e-06,2.4207388576884063e-06,1.089966789119148,2.1887606911129933e-07,5.060353784488112e-06,68.359375,68.359375,220.0908887849599,204.9822736793648,15.108615105595106,1.6100560425500845,0.8214985161792989,0.7885575263707856,Normal
Train55.csv,0.0,0.0,0.0,0.07048101182416613,0.029711539742136927,0.1286403919979132,0.11834284068436796,0.017482071275618787,0.05437064677604039,0.02574435117712859,0.12760044274118798,0.08252174566411112,0.01639518364568747,1.293605936243039,0.6239512142025757,3.0411405715313236,1.4683634156774077,0.5435010155038066,2.5632598581906763,0.062425829300103264,1.3809846759602233,1.2962824560837938,0.01611036504812574,0.12903501798638584,1.008142143493099,0.0010399492567252089,0.8809842586972891,-0.1747574794343687,-0.06327275718686,0.313568115234375,0.345611572265625,0.9072821430621402,-0.03204345703125,0.07048101182416613,0.05437064677604039,0.062425829300103264,3,0,0.016110365048125727,0.0172297672886591,0.047263677156562545,-0.006566219359296764,9.031628734976371e-07,1.141892299271694e-06,0.7902432049574364,-2.387294257740569e-07,2.045055172769331e-06,5.77986284785804e-07,1.0942969017899155e-06,0.5276982741768635,-5.163106170041115e-07,1.6722831865757197e-06,3.870706797396023e-07,4.4189624358621047e-07,0.8739534040871998,-5.482556384660818e-08,8.289669233258127e-07,1.4832460567477786e-07,1.6821635630804597e-07,0.8765382313560977,-1.9891750633268113e-08,3.1654096198282386e-07,2.772793983874351e-07,3.328529978375703e-07,0.8305433834155355,-5.557359945013522e-08,6.101323962250054e-07,87.890625,87.890625,810.9088122799049,729.4335992764152,81.47521300348967,0.630933689764611,0.5173705707452885,0.11356311901932248,Normal
Train56.csv,13.856168931582983,49.88220815369874,1.0,0.3294710748323331,0.10831128587785654,0.5374581886263904,0.47938699906016585,0.07146265502480491,0.2899128814918416,0.13971477636162763,0.80254525140236,0.44937039300645737,0.10088060789344103,1.2072220952707644,0.5174684441676762,2.296628968043505,1.3303434795250653,0.5784257972842463,2.753526171705872,0.3096919781620874,1.2687827873979147,1.1364446336164995,0.03955819334049154,0.06386689398343653,0.6696912329815785,-0.2650870627759696,0.9074507496748093,-0.12312138425430086,-0.04851946958838197,3.7609100341796875,2.9876708984375,1.2588095888797486,0.7732391357421875,0.022177391516591125,0.019514646260888353,0.020846018888739742,4,1,0.039558193340491585,0.047710005671617824,0.1033957412590149,-0.03717595377922517,0.00022007929226639704,0.00016790950675331525,1.310693991232635,5.2169785513081794e-05,0.0003879887990197123,4.3806460794241346e-05,3.538522246880557e-05,1.2379524497947914,8.421238325435775e-06,7.919168326304691e-05,0.00010860511366584527,8.641756953960601e-05,1.256733526653332,2.218754412623926e-05,0.0001950226832054513,3.582987946189116e-05,3.5948696043188285e-05,0.9966671044686113,-1.1881658129712257e-07,7.177857550507945e-05,3.0836413748196127e-06,4.689591306581829e-06,0.6574099454140575,-1.6059499317622163e-06,7.773232681401441e-06,58.59375,68.359375,267.4769413865847,297.2107114492488,-29.733770062664064,0.2296739595839723,0.18806973395883597,0.041604225625136326,Normal
Train57.csv,5.607742886657781,20.187874391968013,1.0,0.2417859701926307,0.13121827928035823,0.7091628866640322,0.37489424689255235,0.07819735037931995,0.2656500827054018,0.11118264486258275,0.520538443689311,0.4598653613703259,0.13442164210417182,1.2819793378452684,0.6247709874967544,3.002617625327384,1.4248869358467535,0.596746930851758,2.6390069625955257,0.25371802644901625,1.3534331368460109,0.910163691900941,-0.023864112512771096,-0.04702871494401197,1.3623614795410255,0.18862444297472114,0.8997053772396773,-0.14290759800148511,-0.05279446073710397,2.347564697265625,2.40020751953125,0.9780669796656225,-0.052642822265625,0.03659131027643948,0.04020284797124855,0.03839707912384401,2,5,-0.023864112512771124,0.10655201322952161,0.15960076151903396,-0.14677048492655803,0.0001646710497123576,0.0002217279624523337,0.7426682012628723,-5.705691273997609e-05,0.0003863990121646913,4.4893461752751316e-05,6.528979353054133e-05,0.6875925276011743,-2.0396331777790014e-05,0.00011018325528329265,1.831229888272501e-05,2.0789765938677636e-05,0.8807900072915609,-2.477467055952626e-06,3.9102064821402646e-05,3.7605969268048534e-06,4.415320337686772e-06,0.8515226793477169,-6.547234108819187e-07,8.175917264491625e-06,1.4391467690878636e-06,1.327329449072849e-06,1.0834260808509237,1.1181732001501458e-07,2.7664762181607127e-06,48.828125,68.359375,138.48554541448277,132.39610634055745,6.08943907392532,1.725505584010942,0.3254092662399035,1.4000963177710384,Normal
Train58.csv,9.405579338997441,33.86008562039079,1.0,0.21808049681318525,0.08929582804652994,0.4340991605762414,0.37241882467797677,0.0788827388975033,0.23692594409474232,0.19639363070532617,0.8950450704190892,0.5659182725937092,0.0700328351394216,1.2771461115087996,0.6161711280393712,2.9797261464133706,1.4588241234894879,0.5684025784575634,2.71910557942822,0.2275032204539638,1.3679851174991438,0.9204546053064325,-0.01884544728155707,-0.04141788812058245,0.48500202941842124,-0.4609459098428478,0.8754621036782567,-0.18167801198068823,-0.06640348029126919,2.140045166015625,2.19879150390625,0.9732820001040308,-0.058746337890625,0.020958035079880224,0.022769125713818228,0.021863580396849228,6,2,-0.01884544728155714,0.11427064028317425,0.0837685282406255,-0.23984479053527735,0.0001106311707063929,0.0002654355454902726,0.4167895212094944,-0.0001548043747838797,0.0003760667161966655,1.1991375022708327e-05,1.5450251604531652e-05,0.7760779080958989,-3.458876581823326e-06,2.744162662723998e-05,3.654159769859596e-05,2.4183596509615884e-05,1.5109451044207782,1.2358001188980076e-05,6.072519420821185e-05,8.659659739204761e-06,7.676252992380111e-06,1.127963315498358,9.834067468246496e-07,1.633591273158487e-05,1.2117368380177479e-06,1.3466998595480856e-06,0.899114761668129,-1.349630215303377e-07,2.5584366975658336e-06,48.828125,48.828125,194.94957939280914,113.42505447307659,81.52452491973256,0.324243824999753,0.904581081128609,-0.580337256128856,Normal
Train59.csv,5.162683927399226,18.585662138637215,1.0,0.2372278547964442,0.13947749918910757,0.5887225022343462,0.41537588424065575,0.07279659785217729,0.22681982130209705,0.10158380865368513,0.44821863382658855,0.36154007017619283,0.08873638545635577,1.3233448237280492,0.48768214414937655,2.3087607418537415,1.4092867788283172,0.5079939875018706,2.2565328575261363,0.23202383804927063,1.366315801278183,1.045882178869665,0.010408033494347158,0.022428753771806906,1.313468794769746,0.14050386840775764,0.9390167456275531,-0.08594195510026803,-0.03145024143379893,2.693939208984375,2.7740478515625,0.9711217621373167,-0.080108642578125,0.03849424335097436,0.03680536337319825,0.03764980336208631,3,3,0.010408033494347154,0.05017815378753815,0.09351748062641757,-0.04760580025797706,0.00015495090516222824,0.00015681497143486435,0.988106656129661,-1.8640662726361092e-06,0.0003117658765970926,3.892290948862242e-05,3.394323795089278e-05,1.1466720668448145,4.9796715377296405e-06,7.28661474395152e-05,3.207181662203474e-05,2.2498050937603e-05,1.4254741993775675,9.573765684431743e-06,5.456986755963774e-05,3.3277766457660685e-06,3.4039199651559735e-06,0.9773435733646176,-7.614331938990506e-08,6.731696610922042e-06,7.216921657081904e-07,7.890696810390043e-07,0.9134538168318369,-6.737751533081385e-08,1.5107618467471947e-06,58.59375,39.0625,140.86716535877468,129.41382291446368,11.453342444311005,0.7395919416824563,0.7291189931157813,0.010472948566675022,Normal
Train60.csv,9.55393232541696,34.39415637150106,1.0,0.2773423969304507,0.1492104120268839,0.7156405984436232,0.4438061852301409,0.07257909061705223,0.3676100157249593,0.3504095388836711,1.532731293404381,0.6508141275809189,0.09816229360605623,1.3126004866916392,0.5533859403814378,2.7028053789312927,1.5020355747913883,0.5545255620339916,2.3932599151152503,0.322476206327705,1.4073180307415138,0.7544452833751693,-0.09026761879450862,-0.13995990566645378,0.46690514809608413,-0.8170906949607579,0.8738805091173901,-0.18943508809974907,-0.06730355778088704,3.0673980712890625,4.338836669921875,0.7069630865780452,-1.2714385986328125,0.02627858397978628,0.03483156840409586,0.030555076191941068,1,4,-0.09026761879450865,0.1542346197852577,0.059957324418838026,-0.372617777086506,0.00015961690324280324,0.0006143196116217233,0.25982670973945704,-0.00045470270837892005,0.0007739365148645266,3.4467150297324933e-05,0.00013855727273932533,0.2487556290642366,-0.0001040901224420004,0.00017302442303665025,7.049918736525605e-05,7.898266661425973e-05,0.892579319083271,-8.483479249003689e-06,0.00014948185397951577,3.589786232862044e-05,3.841655932513912e-05,0.934412882005498,-2.5186969965186796e-06,7.431442165375956e-05,2.3665947941583404e-06,3.056093295127278e-06,0.7741323426178953,-6.894985009689375e-07,5.422688089285618e-06,58.59375,68.359375,287.0113157111415,156.74248107639465,130.26883463474684,0.18133028026741593,2.508704535841318,-2.327374255573902,Normal
Train61.csv,7.684684696531034,27.66486490751172,1.0,0.20183549499640618,0.1177312196463113,0.5699347329209016,0.3442922412945057,0.0569517862296033,0.1941011518783991,0.1619114850187458,0.8594463058712972,0.232449542036513,0.05898030248060564,1.2141212121556286,0.6523353452754775,2.9306772442133227,1.3156237449578454,0.5547990113379664,2.4809322855210247,0.19796832343740264,1.264872478556737,1.0398416145476421,0.007734343118007081,0.01953424530113618,0.6631409849416058,-0.28951157295039565,0.9228476560727283,-0.10150253280221677,-0.04012360708267901,2.0656585693359375,2.03704833984375,1.0140444460193496,0.0286102294921875,0.023240394101702547,0.022349821399495356,0.02279510775059895,3,1,0.007734343118007095,0.03567576018517503,0.06113756889467406,-0.0718131707154066,8.457473929608315e-05,0.0001458684214855559,0.579797591810274,-6.129368218947276e-05,0.00023044316078163908,2.1695955221639063e-05,1.5372468977706636e-05,1.4112595701790396,6.323486243932427e-06,3.70684241993457e-05,1.3216951697336245e-05,1.189922922849948e-05,1.1106468155826266,1.317722468836766e-06,2.5116180925835723e-05,6.786826735807587e-05,5.506639803960578e-05,1.2324582198211615,1.2801869318470089e-05,0.00012293466539768167,7.733338721908621e-07,8.302291908920572e-07,0.9303497527089212,-5.689531870119515e-08,1.6035630630829192e-06,58.59375,58.59375,383.09040052761077,277.125089614148,105.96531091346276,2.1480999709272393,3.5822520256848263,-1.434152054757587,Normal
Train62.csv,13.262756985904911,47.74592514925768,1.0,0.464615832550171,0.40291912239056416,1.7899372552618258,1.2025718938024104,0.06556573644164686,0.4222054357305497,0.2731754588802739,1.2613243218745893,0.7331120917634267,0.09265482497767878,1.3348398560197379,0.5154745887403687,2.5289577418786835,1.4860804308518585,0.5701163408485628,2.8311919974813033,0.44341063414036036,1.4104601434357982,1.1004470638782182,0.04241039681962133,0.0478228821450799,1.4190924610960878,0.5286129333872365,0.898227935769694,-0.1512405748321206,-0.05361389399129478,4.61883544921875,4.8213958740234375,0.9579869838353193,-0.2025604248046875,0.03257545739644341,0.029601951161882085,0.031088704279162747,2,4,0.04241039681962136,0.16997485469009257,0.3888555563996786,-0.10428702618409835,0.0007637961759695715,0.0005800284672304334,1.316823056622624,0.00018376770873913806,0.001343824643200005,0.00011990141663254737,0.00012751492679811992,0.9402858109040163,-7.613510165572557e-06,0.0002474163434306673,0.00012278756812901935,0.0001173730769001465,1.0461216937491082,5.414491228872845e-06,0.00024016064502916585,4.838708929490209e-05,5.377615784557267e-05,0.8997702971557406,-5.389068550670578e-06,0.00010216324714047476,5.775323984897679e-06,4.759837953525935e-06,1.213089805045854,1.0154860313717438e-06,1.0535161938423615e-05,58.59375,48.828125,167.51212250210398,184.58253181761026,-17.070409315506282,0.7898789166984095,0.6040982713119152,0.1857806453864943,Side I
Train63.csv,10.740756216773104,38.66672238038318,1.0,0.3028968558880309,0.15216705898223096,0.7773026594487018,0.4328225785401257,0.0664567194616145,0.26816845971427433,0.10755863968526337,0.5407791860475477,0.42874355169599443,0.09745493165127929,1.2081754228784318,0.5016335301542872,2.3021807049459024,1.3985988416167894,0.5754918025231387,3.0026070447821387,0.2855326578011526,1.3033871322476105,1.1294979533119,0.03472839617375656,0.06081324572108306,1.4373726691612883,0.2365234734011541,0.8638463890298845,-0.19042341873835755,-0.0730494190780314,2.8133392333984375,2.3342132568359375,1.205261781415028,0.4791259765625,0.025798751826164805,0.022840816618878684,0.024319784222521745,3,1,0.0347283961737566,0.07415584865456634,0.15723804179356088,-0.07844086492121427,0.0001976777356078487,0.00010601915446632062,1.8645297830672836,9.165858114152807e-05,0.0003036968900741693,5.296757702830721e-05,3.170675956369284e-05,1.6704925783831808,2.1260817464614375e-05,8.467433659200005e-05,5.5516641035013545e-05,5.060765261005166e-05,1.096979235206651,4.908988424961888e-06,0.0001061242936450652,6.252936068633645e-05,5.4161627536574305e-05,1.1544742847660474,8.367733149762149e-06,0.00011669098822291075,3.444726025058574e-06,2.539525903924088e-06,1.3559106087986985,9.052001211344861e-07,5.984251928982662e-06,58.59375,58.59375,267.5458834091088,335.30421405640766,-67.75833064729886,0.06931428196588163,0.31371367067900424,-0.2443993887131226,Normal
Train64.csv,2.7000243528352277,9.72008767020682,1.0,0.09615029617571362,0.02770330158615656,0.16526494566294603,0.1262861000098613,0.05024079514645685,0.08606032664686883,0.028244224149122723,0.15736496798390304,0.1217787890433386,0.045153806943705195,1.2791189612890002,0.47403172364397156,2.2130804190930053,1.4140834603091403,0.5301972995446037,2.2625862526654608,0.09110531141129122,1.3466012107990704,1.1172300023940178,0.010089969528844792,0.055375005021876623,1.0501949549844918,0.007899977679042991,0.9045562674589928,-0.13496449902014018,-0.05011299849754853,0.8007049560546875,0.7720947265625,1.0370539927990026,0.0286102294921875,0.025986395495488097,0.023259394652611717,0.024622895074049904,2,0,0.010089969528844795,0.013511123368618191,0.036515886089975746,-0.008854005512488702,8.906849607655024e-06,9.186604394765675e-06,0.969442003045908,-2.7975478711065114e-07,1.8093454002420698e-05,3.7403394669150194e-06,4.31492582926715e-06,0.8666366417956107,-5.745863623521309e-07,8.05526529618217e-06,1.6364032414493464e-06,1.9848675709927935e-06,0.8240243535631434,-3.4846432954344704e-07,3.62127081244214e-06,3.928279929636754e-06,4.1029463067630685e-06,0.9571957418553878,-1.7466637712631432e-07,8.031226236399823e-06,3.862894367018422e-07,4.0415553016559507e-07,0.9534349353295463,-1.786609346375287e-08,7.904449668674373e-07,68.359375,78.125,379.6961919370383,381.0003526906156,-1.304160753577321,0.8745592842876673,0.3904567904512164,0.4841024938364509,Normal
Train65.csv,12.877039221214162,46.35734119637098,1.0,0.304472669303938,0.15694473497394779,0.6550003824524091,0.5612717660082451,0.07224830213617521,0.30717124124762757,0.190564029564055,0.8598911296054249,0.6138913247765759,0.0978714669516807,1.3681673212640972,0.5352230660130343,2.946654489606316,1.5418502669706007,0.4874932400616508,2.5556811870370013,0.3058219552757828,1.455008794117349,0.9912115367823446,-0.002698571943689554,-0.004411991168627645,0.7617238952436585,-0.2048907471530158,0.8873536316847511,-0.17368294570650344,-0.059684479820407116,3.1757354736328125,3.3710479736328125,0.9420615062173006,-0.1953125,0.02194075151408979,0.02213521460529185,0.022037983059690822,3,3,-0.0026985719436895574,0.08288856034042295,0.14126712008623515,-0.1505857042219143,0.00024493819899948474,0.00024203013843331514,1.012011101484657,2.9080605661695993e-06,0.00048696833743279986,3.5390401825389584e-05,3.903625311860885e-05,0.906580227811141,-3.6458512932192633e-06,7.442665494399843e-05,6.0374390784423126e-05,9.14873989182583e-05,0.6599130763930576,-3.111300813383518e-05,0.00015186178970268144,4.0431509494906123e-05,3.4883815475127696e-05,1.1590002396238308,5.547694019778427e-06,7.531532497003383e-05,2.395072554156766e-06,2.9852234076257927e-06,0.802040647073012,-5.901508534690269e-07,5.3802959617825585e-06,58.59375,68.359375,216.56665443541695,237.3700776888605,-20.803423253443555,0.7547564332856673,0.594973902673412,0.15978253061225534,Normal
Train66.csv,12.936380415781969,46.57096949681509,1.0,0.3407702632483024,0.11033050226586862,0.5733145646994098,0.448842751584304,0.0797131291482332,0.4450454152543547,0.2406624142129836,1.1735037674459405,0.7550257905381236,0.1700099848171138,1.3543448147330865,0.6103051615735591,2.9883572188550582,1.5452468444144603,0.5860714086899758,2.833323169554451,0.39290783925132855,1.4497958295737734,0.7656960073558711,-0.10427515200605231,-0.1326965370660553,0.4885489864239691,-0.6001892027465308,0.8764579867421123,-0.1909020296813737,-0.06583753379259041,3.9379119873046875,5.44281005859375,0.7235070159356439,-1.5048980712890625,0.02445184854902526,0.03193407484416629,0.028192961696595777,1,6,-0.10427515200605231,0.13867745759826167,0.05351721066394355,-0.43353176599322363,0.00023091725583360286,0.0005657384958977851,0.4081688789769838,-0.0003348212400641822,0.0007966557517313879,5.822643453487207e-05,0.00011450291666131575,0.5085104180942258,-5.627648212644368e-05,0.00017272935119618782,4.696216201607101e-05,4.831529994487051e-05,0.9719734762317357,-1.3531379287994976e-06,9.527746196094152e-05,3.0362272222483414e-05,3.477851877772922e-05,0.8729928788412576,-4.416246555245807e-06,6.514079100021264e-05,3.2616339068868534e-06,4.104121021142213e-06,0.7945280760515395,-8.424871142553593e-07,7.365754928029066e-06,87.890625,58.59375,202.0468206925924,144.1635847754669,57.88323591712552,0.1991198224516726,3.0910928637771837,-2.891973041325511,Normal
Train67.csv,9.375908741713538,33.753271470168734,1.0,0.2316675729442937,0.14072875147613634,0.7968221908723283,0.32703591390462017,0.07231437482192123,0.21878639589935076,0.14789978518835242,0.7445473848337828,0.2973532572591581,0.10261765147766075,1.353904074153831,0.5976767214756732,2.875692714291045,1.4404248856726087,0.6730095151029646,2.7583240191344656,0.2252269844218222,1.39716447991322,1.0588707452364772,0.012881177044942932,0.02859592619881626,1.0702087427806528,0.05227480603854551,0.9399331736680252,-0.08652081151877766,-0.030962990327796366,2.25830078125,2.1759033203125,1.037867685710402,0.0823974609375,0.022327448969644153,0.02108599847450269,0.02170672372207342,4,2,0.012881177044942939,0.12114989006397285,0.21844541728090403,-0.24360539012534693,0.00011231570087652351,0.00012755167721409397,0.8805436571747094,-1.5235976337570455e-05,0.00023986737809061746,1.2791949721562635e-05,1.4384700185451895e-05,0.889212868102103,-1.5927504638892599e-06,2.717664990701453e-05,3.482929834252588e-05,2.6367979058829957e-05,1.3208436422517802,8.46131928369592e-06,6.119727740135584e-05,9.411788483223153e-06,9.547002996774482e-06,0.985733716925168,-1.352145135513291e-07,1.8958791479997634e-05,1.1465762758112744e-06,1.369602240041775e-06,0.8365492498949421,-2.2302596423050072e-07,2.5161785158530492e-06,48.828125,39.0625,188.83999189343808,171.4608830856448,17.379108807793273,0.23215529451517591,0.45350222731371925,-0.22134693279854334,Normal
Train68.csv,9.909979492823803,35.67592617416569,1.0,0.4854041551958076,0.21985388876299009,0.9711113882879763,0.8218109643891156,0.08023938944300954,0.4614814151235245,0.1820557343277521,0.9028230525344499,0.7825884612173997,0.20756210787953477,1.4759975312708544,0.4812363579548784,3.3042018479418087,1.5216827239652704,0.5187645752518774,2.6249888425544494,0.47344278515966604,1.4988401276180623,1.0518367315597064,0.023922740072283122,0.025264631289696415,1.0756374794865367,0.06828833575352633,0.9699765516480884,-0.045685192694415955,-0.015240176924953741,5.5454254150390625,5.5049896240234375,1.007345115328475,0.040435791015625,0.044491756883236054,0.042299017649581334,0.043395387266408694,5,2,0.02392274007228313,0.12202120111260756,0.1429293303341721,-0.18003764672588596,0.0007204631879291339,0.0005633055143743618,1.278989625620287,0.00015715767355477207,0.0012837687023034958,7.86403049535607e-05,0.00010445816205161548,0.752833005827702,-2.5817857098054775e-05,0.00018309846700517618,6.120411883540954e-05,6.410225478220285e-05,0.9547739665225514,-2.8981359467933175e-06,0.00012530637361761238,2.444924846443218e-05,2.2683319569788095e-05,1.0778039160140687,1.7659288946440859e-06,4.7132568034220276e-05,1.2285999805408133e-05,1.4149174450225864e-05,0.8682578330482721,-1.8631746448177308e-06,2.6435174255633997e-05,58.59375,58.59375,149.85147185672815,176.66011941342495,-26.808647556696798,0.5817908182074447,0.6730228314994884,-0.09123201329204367,Normal
Train69.csv,0.08901179185171079,0.32044245066615884,0.0,0.07069907541392711,0.02924646342155953,0.12616963340256127,0.12089832645422832,0.03164447713879558,0.053427187650852276,0.0263376195526563,0.13558676624621802,0.0744689024563773,0.01190295092114151,1.1810583613259689,0.5112292995974748,2.03870135795996,1.3131843136338108,0.5884690482692092,2.1270033495028784,0.062063131532389695,1.2471213374798897,1.3232542319409806,0.01727188776307484,0.1391466091865814,0.9305384762622753,-0.00941713284365675,0.8993843816740352,-0.13212595230784197,-0.052972351352147874,0.3116607666015625,0.3215789794921875,0.9691547561316206,-0.009918212890625,0.06492039474954933,0.049060247143887105,0.056990320946718215,3,0,0.017271887763074846,0.016242611186482667,0.04523444846234798,-0.0016893778485857422,7.808045225739894e-07,9.856599356890996e-07,0.791361333658149,-2.0485541311511017e-07,1.766464458263089e-06,7.135139648868503e-07,9.870482635148758e-07,0.7221448498361819,-2.735342986280255e-07,1.7005622284017262e-06,3.103533076804395e-07,4.770703349884834e-07,0.649179179226663,-1.6671702730804393e-07,7.87423642668923e-07,1.5896058881931904e-07,2.1840500798633165e-07,0.7245075683469443,-5.944441916701261e-08,3.773655968056507e-07,2.518663650249421e-07,3.3160193132316366e-07,0.7572606810278047,-7.973556629822157e-08,5.834682963481057e-07,87.890625,273.4375,800.704771601588,757.7430281799478,42.96174342164022,0.3533629239397196,0.6295745381143618,-0.27621161417464224,Normal
Train70.csv,4.8956485518440935,17.624334786638737,1.0,0.2169958628814151,0.12544046465010006,0.6612429956667318,0.364634621467301,0.07049251400993395,0.210219320523922,0.08348740199435867,0.34708900465726195,0.3215320211704944,0.08108813962841432,1.1739115499006816,0.6744357855425642,2.9912454949953595,1.2823573869239042,0.5846652489215785,2.559700174832367,0.21360759170266855,1.2281344684122928,1.0322306727561195,0.006776542357493087,0.015862091888648313,1.9051052660524868,0.3141539910094699,0.9154317247588152,-0.10844583702322264,-0.044150618544564015,2.3685455322265625,2.4410247802734375,0.970307463103173,-0.072479248046875,0.03680610554941257,0.03565669131654188,0.03623139843297723,3,3,0.006776542357493091,0.06222928266233715,0.15102138920588046,-0.05550265825746159,0.0001401912570982332,8.818802374572872e-05,1.5896678650445217,5.2003233352504485e-05,0.00022837928084396193,5.9253899975944276e-05,4.859804897583101e-05,1.2192399074601659,1.0655851000113265e-05,0.0001078519489517753,1.7206065312823713e-05,2.1284088863903305e-05,0.8083623903493738,-4.078023551079592e-06,3.8490154176727014e-05,4.207709132129803e-06,4.8024134223021355e-06,0.875983131619175,-5.947042901723328e-07,9.010122554431938e-06,7.89574858029382e-07,7.700468380262126e-07,1.0240296945521479,1.9528020003169367e-08,1.5596216960555946e-06,58.59375,39.0625,136.50914499816514,167.1775102480887,-30.668365249923568,1.8830603695083834,1.2184055417157635,0.6646548277926199,Normal
Train71.csv,5.400048705670455,19.44017534041364,1.0,0.26256764382049025,0.09233155535986518,0.45235617954919755,0.4006169519944861,0.07855582655161952,0.2917365854683229,0.10594156348868097,0.5640790683289046,0.42845610184299193,0.1407213410866014,1.4784811775231783,0.5822652284071801,3.4652000897710695,1.6214664463957775,0.44811540226346525,2.789750743545213,0.2771521146444066,1.549973811959478,0.9000130833296421,-0.029168941647832625,-0.05262252655501207,0.8019361167809195,-0.1117228887797071,0.9118167501972172,-0.1429852688725992,-0.04612504470859172,2.38189697265625,2.8430938720703125,0.8377831482358438,-0.4611968994140625,0.04102588212928049,0.04558349457713403,0.04330468835320726,2,5,-0.029168941647832607,0.08588489875084528,0.12549829923963884,-0.12641567582572888,0.00012338381075479823,0.00016291776787585218,0.7573333162500929,-3.953395712105395e-05,0.00028630157863065043,5.7176741178234316e-05,7.336894622505317e-05,0.7792937588212453,-1.619220504681885e-05,0.00013054568740328748,1.8750958845772046e-05,2.307274604805344e-05,0.8126534289976692,-4.321787202281393e-06,4.182370489382549e-05,6.018589973168315e-06,6.369035706707882e-06,0.9448282945777712,-3.504457335395666e-07,1.2387625679876197e-05,4.62584771063405e-06,3.418759570393837e-06,1.3526821448740953,1.207088140240213e-06,8.044607281027887e-06,58.59375,58.59375,202.49370570051164,162.8395409800617,39.65416472044993,0.20368208423015677,0.5837854131347573,-0.3801033289046005,Normal
Train72.csv,18.158405537749005,65.37025993589641,1.0,0.6904976607405457,0.2606878296044554,1.3219181432514753,1.0798221702189659,0.0735264665350371,0.8729958348972832,0.3697656676254745,1.660029844071798,1.320463671997393,0.10352721239409875,1.3451979518865331,0.645615860357323,3.37288549641294,1.7815118121969105,1.1418003799639174,6.04295321131498,0.7817467478189144,1.5633548820417218,0.7909509326248471,-0.1824981741567374,-0.11672453895163036,0.7963214346120313,-0.3381117008203227,0.7550874417948606,-0.43631386031037733,-0.13954404267971274,6.752777099609375,7.7426910400390625,0.8721484807466663,-0.9899139404296875,0.036041499350246815,0.045567248964281756,0.04080437415726428,3,4,-0.1824981741567374,0.3833083342632808,0.34734337669613125,-0.7772257930395461,0.0007051666410861874,0.0021445602221281963,0.3288162789712302,-0.001439393581042009,0.0028497268632143836,0.00033441301879395813,0.0002885856555097902,1.1587958500825872,4.5827363284167905e-05,0.0006229986743037483,0.0005220065552741553,0.0004957292715405828,1.053005203115625,2.627728373357256e-05,0.001017735826814738,0.00024201472878313576,0.00018027049671108012,1.3425013560020034,6.174423207205563e-05,0.00042228522549421586,2.182356042434991e-05,3.662180878171856e-05,0.5959007828816186,-1.479824835736865e-05,5.844536920606847e-05,58.59375,68.359375,304.21636240174223,198.0716057748256,106.14475662691663,0.2848279586830169,0.58346500819545,-0.2986370495124331,Side II
Train73.csv,9.286896949861827,33.43282901950258,1.0,0.22947933085085492,0.10573031730778988,0.5812756542984231,0.3558414452215828,0.07813005431038221,0.2322672682579767,0.20951546048846076,1.025736447101808,0.3227360021489433,0.08515303369450213,1.1635629112742314,0.574725792879603,2.333899077448946,1.3134697689000692,0.5229548832866684,2.1449077810679977,0.23087329955441582,1.2385163400871502,0.9879926025709885,-0.002787937407121771,-0.006037795134186866,0.5666904878444293,-0.4444607928033849,0.8858689046035079,-0.14990685762583777,-0.06051869977613277,2.2731781005859375,2.3555755615234375,0.965019833240228,-0.0823974609375,0.0223079255065287,0.022578943814645338,0.02244343466058702,5,2,-0.002787937407121778,0.14530999075077491,0.11867209266337056,-0.36483333042832583,0.00011603927161120883,0.0002470497753475519,0.46969806691747623,-0.00013101050373634306,0.0003630890469587607,1.441668554776248e-05,1.6634551599369117e-05,0.8666190274273331,-2.2178660516066375e-06,3.1051237147131594e-05,3.093213990325361e-05,2.4431640381522733e-05,1.2660170747098682,6.500499521730876e-06,5.5363780284776345e-05,6.528782798723217e-06,6.08466723915852e-06,1.0728129787829095,4.4411555956469645e-07,1.2613450037881736e-05,1.1962974987102618e-06,1.2881163474229116e-06,0.9279980826414892,-9.181884871264978e-08,2.4844138461331734e-06,48.828125,39.0625,176.54978462817962,111.11022550959002,65.4395591185896,0.07793118099747653,0.9744370875367085,-0.896505906539232,Normal
Train74.csv,12.402309664671707,44.64831479281815,1.0,0.48051858756643795,0.28090485447421554,1.403186194395933,0.7888409211999508,0.0791535383348111,0.5152976363087556,0.2804048202356443,1.376579298854344,0.9145456211429787,0.18129697717060292,1.4104814932846614,0.6110166883327258,3.0161268478812224,1.5845509624555645,0.5143676897235694,2.684909020708161,0.49790811193759676,1.497516227870113,0.9325050634881202,-0.03477904874231763,-0.034925132753755736,1.019327528923472,0.026606895541589015,0.8901453071307629,-0.17406946917090305,-0.05811937387119489,6.4403533935546875,7.3795318603515625,0.8727318538219596,-0.939178466796875,0.03585341628339464,0.038448420399289286,0.03715091834134196,2,3,-0.03477904874231762,0.19468872139074478,0.2532033043749371,-0.4743064142800463,0.0007331243129247315,0.0008333146936666593,0.8797677980825283,-0.00010019038074192779,0.0015664390065913908,0.00012878398657739234,0.0001327514847282174,0.9701060348591612,-3.967498150825072e-06,0.00026153547130560974,9.192121325900265e-05,0.0001044256729538201,0.8802464988964299,-1.250445969481745e-05,0.00019634688621282276,8.075669637257195e-05,9.279551794576826e-05,0.870255675108062,-1.2038821573196311e-05,0.0001735522143183402,5.685700120408445e-06,6.195960508397882e-06,0.9174982013687846,-5.102603879894365e-07,1.1881660628806327e-05,58.59375,58.59375,167.57203448660343,170.4606110043805,-2.888576517777068,0.8146864018331961,1.7232899101486945,-0.9086035083154984,Normal
Train75.csv,0.0,0.0,0.0,0.07152493710646399,0.028537325285629942,0.12855394945654353,0.1194599618385013,0.02765263075773237,0.05582100474266967,0.02326396522387689,0.1347985158395706,0.07451845989035469,0.02666279426909498,1.3445874906218462,0.5949823051899287,3.0136513477548497,1.5167626339750153,0.5739462589931235,2.7877358291921945,0.06367297092456684,1.4306750622984308,1.281303626342018,0.015703932363794318,0.12331613257268927,0.9536677387590908,-0.0062445663830270615,0.8864845256726368,-0.17217514335316908,-0.06017267222925218,0.3192901611328125,0.3742218017578125,0.8532087292196829,-0.054931640625,0.07152493710646399,0.05582100474266967,0.06367297092456684,4,0,0.015703932363794332,0.016300645747512596,0.040352694366635924,-0.006480352959866202,7.214792351608257e-07,7.122799131518176e-07,1.0114952375046946,9.199322009008121e-09,1.4337591483126432e-06,4.874942395937096e-07,7.395931799453616e-07,0.658248351179355,-2.5209894035165203e-07,1.2270874195390711e-06,4.4438289024660773e-07,6.545347014912038e-07,0.6778937701325803,-2.1015181124459603e-07,1.0989175917378116e-06,2.0092198112223603e-07,2.4707371861072403e-07,0.8099285254699702,-4.6151737488488004e-08,4.4799569973296006e-07,2.7458159670162135e-07,3.1610125267970764e-07,0.8659114222388965,-4.151965597808629e-08,5.90682849381329e-07,87.890625,87.890625,876.0381214630004,844.0699919351354,31.968129527865017,0.38776747900592756,0.05396518110492421,0.33380229790100335,Normal
Train76.csv,5.6374134839416845,20.294688542190066,1.0,0.24895478081683164,0.10738979307572849,0.4815805334270642,0.3711242160345213,0.0777461402462449,0.28954408176568824,0.14030315480506425,0.5862731099606469,0.5276986926906901,0.09605948604901346,1.3832481678639632,0.5619312337154907,2.986734109430436,1.544184955000119,0.514774494646316,2.7543297489353877,0.26924943129125994,1.463716561432041,0.8598135368028668,-0.0405893009488566,-0.07537476565769166,0.821425550344343,-0.10469257653358266,0.8957782340818251,-0.16093678713615578,-0.054975374468444665,2.362823486328125,2.7339935302734375,0.8642385565020899,-0.3711700439453125,0.037507800503787166,0.04362302913118199,0.04056541481748458,2,5,-0.04058930094885667,0.08766743963620942,0.10545933510261818,-0.1743391489365922,0.00015870940701097642,0.00021119246620674112,0.7514882437490416,-5.2483059195764696e-05,0.00036990187321771754,5.8023161621947464e-05,7.927076170895672e-05,0.7319524679541917,-2.124760008700926e-05,0.0001372939233309042,2.192269295381513e-05,3.4571366195521075e-05,0.6341102842030888,-1.2648673241705946e-05,5.6494059149336204e-05,4.8577286426424106e-06,4.408898852924805e-06,1.1015510343101382,4.488297897176057e-07,9.266627495567215e-06,9.228754327073615e-07,1.1580080759030103e-06,0.7962631597612705,-2.3513264319564886e-07,2.0808835086103717e-06,58.59375,58.59375,146.15946603623328,149.23018625330235,-3.0707202170690664,0.47478086948758413,0.2560323340745918,0.21874853541299233,Normal
Train77.csv,4.420918995301636,15.91530838308589,1.0,0.1360159757468703,0.04736531251452706,0.2858478572388148,0.19133104586971514,0.05564880161897296,0.1184535456954075,0.05173514515904475,0.27477523005978033,0.1755831510318799,0.057789947647385216,1.1937415922080108,0.6593235000641515,2.922021370041809,1.3940502106612036,0.575688741421929,2.5067951331330356,0.1272347607211389,1.2938959014346072,1.1482545895420513,0.017562430051462796,0.069015577725558,1.040293249443832,0.011072627179034455,0.8563111477388372,-0.2003086184531928,-0.07740519960914208,1.462554931640625,1.2340545654296875,1.1851613271006773,0.2285003662109375,0.025090944148908455,0.021851192721764032,0.023471068435336244,5,0,0.01756243005146279,0.01967753421926077,0.045529948793540595,-0.01826181239232011,3.765286748802285e-05,2.424656037445703e-05,1.552851788243707,1.3406307113565817e-05,6.189942786247987e-05,4.272967935426764e-06,4.14407855065717e-06,1.0308533078943265,1.28889384769594e-07,8.417046486083935e-06,8.37585553367326e-06,8.298351810307419e-06,1.0092180359520158,7.750372336584089e-08,1.667420734398068e-05,1.4681586969550905e-05,1.4631153466791137e-05,1.0033784160938415,5.0433502759767544e-08,2.931274043634204e-05,7.900415816509834e-07,5.288918514280835e-07,1.4909487275974977,2.611497302228999e-07,1.318933433079067e-06,58.59375,78.125,333.9898965703164,408.3474878456816,-74.35759127536522,1.2271774149675974,0.8483563939985772,0.37882102096902015,Normal
Train78.csv,0.0,0.0,0.0,0.06975853620863981,0.0303431558164267,0.12767679392351902,0.11765840354001564,0.024241332323958108,0.05284514433070081,0.02549812811232768,0.12727116581497727,0.08258159749129504,0.013743621040075751,1.1812785178987022,0.6565237003193445,2.7397153285299183,1.2966924647256914,0.6041389222084081,2.3750949075206993,0.06130184026967031,1.2389854913121967,1.3200307627384236,0.016913391877939,0.13795062148962522,1.0031792348778756,0.00040562810854175013,0.9109928830778795,-0.11541394682698924,-0.04657596923463016,0.287628173828125,0.3253936767578125,0.8839363221734674,-0.0377655029296875,0.06975853620863981,0.05284514433070081,0.06130184026967031,4,0,0.016913391877938996,0.016299207927782878,0.045213447997460104,0.0007888400156360748,7.947920643753978e-07,1.186947957321758e-06,0.6690461980904159,-3.9215589294636017e-07,1.981740021697156e-06,5.011665285683414e-07,7.040332618105824e-07,0.7108409712207128,-2.0286673324224096e-07,1.2051997903789238e-06,4.5440587600884575e-07,5.160275541437085e-07,0.8788813523902501,-6.162167813486272e-08,9.704334301525542e-07,1.638425134968398e-07,1.8732647756051042e-07,0.8699919183918057,-2.3483964063670622e-08,3.5116899105735025e-07,2.314838054430121e-07,2.4944060676806747e-07,0.9243061995029773,-1.7956801325055378e-08,4.809244122110795e-07,87.890625,87.890625,770.4813431885732,690.6300611595334,79.8512820290398,0.4320014355686883,0.35479355529527057,0.07720788027341774,Normal
Train79.csv,9.346238144429634,33.646457319946684,1.0,0.2420210589298869,0.1910694165681814,0.9859583850951881,0.2910850055224549,0.07848589509847144,0.22825155309992196,0.13873591445192476,0.6612111528375635,0.3752287422836007,0.08807650090524215,1.1432035633130182,0.5499931342865336,2.3307530559970666,1.298639668435406,0.4203953803593975,1.9475104198189304,0.23513630601490443,1.2209216158742122,1.0603213661489146,0.013769505829964945,0.029279775598151463,1.4911377246531088,0.3247472322576246,0.8803078411908528,-0.1554361051223878,-0.06365520908395188,2.536773681640625,2.466583251953125,1.0284561249557649,0.0701904296875,0.023392179413557177,0.022061308652827745,0.022726744033192463,4,4,0.013769505829964872,0.13518467861244407,0.3084320731205007,-0.13130591832640265,0.00019041687950582966,0.00015617759314143342,1.2192252195112967,3.4239286364396235e-05,0.0003465944726472631,1.4839387581188836e-05,1.5786343415693283e-05,0.9399546960154083,-9.469558345044472e-07,3.062573099688212e-05,3.0247020977738786e-05,2.48687637787435e-05,1.2162166575780384,5.378257198995285e-06,5.511578475648229e-05,7.998320493454867e-06,6.8448889079798545e-06,1.1683392180278722,1.1534315854750122e-06,1.4843209401434721e-05,1.1149378468803188e-06,1.2924218104134703e-06,0.8620063755720222,-1.774839635331515e-07,2.407359657293789e-06,39.0625,48.828125,136.26373888734642,147.278611891251,-11.014873003904569,0.404316928036315,0.32021921792491437,0.08409771011140066,Normal
Train80.csv,9.96932068739161,35.889554474609795,1.0,0.16822006291262093,0.05582270325091797,0.32023119476071893,0.24176413332090993,0.06545223018556387,0.16438393261852613,0.05454292454760694,0.3183713571364765,0.24255317221973288,0.07978702762421494,1.2609382573652919,0.5453775797546397,2.3431306688276266,1.386745140898689,0.4426939980546279,1.9822627487585722,0.16630199776557353,1.3238416991319903,1.0233301813797901,0.0038361302940947972,0.011533591935288778,1.005838564757824,0.0018598376242424108,0.9092783604561779,-0.1258068835333972,-0.04751581556166043,1.227569580078125,1.1997222900390625,1.0232105938679876,0.0278472900390625,0.015335504148946702,0.014985789667674937,0.01516064690831082,1,1,0.0038361302940947816,0.019993583081061295,0.032418969076845994,-0.03684222827210912,3.3851194319231704e-05,4.074126648965123e-05,0.8308618355296974,-6.890072170419526e-06,7.459246080888293e-05,9.142893747245567e-06,8.060762772326471e-06,1.1341060268642837,1.082130974919096e-06,1.7203656519572038e-05,2.5521226310096926e-05,3.2830703528660725e-05,0.777334818701014,-7.3094772185638e-06,5.835192983875765e-05,2.1076578781194066e-05,1.7758223608245996e-05,1.1867961824303936,3.3183551729480703e-06,3.883480238944006e-05,6.369976497813992e-07,8.269647434246466e-07,0.7693535924568902,-1.8996709364324745e-07,1.4639623932060458e-06,58.59375,58.59375,394.4356383710678,368.4321221518936,26.003516219174173,0.18451922810941834,0.07275933483261765,0.11175989327680069,Normal
Train81.csv,4.628613176288963,16.663007434640267,1.0,0.2390637733707883,0.10512876376877951,0.4302651424015291,0.39259548786298837,0.0758449679836055,0.2251909496887117,0.08644179400195875,0.4129832615866393,0.33900789135506404,0.10274992560409489,1.2774899671557258,0.6270012777221359,3.1004537911677352,1.4855312629310242,0.5933017886781871,2.798061185909635,0.23212736152975,1.381510615043375,1.061599998140484,0.013872823682076596,0.029881858193697756,1.041843920997131,0.017281880814889794,0.8599543739529284,-0.2080412957752984,-0.07529483241572275,2.8472900390625,2.60772705078125,1.09186616994417,0.23956298828125,0.04247294420193341,0.04000824761547814,0.041240595908705775,3,3,0.0138728236820766,0.049543358372786415,0.11836541999024902,-0.03921024726561312,0.00011241726725714269,9.671659376044608e-05,1.1623248975319027,1.5700673496696607e-05,0.0002091338610175888,5.214897076248033e-05,4.965331767513632e-05,1.0502404061549147,2.4956530873440134e-06,0.00010180228843761666,2.101442921917211e-05,1.733488119845691e-05,1.212192733591335,3.6795480207151993e-06,3.8349310417629015e-05,5.062218261402269e-06,5.31583062717809e-06,0.952112003629697,-2.536123657758206e-07,1.037804888858036e-05,8.249235815823485e-07,7.919746655029105e-07,1.0402899581403093,3.294891607943806e-08,1.616898247085259e-06,97.65625,48.828125,157.6230483475782,159.76224406511338,-2.1391957175351877,0.20488571251756404,0.8011568764851447,-0.5962711639675806,Normal
Train82.csv,17.14960523009628,61.73857882834661,1.0,0.3316443262082903,0.15883109817066432,0.9100986757200485,0.5118355741217508,0.07101848936441836,0.37208934794848963,0.20609027885955583,0.9500292861339468,0.7093348313669403,0.15910946285751482,1.2360924682113876,0.5273171999502477,2.0084959269694327,1.3747030856458762,0.5757326303240072,2.183264736576376,0.35186683707838995,1.3053977769286318,0.8913005350361884,-0.040445021740199316,-0.05747197519954639,0.9579680658640937,-0.039930610413898227,0.8991698512561235,-0.13861061743448855,-0.05309131315869915,3.1070709228515625,3.885650634765625,0.7996267331461316,-0.7785797119140625,0.018272812108240603,0.020501236430833143,0.01938702426953687,1,4,-0.040445021740199316,0.09617667687898669,0.048873638688057996,-0.28114101811087067,0.00026404876991861716,0.00041305943173691024,0.6392497311066513,-0.00014901066181829308,0.0006771082016555274,2.1560163399692218e-05,3.074312677989942e-05,0.7012774685078486,-9.1829633802072e-06,5.2303290179591636e-05,4.3726835652148805e-05,3.496249558717313e-05,1.2506425606995266,8.764340064975677e-06,7.868933123932193e-05,0.0001497774168683636,0.00018615691806276005,0.804571830341746,-3.6379501194396435e-05,0.00033593433493112366,5.262293987850965e-06,8.844196573909811e-06,0.5949323956657858,-3.581902586058846e-06,1.4106490561760776e-05,48.828125,48.828125,299.1833676828841,264.4244203249948,34.758947357889326,0.03930205378064189,0.2555568597985731,-0.21625480601793123,Normal
Train83.csv,13.678145347879557,49.241323252366406,1.0,0.43825411004794257,0.35633828479515417,1.5434365492912618,1.0316427335617877,0.07221653276025064,0.3574067335821497,0.22452750613978828,1.1881567117912828,0.6502540193468402,0.1035261328780078,1.3992959154300006,0.5776682522710505,3.0369636255354133,1.4948026310039548,0.5338442281656216,2.539725003008425,0.39783042181504613,1.4470492732169777,1.226202090412267,0.08084737646579288,0.10161022187131456,1.2990165648669283,0.35527983749997905,0.936106848021363,-0.09550671557395418,-0.03300049429593236,5.14678955078125,3.6746978759765625,1.4006017158109247,1.4720916748046875,0.02985759438001845,0.02434958403200317,0.02710358920601081,5,1,0.0808473764657929,0.12474516597921294,0.34881970539370377,-0.0380259842554852,0.000578092144622569,0.0002869541041808188,2.014573486235311,0.00029113804044175024,0.0008650462488033878,0.00014893822030263867,6.748374443633094e-05,2.2069909510164285,8.145447586630773e-05,0.0002164219647389696,0.00018680809307946496,0.00010710672299240241,1.7441141297786342,7.970137008706255e-05,0.00029391481607186735,4.482883102247241e-05,3.75178180738349e-05,1.1948359069907752,7.311012948637515e-06,8.234664909630732e-05,7.723614240102836e-06,4.427959932353676e-06,1.7438889396315418,3.29565430774916e-06,1.215157417245651e-05,68.359375,48.828125,209.52739206978362,239.21530098811016,-29.687908918326542,0.14486938066178112,-0.04495825954077226,0.18982764020255338,Side I
Train84.csv,10.414379646650163,37.491766727940586,1.0,0.3098821073082406,0.1591569902017842,0.8967153546670676,0.5011165193576491,0.0727500146426681,0.307872829661388,0.16443491821291406,0.9152081800449543,0.4471934991845767,0.10025376962533154,1.2983454030206534,0.5999357435832632,3.01202999045505,1.4605739333544556,0.5336078315125204,2.5359366322326116,0.30887746848481434,1.3794596681875544,1.006523054099991,0.002009277646852603,0.0032525428354586365,0.9797927885983636,-0.018492825377886657,0.8889276225210747,-0.16222853033380225,-0.05880145511811012,2.6782989501953125,2.8118133544921875,0.9525162804281266,-0.133514404296875,0.02714839675051314,0.0269723663652401,0.02706038155787662,2,2,0.00200927764685261,0.10683491728434927,0.147317083169835,-0.21455655981193517,0.00020629021756110369,0.00020526362388023148,1.0049964463504955,1.0265936808722038e-06,0.00041155384144133517,3.7184522255170223e-05,4.6253229360768014e-05,0.8039161557561144,-9.068707105597791e-06,8.343775161593824e-05,4.919474442501461e-05,5.6301275417921e-05,0.8737612123107182,-7.106530992906392e-06,0.00010549601984293561,8.699547327745567e-05,6.355243883774235e-05,1.3688554839583573,2.3443034439713314e-05,0.00015054791211519802,3.0669106353024005e-06,2.810318085824097e-06,1.0909155569293683,2.565925494783036e-07,5.877228721126497e-06,58.59375,68.359375,294.412756781547,263.4055435387248,31.00721324282216,0.109851990248512,-0.07953128932259279,0.1893832795711048,Normal
Train85.csv,5.4593899002382615,19.653803640857742,1.0,0.29170310090816925,0.13798504494560843,0.5087835124879111,0.4916132797165121,0.07817486125542138,0.305815247664615,0.11859569735380744,0.6623572614137136,0.44178212550291585,0.11794456082359925,1.3152735856582325,0.631064349029753,3.0881709744262817,1.4703529359605565,0.5839563511253522,2.775850957161098,0.2987591742863921,1.3928132608093944,0.9538508929325318,-0.014112146756445731,-0.02361789085182523,0.7681394528121108,-0.15357374892580256,0.8945285577101457,-0.155079350302324,-0.05567124430627538,2.8591156005859375,2.9766082763671875,0.9605276793584929,-0.11749267578125,0.04515954376703742,0.047344292942176264,0.04625191835460684,2,3,-0.014112146756445777,0.06563010774564057,0.09358513021281067,-0.11574024687849876,0.0002419498690838916,0.0002820886727073797,0.8577055188222846,-4.013880362348812e-05,0.0005240385417912712,8.727054378641821e-05,8.64924661620665e-05,1.008984234981353,7.780776243517012e-07,0.0001737630099484847,2.893522086428077e-05,3.0312977267181093e-05,0.9545174692601948,-1.3777564029003238e-06,5.9248198131461866e-05,7.186310458810909e-06,7.43203026632113e-06,0.9668076412081756,-2.457198075102209e-07,1.461834072513204e-05,1.04851477011435e-06,1.2384993191807086e-06,0.8459179879238686,-1.8998454906635852e-07,2.287014089295059e-06,58.59375,58.59375,133.22254752048704,132.2841555162469,0.9383920042401428,-0.03694122594196614,-0.036165374209589096,-0.000775851732377042,Normal
Train86.csv,0.0,0.0,0.0,0.07059423696313433,0.03019595095541641,0.12788611681990605,0.11915185148064206,0.018533795289701897,0.05431960542666273,0.026071317203146448,0.13522735224867916,0.08190987439225052,0.015904314234369363,1.3303728157385666,0.6109099907404967,2.9919168210418747,1.4953212887914382,0.5601199998168145,2.806588792952769,0.062456921194898526,1.4128470522650023,1.2995848703940225,0.016274631536471594,0.13028581091818192,0.9457049109400443,-0.007341235428773102,0.8896896847660926,-0.16494847305287164,-0.05837447670431073,0.3093719482421875,0.363922119140625,0.8501024858567501,-0.0545501708984375,0.07059423696313433,0.05431960542666273,0.062456921194898526,3,0,0.016274631536471608,0.017412579831835733,0.04557851813920799,-0.007157793158845897,8.701048312251033e-07,1.1497196469980505e-06,0.7561397196050285,-2.796148157729472e-07,2.019824478223154e-06,6.804724116415944e-07,9.47588831139236e-07,0.7173523335968027,-2.671164194976416e-07,1.6280612427808305e-06,4.414250167605822e-07,5.10701638345227e-07,0.862660940832807,-6.927662158464477e-08,9.521266551058092e-07,1.4512822121135201e-07,2.1022355724589088e-07,0.687083501024483,-6.509533603453887e-08,3.553517784572429e-07,2.887681454302042e-07,3.3441368200546633e-07,0.860931324278829,-4.5645536575262156e-08,6.231818274356705e-07,87.890625,87.890625,815.746744951068,777.0037650286182,38.74297992244976,0.4115361411527756,0.37435608656176234,0.037180054591013256,Normal
Train87.csv,3.9165188414752747,14.099467829310989,1.0,0.09296187900758637,0.029458810778289848,0.15427060446849936,0.13214755487305033,0.038662387184942935,0.07500235127872021,0.024778056569247503,0.15644595256774493,0.10141012021285405,0.018870822722143604,1.3934759423155605,0.48249548619572646,2.3218376432625085,1.5012504045133397,0.5739145294734,2.718593436698867,0.08398211514315329,1.44736317341445,1.2394363374795137,0.017959527728866165,0.1069240800506932,0.9860889070478814,-0.0021753480992455776,0.9282095844348491,-0.1077744621977792,-0.03723129997574499,0.5611419677734375,0.50201416015625,1.117778928426752,0.0591278076171875,0.01890806930777301,0.01525517417852804,0.017081621743150525,4,0,0.017959527728866158,0.013440944503953037,0.035479344137467166,-0.002777573910692388,4.479229035344692e-06,2.2495139843278582e-06,1.9903137978866927,2.229715051016834e-06,6.72874301967255e-06,8.758851275251994e-07,1.3030247755455433e-06,0.671678287062276,-4.2713964802034387e-07,2.1789099030707425e-06,9.659425638818082e-07,1.255915064108215e-06,0.7685026550040971,-2.899725002264068e-07,2.221857627990023e-06,1.765757726266845e-05,1.4774829061397341e-05,1.1950312357632664,2.8827482012711083e-06,3.243240632406579e-05,3.6062865354863897e-07,4.1111790577474436e-07,0.8750618415152084,-5.04892522261054e-08,7.717465593233834e-07,800.78125,791.015625,675.48638981521,729.2782326796801,-53.79184286447003,0.39330519361719807,0.09622288152465241,0.29708231209254565,Normal
Train88.csv,5.51873109480607,19.867431941301852,1.0,0.22840174096209281,0.14960916656812753,0.7031160777903424,0.35009363731660575,0.07236484211874092,0.20940024339578645,0.09373421835767949,0.40946706362725455,0.33102401118148767,0.08294388048111287,1.2760791640187645,0.5398334059450619,2.3519556819418463,1.3732943472666124,0.4740602929440664,2.0828940337663893,0.21890099217893963,1.3246867556426885,1.0907372719387047,0.01900149756630637,0.043401937047495585,1.717145096889413,0.2936490141630878,0.9292095590061195,-0.09721518324784784,-0.036693635736943314,2.6477813720703125,2.4593353271484375,1.07662434895205,0.188446044921875,0.03503776082189929,0.032122853412780025,0.033580307117339656,3,2,0.019001497566306397,0.05940633194729957,0.13074024532747658,-0.07772734016478205,0.0001587809007768036,9.046241674325258e-05,1.7551946023379292,6.831848403355101e-05,0.00024924331752005616,3.442963101671521e-05,2.9397471770998156e-05,1.1711367612883994,5.032159245717055e-06,6.382710278771337e-05,3.7291632392115866e-05,2.7178625472717388e-05,1.3720436445877005,1.0113006919398478e-05,6.447025786483326e-05,3.548210265662945e-06,3.731888688264231e-06,0.9505266730342393,-1.8367842260128572e-07,7.2800989539271765e-06,8.279381354744688e-07,9.414261960640249e-07,0.8785177438109135,-1.1348806058955616e-07,1.7693643315384938e-06,48.828125,48.828125,144.0704914441308,172.5776707972787,-28.507179353147905,2.6844817803468652,0.10411399350060524,2.58036778684626,Normal
Train89.csv,19.315558831821246,69.53601179455649,1.0,0.7846500339083924,0.3094421129813614,1.413614808127386,1.217755839488053,0.07554890122009088,0.779209367464055,0.24940210896227996,1.3785049729923404,1.093473779895504,0.10177392228019047,1.405165479556148,0.5619224475410797,2.4295248363541964,1.540371007331994,0.6372623780206238,3.025485353113509,0.7819297006862237,1.472768243444071,1.0069809985486216,0.005440666444337383,0.003478997511262925,1.0254687580778736,0.03510983513504562,0.9122247566611971,-0.13520552777584616,-0.04590181872670244,7.0522308349609375,6.9660186767578125,1.0123759567448207,0.086212158203125,0.038623108544735524,0.038355300679375925,0.038489204612055725,4,4,0.0054406664443373,0.3413872532204521,0.3938650477419262,-0.45750314655466273,0.0013139126795646185,0.0011460331798704934,1.146486468416759,0.00016787949969412517,0.002459945859435112,0.00024730666205800204,0.000291704149179836,0.847796697292915,-4.4397487121833974e-05,0.0005390108112378381,0.0006046005029065292,0.0005786967117849657,1.0447604865097315,2.5903791121563522e-05,0.0011832972146914949,0.0003317586692552199,0.0002693856982670357,1.2315332248749586,6.237297098818422e-05,0.0006011443675222555,4.044874453896508e-05,3.690519844804311e-05,1.0959878351033416,3.54354609092197e-06,7.735394298700818e-05,78.125,78.125,288.24843341359144,282.85190138487627,5.396532028715171,-0.11501516738934736,0.050116195921149576,-0.16513136331049694,Normal
Train90.csv,0.0,0.0,0.0,0.0705297388405157,0.029086603900585192,0.1261723497694785,0.11827167874614729,0.03176315506669086,0.053683543637810555,0.025315685718328464,0.1274173757763315,0.07629561359909842,0.011682454167444898,1.236896647873149,0.599410130269725,2.434457894922854,1.3549579001640313,0.5352263491625244,2.2366071035626063,0.062106641239163124,1.29592727401859,1.3137811008761355,0.01684619520270514,0.1356220465681519,0.9902209865785744,-0.0012450260068530006,0.9128665435707388,-0.11806125229088238,-0.045550861189116235,0.30517578125,0.3246307373046875,0.9400676094819811,-0.0194549560546875,0.0705297388405157,0.053683543637810555,0.062106641239163124,3,0,0.01684619520270514,0.013953990612381222,0.0400830414558117,0.003216189524004945,6.604971425430443e-07,7.546086467994803e-07,0.87412597161335,-9.411150425643593e-08,1.4151057893425246e-06,5.498773511020548e-07,9.092215119240899e-07,0.6041137721956116,-3.593441608220351e-07,1.4590988630261447e-06,3.9716775804170327e-07,5.313350874056139e-07,0.746086003793848,-1.3416732936391065e-07,9.285028454473172e-07,1.2940525490456092e-07,1.7996623289279423e-07,0.715079563938437,-5.056097798823331e-08,3.0937148779735517e-07,2.401255594086168e-07,3.343604986983466e-07,0.7160221920608704,-9.423493928972978e-08,5.744860581069633e-07,87.890625,273.4375,840.1038443181355,844.5980477074044,-4.494203389268819,0.8263017974575662,0.8610490194953493,-0.03474722203778313,Normal
Train91.csv,2.6406831582674206,9.506459369762714,1.0,0.23508108408801232,0.10442318564621277,0.517880261602796,0.3475985638936643,0.07788363365087139,0.21146631673454522,0.09321671928904729,0.4247516292015385,0.3163342475282066,0.08562159997914064,1.372454627376917,0.39491224031828753,2.2932258637267537,1.4957234442010934,0.4612165056031148,2.7650185744522244,0.22327370041127875,1.4340890357890053,1.1116662740990346,0.023614767353467098,0.05288288416209281,1.21925145602117,0.09312863240125746,0.9175852094267148,-0.12326881682417645,-0.04297807554824552,1.9054412841796875,1.7673492431640625,1.07813450760524,0.138092041015625,0.06457059674478402,0.058084240660805204,0.06132741870279461,5,3,0.023614767353467094,0.07418204740495819,0.13793325780083432,-0.0743000550081977,0.0001268698776579644,8.702557575977125e-05,1.4578291349550148,3.984430189819314e-05,0.00021389545341773565,7.841290894717035e-05,6.494367153324277e-05,1.2073801760169607,1.3469237413927577e-05,0.00014335658048041311,1.3615572637699407e-05,1.2604346095784613e-05,1.08014270566142,1.011226541914794e-06,2.621991873348402e-05,2.1841714357319432e-06,2.3287009224513195e-06,0.9375329745904681,-1.4452948671937627e-07,4.512872358183263e-06,4.830496966375799e-07,5.217305026996175e-07,0.9240893618086035,-3.8680806062037525e-08,1.0047801993371974e-06,58.59375,58.59375,144.90402476377477,156.51104720798176,-11.60702244420699,-0.25092087331166457,0.28574931857722996,-0.5366701918888945,Normal
Train92.csv,0.0,0.0,0.0,0.07122913935948375,0.028395764429839557,0.12623292137052247,0.12037334863954426,0.025491952449031758,0.05380894394493021,0.025135830479068456,0.13582350675849317,0.07238543000701854,0.01688369668166026,1.2188188854891595,0.4965499195706995,2.218599176653435,1.345973794410301,0.6046136235312033,2.5012578362928846,0.06251904165220698,1.2823963399497302,1.323717033275124,0.017420195414553537,0.13931800325297644,0.9293825126490222,-0.009590585387970696,0.9055287591942975,-0.12715490892114145,-0.04957705172063817,0.308990478515625,0.3429412841796875,0.9009984850795677,-0.0339508056640625,0.07122913935948375,0.05380894394493021,0.06251904165220698,3,0,0.017420195414553526,0.01683898833329116,0.044376718263517655,-0.0029359655433543047,8.521773430133122e-07,8.71888154160304e-07,0.9762732360975673,-1.9710811146991808e-08,1.7240654971736162e-06,8.267231259453627e-07,9.129861086535751e-07,0.9045248260536886,-8.62629827082124e-08,1.7397092345989377e-06,4.0624735196503374e-07,4.901473565518175e-07,0.8271394451090229,-8.390000458678379e-08,8.963947085168513e-07,1.3058546511817096e-07,1.7951405288405e-07,0.7234088594866916,-4.892858776587905e-08,3.10099518002221e-07,2.9499046886309796e-07,3.1788013845574016e-07,0.9250826040519985,-2.2889669592642198e-08,6.128706073188381e-07,273.4375,273.4375,772.7344908388327,776.2239732024511,-3.4894823636184356,0.48197765307529394,0.5979949688860096,-0.11601731581071562,Normal
Train93.csv,16.259487311579175,58.53415432168503,1.0,0.4983796902907274,0.2992066736017205,1.207658524463598,0.9972679625100234,0.06536360862785365,0.6847350547676497,0.4914834347068792,2.1310506607198025,1.4596449526467938,0.10160489297971848,1.4106746332916398,0.8065763717088974,4.56764546687826,1.6035474830969598,0.7030932603414203,3.6303284325110083,0.5915573725291885,1.5071110581942997,0.7278420448589371,-0.18635536447692236,-0.15751236956763454,0.5666960340396857,-0.9233921362562045,0.8797205997583437,-0.19287284980532005,-0.06398758232482964,4.970550537109375,6.607818603515625,0.7522224932510025,-1.63726806640625,0.028875694931932924,0.03967296608563045,0.03427433050878168,1,7,-0.1863553644769224,0.32943909778555946,0.3947769048369598,-0.7773629933891996,0.0005996482216245936,0.0026075867813727155,0.22996281310572797,-0.002007938559748122,0.003207235002997309,0.00013669864793603546,0.00018400101768184938,0.7429192878330046,-4.7302369745813924e-05,0.00032069966561788484,0.00027882768663630217,0.0002741045523786517,1.0172274301511677,4.72313425765045e-06,0.0005529322390149539,0.00014224996743446045,0.0001221960519221098,1.1641031039368503,2.0053915512350655e-05,0.00026444601935657027,1.2364454436587819e-05,1.4581683215773823e-05,0.8478861025530208,-2.2172287791860042e-06,2.6946137652361642e-05,58.59375,58.59375,273.72786643692024,138.6482989805278,135.07956745639243,0.0796441901826932,-0.33283338258156014,0.41247757276425334,Side II
Train94.csv,5.4593899002382615,19.653803640857742,1.0,0.246590985120177,0.1109320998689244,0.5454141177833551,0.40298683913445404,0.07914167729211952,0.28198426202459514,0.12376159973684375,0.6195769231828525,0.4580202128479617,0.11258708444346907,1.3686216775201216,0.4073995877866137,2.3794491528919615,1.4533153163231638,0.5355920558923206,2.664875488181718,0.26428762357238605,1.4109684969216427,0.8744818198997543,-0.03539327690441815,-0.06695964318412564,0.8802994706162087,-0.07416280539949738,0.94172319002286,-0.08469363880304215,-0.03001257964839094,2.278900146484375,2.562713623046875,0.8892524067993705,-0.2838134765625,0.0381755845255728,0.043654937444509094,0.04091526098504095,2,5,-0.035393276904418215,0.07355400549507082,0.08621791124054545,-0.11545725263760831,0.00015900385297084192,0.0001785809373959186,0.8903691789294916,-1.957708442507669e-05,0.0003375847903667605,6.0758810179186356e-05,7.532765308667039e-05,0.8065829892017251,-1.4568842907484032e-05,0.00013608646326585674,1.7985724793475313e-05,2.954475822991955e-05,0.6087413514154477,-1.1559033436444235e-05,4.753048302339486e-05,3.554032085870582e-06,4.39363043104045e-06,0.8087214935680378,-8.395983451698676e-07,7.947662516911032e-06,1.0977379374828081e-06,1.152730488034703e-06,0.9514682578534661,-5.499255055189488e-08,2.250468425517511e-06,58.59375,48.828125,137.72525900414826,141.96608390646043,-4.24082490231217,0.045450864139874536,-0.08443707341063922,0.12988793755051375,Normal
Train95.csv,5.370378108386552,19.33336119019159,1.0,0.2681306806171648,0.11748516446513015,0.45641154473252604,0.422107715039922,0.06469530786395186,0.2999582891605568,0.13460530536028656,0.6826989230009015,0.4337924862742005,0.10521597063400445,1.265908089366182,0.5440962116570084,2.433153323859451,1.3298704010945555,0.5514645116165525,2.1393570277133103,0.2840444848888608,1.2978892452303687,0.8938902387971878,-0.031827608543392005,-0.056025647761120116,0.6685390306275505,-0.22628737826837547,0.9519026338368296,-0.06396231172837341,-0.024640888012032344,2.3303985595703125,2.812957763671875,0.828451020920173,-0.4825592041015625,0.04209023013314906,0.04708641842870584,0.044588324280927454,2,5,-0.03182760854339196,0.08243725541011972,0.1360523026992047,-0.13628323948034632,0.0001489186768523023,0.0002614401670975183,0.5696068392961051,-0.00011252149024521603,0.0004103588439498206,6.486498382850543e-05,8.718887723046858e-05,0.7439508563253063,-2.232389340196315e-05,0.00015205386105897402,1.623217407448871e-05,3.4458101824803636e-05,0.4710562149012486,-1.8225927750314926e-05,5.069027589929235e-05,6.580553403330734e-06,6.854782736097127e-06,0.9598544260573993,-2.742293327663928e-07,1.343533613942786e-05,3.964102568328019e-06,3.946724545489293e-06,1.0041487248286967,1.737802283872624e-08,7.910827113817312e-06,48.828125,48.828125,182.10430522824072,145.1496014023582,36.95470382588252,0.3822596067891477,-0.01251796882878864,0.39477757561793636,Normal
Train96.csv,9.8803088955399,35.56911202394364,1.0,0.2749328898520805,0.15511288277109314,0.9681445352394673,0.38871480002331726,0.0652858234299072,0.2789124653562453,0.12384129896377788,0.6683752150584286,0.45685524775151737,0.09286133467204566,1.2674123861329178,0.6023809299062848,2.539119182834282,1.4057804327625099,0.5614264191461198,2.7416058545677906,0.2769226776041629,1.3365964094477139,0.9857282777685883,-0.003979575504164834,-0.007185342047918581,1.4485023754994533,0.29976932018103875,0.9015714367789863,-0.138368046629592,-0.051761322224950425,2.4471282958984375,2.6988983154296875,0.9067134449618525,-0.25177001953125,0.025268849670691068,0.0256346090937343,0.025451729382212684,3,4,-0.003979575504164862,0.08506687489059576,0.1493257562495895,-0.14668565955912982,0.0001538028381989938,0.00014468806329561508,1.0629886924124896,9.114774903378722e-06,0.0002984909014946089,2.447525135031451e-05,2.8974743148294357e-05,0.8446807118993679,-4.499491797979848e-06,5.344999449860887e-05,7.404626442451358e-05,4.7645351250189066e-05,1.5540804800707535,2.6400913174324512e-05,0.00012169161567470265,7.719297741123803e-05,5.924744953475062e-05,1.3028691555204752,1.7945527876487414e-05,0.00013644042694598864,3.1178703791113895e-06,1.6155098768866176e-06,1.9287666742354692,1.502360502224772e-06,4.733380255998007e-06,78.125,58.59375,346.1915311773869,296.25237521007836,49.93915596730852,1.0048451686822846,0.20904404548255684,0.7958011231997277,Normal
Train97.csv,12.906709818498065,46.46415534659304,1.0,0.46183055752808666,0.2440345953752979,0.9055584867179045,0.792341982360142,0.07312307208527521,0.4164325518048252,0.23990841296291632,1.0766597687251287,0.6502436957636009,0.09677435353545326,1.4011067150456546,0.5874875831056914,3.3326904275413187,1.538146656015953,0.5658114960207571,2.6609388004239323,0.4391315546664559,1.4696266855308038,1.1090138043068591,0.04539800572326147,0.051690607917182975,0.8410806012651265,-0.1711012820072242,0.9109052109306228,-0.13703994097029826,-0.046624049391411404,5.1425933837890625,4.9015045166015625,1.0491864930827737,0.2410888671875,0.033209189201156765,0.02994472145028192,0.031576955325719344,5,2,0.045398005723261456,0.08803208076798962,0.16917773634681688,-0.10979281881167169,0.0005617750572055336,0.0007684813362123899,0.7310188285840739,-0.00020670627900685622,0.0013302563934179234,9.806575646276979e-05,0.00010925575009629917,0.8975716042838029,-1.1189993633529383e-05,0.00020732150655906895,7.02993601334674e-05,6.618176258422584e-05,1.0622004490066832,4.117597549241562e-06,0.00013648112271769325,5.2644704708113295e-05,4.917805420921568e-05,1.0704700518264172,3.466650498897617e-06,0.00010182275891732897,4.637565531768397e-06,4.599256377989387e-06,1.0081102335855718,3.8309153779010036e-08,9.236821909757784e-06,48.828125,48.828125,162.2947681461331,134.09356145687522,28.201206689257873,0.24399437475671615,4.386948070674038,-4.142953695917321,Normal
Train98.csv,5.607742886657781,20.187874391968013,1.0,0.22103992911820575,0.09843586032278699,0.5527042744666398,0.3018745488667466,0.07789157327363619,0.268970634438188,0.11253317371476572,0.5642087994999833,0.4062170503975612,0.13222147764179717,1.2400448249896194,0.6200730024231879,3.006677777651936,1.396312455492168,0.5442415569136859,2.566049121296023,0.2450052817781969,1.3181786402408937,0.8217964306158189,-0.04793070531998228,-0.09781545760290226,0.9796077185409755,-0.011504525033343427,0.8880848495100497,-0.15626763050254855,-0.059274049228995936,2.001953125,2.6210784912109375,0.7637895499594705,-0.6191253662109375,0.03345165405338713,0.04070537232634884,0.03707851318986798,1,5,-0.04793070531998232,0.09648239364512474,0.15130347423835683,-0.15338027181775984,0.00011471449054796312,0.00023819630466058662,0.4815944106144388,-0.0001234818141126235,0.00035291079520854973,4.041829690814592e-05,5.289917041047665e-05,0.764048519967362,-1.2480873502330725e-05,9.331746731862256e-05,1.2493981008992756e-05,2.1222959647893005e-05,0.5886734245762236,-8.728978638900249e-06,3.371694065688576e-05,2.1884436634999656e-06,2.774320931119826e-06,0.7885371522121376,-5.858772676198604e-07,4.962764594619791e-06,9.627503754805752e-07,1.1194592846951258e-06,0.8592461936200896,-1.5670890921455063e-07,2.082209660175701e-06,58.59375,58.59375,140.49866350595616,121.26036716037878,19.238296345577382,0.37290595122366277,0.4706368971977679,-0.09773094597410514,Normal
Train99.csv,7.002260959001249,25.208139452404495,1.0,0.22596269474318575,0.12505769334006434,0.5537949621103324,0.4271404090108086,0.07200017064127304,0.22779642460646687,0.14873790109715265,0.6259434374348164,0.4973882542441627,0.08629162392153956,1.2520300311256878,0.6043618384228964,2.924504468790841,1.3977641494527617,0.534738876291963,2.5043027388331933,0.22687955967482631,1.3248970902892248,0.9919457831165093,-0.0018337298632811194,-0.004041187810663695,0.884735016385544,-0.07214847532448398,0.895737049686687,-0.14573411832707395,-0.0549982577503444,2.387237548828125,2.5585174560546875,0.9330546524605952,-0.1712799072265625,0.028237356404756372,0.028466507874906625,0.0283519321398315,3,3,-0.001833729863281109,0.05607176439317338,0.08095667767183112,-0.08580633242037591,0.00010078224961853191,0.00012902847291943958,0.7810792940420364,-2.8246223300907672e-05,0.0002298107225379715,1.4169043814990401e-05,1.8698741993705508e-05,0.7577133320748395,-4.529698178715107e-06,3.286778580869591e-05,2.995842258226329e-05,2.2443315347017838e-05,1.33478888168642,7.515107235245452e-06,5.240173792928113e-05,4.111111205775985e-05,3.6599903447882816e-05,1.1232267016659645,4.511208609877031e-06,7.771101550564267e-05,1.4129402268423178e-06,1.0508012350354315e-06,1.3433528881478454,3.621389918068863e-07,2.463741461877749e-06,48.828125,68.359375,307.40415976563975,254.22026454645177,53.183895219187974,0.28619767734977053,1.2698134890137007,-0.9836158116639302,Normal
Train100.csv,12.906709818498065,46.46415534659304,1.0,0.546128016052186,0.36011119212232207,1.6026605424045275,0.9655284368738183,0.07393300110648005,0.49949333341065116,0.33080235286915605,1.6203989033482744,0.8128688108850083,0.09902934822334132,1.3854892886969163,0.6815758423818253,3.6083308790435695,1.4550449353526478,0.6645877429028401,2.9153027720314095,0.5228106747314185,1.420267112024782,1.0933617851540183,0.04663468264153481,0.04459992909054808,0.9890524796335204,-0.017738360943746923,0.9521962537637181,-0.06955564665573144,-0.02448681011481017,5.8559417724609375,5.3905487060546875,1.086334806612305,0.46539306640625,0.03927082848351029,0.0359174340969025,0.03759413129020639,5,1,0.046634682641534836,0.0855181159116049,0.2096327372979454,-0.1078164216990522,0.001211195347822519,0.0007143652465831902,1.6954823294292805,0.0004968301012393288,0.0019255605944057093,0.0001681522420259859,0.00011803676966770295,1.4245630233387498,5.0115472358282944e-05,0.00028618901169368883,0.00011341805718370608,9.574629097169172e-05,1.1845563047547616,1.767176621201437e-05,0.0002091643481553978,5.9860442076513565e-05,5.89936303796683e-05,1.0146761102031356,8.668116968452643e-07,0.00011885407245618187,8.378367245554759e-06,7.754589325466018e-06,1.0803005282969027,6.237779200887405e-07,1.613295657102078e-05,48.828125,48.828125,134.41998520112898,163.79045462223226,-29.37046942110328,0.07533552115096853,-0.2079603876650027,0.2832959088159712,Side I
Train101.csv,3.9758600360430827,14.313096129755097,1.0,0.19823813956287106,0.08853387564586385,0.4913748587086779,0.2756488446712813,0.0773371067469334,0.18868713117096086,0.09413348261293963,0.5596625366905823,0.2900850153281698,0.07550904850705467,1.262422292586868,0.5549830645299195,3.1045523820953,1.4023490343618643,0.5538808631358617,2.6150355758489896,0.19346263536691596,1.332385663474366,1.0506126608634299,0.009551008391910198,0.024684310976858883,0.877982620798005,-0.06828767798190438,0.9002191048266562,-0.1399267417749963,-0.0525098299618031,2.156829833984375,2.1026611328125,1.0257614860355242,0.054168701171875,0.03983997502480286,0.03792050616460048,0.03888024059470167,3,3,0.009551008391910185,0.052635988041005055,0.10479135737805378,-0.05435744489802882,9.711777547406037e-05,8.222552113763416e-05,1.1811003813660146,1.4892254336426207e-05,0.00017934329661169454,2.5360292793007502e-05,2.1783982700727475e-05,1.1641181056416738,3.576310092280027e-06,4.7144275493734977e-05,1.1570313936377761e-05,1.1823312917580953e-05,0.9785189225814944,-2.5299898120319173e-07,2.3393626853958712e-05,2.9176395875776303e-06,3.030171148087334e-06,0.9625453150075864,-1.1253156050970367e-07,5.947810735664964e-06,6.28430896154483e-07,5.92429407337386e-07,1.0589817228204825,3.600148881709695e-08,1.220860303491869e-06,48.828125,48.828125,133.0741613755234,146.65340738455927,-13.57924600903587,0.6027401496740703,0.5940318927974415,0.008708256876628795,Normal
Train102.csv,11.77922712170973,42.40521763815503,1.0,0.2275062085728955,0.07719725842397956,0.38199374164952093,0.3383746364209015,0.0714456588878546,0.22049256187398442,0.07347966556675964,0.37791772079250663,0.3043353628455146,0.09658678002635283,1.3415861483181089,0.5515542908107743,2.8525674721237855,1.4499606478278348,0.6192496111982322,2.6858279271879675,0.22399938522343996,1.3957733980729718,1.0318043150072513,0.00701364669891108,0.015655469403287787,1.0107827970217218,0.004076020857014306,0.9252562992462031,-0.108374499509726,-0.03882236931760566,1.7055511474609375,1.824188232421875,0.9349639374839264,-0.1186370849609375,0.017802814396060088,0.01725398255888301,0.01752839847747155,2,1,0.007013646698911066,0.03389089970157725,0.06632394015422155,-0.05370199489277344,6.313702735745815e-05,5.337583468000233e-05,1.182854467410232,9.761192677455822e-06,0.00011651286203746048,1.1895235313647008e-05,9.024461872175465e-06,1.3179641642849047,2.8707734414715435e-06,2.0919697185822475e-05,6.759370675648205e-05,4.6001785876878414e-05,1.4693394208209356,2.1591920879603635e-05,0.00011359549263336045,1.976882533485089e-05,1.8763553376748135e-05,1.053519630227234,1.005271958102754e-06,3.8532378711599024e-05,1.269318734189714e-06,1.2255594760800371e-06,1.0348611371430037,4.375925810967692e-08,2.494878210269751e-06,58.59375,48.828125,312.18456825844646,323.58204597639576,-11.3974777179493,-0.058664610687598984,0.07450624589394694,-0.13317085658154593,Normal
Train103.csv,17.2979582165158,62.272649579456875,1.0,0.6134948824009985,0.3333648611605565,1.4699256027137917,1.2000618272600712,0.0721155619007768,0.6976041859352211,0.2970800328778325,1.526677237447883,1.1235107608149566,0.09538512042985066,1.2241017051737344,0.6988621139859919,3.4261241336723853,1.5762667140657087,0.8869523900426881,4.6052699381825,0.6555495341681098,1.4001842096197215,0.8794299336788,-0.08410930353422263,-0.06415170402741034,0.9628260668541634,-0.05675163473409128,0.7765823624061783,-0.35216500889197433,-0.12575662570533977,6.1855316162109375,6.7569732666015625,0.9154292101991335,-0.571441650390625,0.03352805133456125,0.03812470100109646,0.035826376167828855,3,5,-0.08410930353422266,0.3550416022444394,0.6127346307421269,-0.5670352433113158,0.0009328263573534912,0.0011897586999446263,0.7840460198785576,-0.0002569323425911351,0.0021225850572981174,0.0001940522082467861,0.00016640426796121462,1.1661422178774736,2.7647940285571493e-05,0.00036045647620800076,0.00045963969999347,0.00033558218848041694,1.3696743930314388,0.00012405751151305306,0.0007952218884738869,0.00013023772679381746,0.0001257685095269622,1.0355270310241402,4.469217266855278e-06,0.00025600623632077965,1.4711096993100907e-05,2.15570351173708e-05,0.6823950751080816,-6.845938124269893e-06,3.6268132110471704e-05,68.359375,68.359375,255.06181429256657,217.04068797924936,38.02112631331721,0.07960952789984432,0.0062247040422720445,0.07338482385757228,Side II
Train104.csv,14.09353370985421,50.736721355475154,1.0,0.6699612947231613,0.2929693775070583,1.4115163737207799,1.051100517780539,0.08688439709453497,0.8526915582341862,0.452655511763734,2.199110824619935,1.4905133408921105,0.26584167618849014,1.3199255993059953,0.6109085261354777,2.8551926068375386,1.515193626408919,0.7060968162834499,3.324213521036592,0.7613264264786738,1.417559612857457,0.7857008815821763,-0.18273026351102484,-0.12000775038668192,0.6418574798781446,-0.7875944508991553,0.8711261090162917,-0.19526802710292368,-0.06887469015663496,6.970977783203125,7.8296661376953125,0.8903287535228547,-0.8586883544921875,0.04438730569010221,0.05649383203599857,0.05044056886305039,3,3,-0.18273026351102478,0.393705276097596,0.18197397772059987,-1.0593364847984454,0.0011210691404982384,0.002562374647230247,0.4375116278169587,-0.0014413055067320085,0.0036834437877284855,0.00031862211708952244,0.0005605425464479375,0.5684163507163232,-0.00024192042935841505,0.00087916466353746,0.0002521905878869757,0.0003304704423556432,0.7631236941059977,-7.827985446866748e-05,0.0005826610302426189,7.299470030785936e-05,6.995208766367922e-05,1.043480748967131,3.04261264418014e-06,0.00014294678797153857,1.3271533018275658e-05,1.3210033903474643e-05,1.0045794383121749,6.149911480101463e-08,2.64815669217503e-05,68.359375,87.890625,176.64324393139455,144.7154693635895,31.927774567805045,0.47879505345705464,-0.2227498247407902,0.7015448781978448,Side II
Train105.csv,0.3857177646907468,1.3885839528866886,1.0,0.14442055138131665,0.07010499357373266,0.3123588481648849,0.25605629900850674,0.049256089594066375,0.14017583711063164,0.07339669794836955,0.42167116468402743,0.21890012192056882,0.04854869998955337,1.3678392552669865,0.5147918817808994,2.7562209499757215,1.5347348815552784,0.49663090477111776,2.78646184112946,0.14229819424597415,1.4512870684111325,1.0302740050222117,0.004244714270685013,0.014914804008488302,0.740762313298402,-0.10931231651914253,0.8912538448510363,-0.1668956262882919,-0.05749915796185348,0.9990692138671875,1.007843017578125,0.9912934903041608,-0.0087738037109375,0.10422075480395335,0.1011575666289556,0.10268916071645448,2,2,0.00424471427068503,0.028014068344235254,0.04534560671225413,-0.03887281687974181,3.351736473964105e-05,2.806178169082654e-05,1.1943707188014636,5.455583048814508e-06,6.157914643046759e-05,1.5023207554402737e-05,1.0882797134377632e-05,1.3803277816480368,4.140410420025105e-06,2.590600468878037e-05,5.640896637739825e-06,1.5890502773781052e-05,0.35496307165151075,-1.0249606136041227e-05,2.1531399411520877e-05,2.4941165326055334e-07,3.455149610730508e-07,0.7197716730273399,-9.610330781249745e-08,5.949266143336041e-07,2.932308532206977e-07,3.5808822389437474e-07,0.8165983558039239,-6.485737067367702e-08,6.513190771150725e-07,48.828125,351.5625,156.01031052655804,206.07146710342968,-50.06115657687164,0.16776094658646246,0.006505446585781893,0.16125550000068056,Normal
Train106.csv,12.847368623930258,46.25052704614893,1.0,0.5298765475213448,0.34223525303751534,1.5602028841203757,0.9446623363885273,0.065751040990733,0.5369923192109798,0.33797786717497164,1.3833810047137567,1.0690321652401653,0.09352633498584285,1.436362246720635,0.6188472741361463,3.5364114798511928,1.5997222149545616,0.5931006780923248,3.1340542684323904,0.5334344333661623,1.5180422308375983,0.9867470014336642,-0.007115771689634953,-0.006669765368319552,1.1278178253035798,0.17682187940661898,0.8978817293474317,-0.16335996823392662,-0.053806116558982105,5.7041168212890625,5.99517822265625,0.9514505921245456,-0.2910614013671875,0.03826550458154493,0.03877937634179676,0.03852244046167084,3,3,-0.007115771689634974,0.08183748235322247,0.10214458188045278,-0.15792034708882907,0.001042904997004086,0.0011918593743082298,0.8750227958618062,-0.00014895437730414384,0.0022347643713123157,0.00019740056728305582,0.00016505183897617812,1.1959840770236398,3.234872830687769e-05,0.0003624524062592339,0.00011655438871069522,0.00012221580808150802,0.9536690618933817,-5.661419370812801e-06,0.00023877019679220324,6.770376182321826e-05,6.551865477608969e-05,1.0333351427841408,2.185107047128574e-06,0.00013322241659930795,8.115640047462436e-06,7.618077731189055e-06,1.0651735464307812,4.975623162733809e-07,1.573371777865149e-05,48.828125,48.828125,144.7280694320532,140.35384101522502,4.374228416828174,-0.11256510470747427,-0.10160807966898577,-0.0109570250384885,Side I
Train107.csv,9.761626506404285,35.141855423055425,1.0,0.42744379204786204,0.23873878849419355,1.138377693085958,0.8014351380342093,0.07497512484340062,0.4148616237698779,0.20012290503131863,0.971043317962947,0.5835366724053266,0.13308861024690313,1.3311762764793384,0.4225725283807824,2.2970769170642322,1.4554695229939911,0.5223812226000331,2.3465681744073934,0.42115270790886994,1.3933228997366647,1.030326106901746,0.01258216827798414,0.01493775666634207,1.1723231082532282,0.16733437512301097,0.914602017319477,-0.12429324651465268,-0.044603157651032004,5.8963775634765625,5.617523193359375,1.049639905502646,0.2788543701171875,0.03971925542978922,0.038550085669948886,0.03913467054986905,3,3,0.01258216827798412,0.1563418396169155,0.2778538455863736,-0.2518125573098272,0.00045116353256493955,0.0006374250839968025,0.7077895679073006,-0.00018626155143186297,0.0010885886165617421,7.67627191682002e-05,6.479115335173375e-05,1.184753325784412,1.1971565816466459e-05,0.00014155387251993395,5.1660289887536295e-05,4.995424266644979e-05,1.0341314971177513,1.7060472210865044e-06,0.00010161453255398608,2.4276645096962854e-05,2.641313226393325e-05,0.9190778956653823,-2.1364871669703974e-06,5.06897773608961e-05,6.204903675150639e-06,5.766239077176088e-06,1.075888062228357,4.3866459797455115e-07,1.1971142752326728e-05,58.59375,58.59375,154.49490508275818,133.51165806689943,20.98324701585875,1.3707710448106,0.37892451202481414,0.9918465327857859,Normal
Train108.csv,11.215485773315562,40.375748783936025,1.0,0.43315489872904156,0.29002410066580697,1.2266566853898941,0.9621572221577409,0.06527155656004988,0.43714306401171565,0.3689144600521955,1.4775771232589079,1.171033617081391,0.10193009975195313,1.3118298405450943,0.6077201769590187,2.9274682349640675,1.489703706282504,0.6095722997700078,2.501646241925449,0.4351489813703786,1.4007667734137992,0.9908744836975136,-0.003988165282674094,-0.004582523309133347,0.8301805949078429,-0.25092043786901375,0.8805972317954953,-0.1778738657374097,-0.0634915839031257,5.7270050048828125,5.661773681640625,1.0115211796495027,0.0652313232421875,0.03545949025418687,0.035785974632842214,0.03562273244351454,3,1,-0.003988165282674087,0.10448663494893302,0.11426727312650176,-0.2589613318397632,0.0006361553210459822,0.0006079601048720538,1.0463750327907275,2.8195216173928432e-05,0.0012441154259180361,7.330584672282661e-05,0.00020095667575870368,0.3647825167466969,-0.00012765082903587707,0.0002742625224815303,7.02609387470096e-05,0.000127496706964331,0.5510760971306405,-5.7235768217321384e-05,0.00019775764571134058,5.808217537766258e-05,5.4965050192071704e-05,1.0566918156698903,3.1171251855908745e-06,0.00011304722556973428,3.8134130118354193e-06,4.614609065048997e-06,0.8261993071969449,-8.011960532135773e-07,8.428022076884416e-06,58.59375,58.59375,165.5529135390661,179.16689655960116,-13.613983020535045,0.29428439182062105,1.5720574180004832,-1.277773026179862,Normal
Train109.csv,16.55619328441821,59.60229582390556,1.0,0.33268862990554454,0.1356247688608335,0.7846576284072633,0.5360019202851114,0.07828800362637096,0.328210641159003,0.11932543653500619,0.6349866159598027,0.49088914786878857,0.17500894217124208,1.3418093715694923,0.6089397846518932,3.031439170637017,1.4275591541967723,0.5124410319890518,2.5341559289542523,0.3304496355322738,1.3846842628831322,1.0136405544018248,0.004477988746541539,0.006775589211559259,1.235705403830955,0.14967101244746062,0.9399319304512753,-0.08574978262727995,-0.030963647801227828,2.8533935546875,2.696990966796875,1.057991121151309,0.156402587890625,0.018949929777819112,0.01869486373508444,0.018822396756451778,2,0,0.004477988746541546,0.01609753141502711,0.027968659537478624,-0.01757651377553171,0.0002325638378127062,0.00023350511648554352,0.9959646510034967,-9.412786728373187e-07,0.0004660689542982497,3.3408330392261715e-05,2.8678067194444384e-05,1.164902964442772,4.730263197817331e-06,6.20863975867061e-05,0.00018932798432669506,0.00017549459424720157,1.0788190161629319,1.3833390079493488e-05,0.00036482257857389664,6.352897647391549e-05,5.007945154638629e-05,1.2685384119404892,1.3449524927529198e-05,0.00011360842802030178,3.1251473561632734e-06,3.666591522409325e-06,0.8520979877579966,-5.414441662460516e-07,6.791738878572599e-06,48.828125,58.59375,330.5067304445389,321.6356067189391,8.87112372559983,-0.0517223434570977,0.011910850445273624,-0.06363319390237132,Normal
Train110.csv,13.203415791337102,47.532296848813566,1.0,0.2782725342229062,0.15291140346877763,0.8968481933761216,0.3296683945618358,0.07366920603896349,0.2735728141676115,0.08314248276192208,0.5673441914793339,0.37847906627089106,0.1681267195120876,1.4251850280436202,0.5578389734553455,2.9923708289335784,1.5298789568690747,0.581996842163691,2.7464303804704673,0.27592267419525884,1.4775319924563475,1.0171753282367002,0.004699720055294732,0.008516356172332491,1.5807804610762972,0.32950400189678775,0.9315665726873666,-0.10469392882545447,-0.03542863840896127,2.74505615234375,2.6912689208984375,1.0199854466575975,0.0537872314453125,0.019591944523135712,0.019261057916396988,0.01942650121976635,1,2,0.0046997200552947385,0.03884590373610993,0.10112394462674346,-0.03216779727659652,0.00016063343191459028,0.00012516196187420162,1.2833943005922088,3.5471470040388664e-05,0.00028579539378879187,4.279908265448046e-05,4.152853069250079e-05,1.0305698605500717,1.2705519619796756e-06,8.432761334698126e-05,4.373230373451077e-05,5.3660174704656745e-05,0.8149710470411237,-9.927870970145976e-06,9.739247843916751e-05,2.1876072510492038e-05,2.788040022679343e-05,0.7846116885288136,-6.004327716301391e-06,4.9756472737285464e-05,1.9435168707233506e-06,2.230844933654017e-06,0.8708117850918027,-2.873280629306666e-07,4.174361804377368e-06,78.125,58.59375,219.15376159533164,261.1990143929851,-42.04525279765343,1.0667920054998659,0.21607463796831894,0.8507173675315469,Normal
Train111.csv,14.09353370985421,50.736721355475154,1.0,0.5706767067676032,0.20115365865412735,0.9709557755183437,0.8299840205795531,0.07669785659858838,0.73933486882908,0.36212424235218477,1.860998867089656,1.295697960008648,0.37893517373975544,1.3876203305597226,0.5085875205518579,2.503307898884183,1.6232581452687964,0.609131772610444,2.7819003593122003,0.6550057877983415,1.5054392379142594,0.7718774792725936,-0.16865816206147677,-0.128745452679839,0.5217387667183356,-0.8900430915713123,0.8548359851254347,-0.23563781470907386,-0.07826212128409166,5.8361053466796875,8.171844482421875,0.714172258791909,-2.3357391357421875,0.03780935052969219,0.04898355037603856,0.04339645045286537,0,6,-0.16865816206147688,0.24432963601472507,0.014746538268838427,-0.7795482583406299,0.0007176065414232506,0.0015928981745693634,0.4505034297712245,-0.0008752916331461128,0.002310504715992614,0.00023308278936490538,0.0005074515966591479,0.45931933524318,-0.0002743688072942425,0.0007405343860240533,0.00017806874002221942,0.000204202254200192,0.872017151341029,-2.6133514177972567e-05,0.0003822709942224114,6.700114598317241e-05,6.968456920588339e-05,0.9614780613360573,-2.6834232227109742e-06,0.00013668571518905582,8.844649334803729e-06,1.0916041362332067e-05,0.8101690779812489,-2.0713920275283387e-06,1.9760690697135798e-05,48.828125,48.828125,189.08096371292714,145.50443654395593,43.57652716897121,0.07216200859496569,-0.03698591812249763,0.10914792671746332,Side II
Train112.csv,0.029670597283903602,0.10681415022205297,0.0,0.07170898249286245,0.028173232976978296,0.12723720750791023,0.12126784694335743,0.031922028573404794,0.05445818635379601,0.024849456829950996,0.1357806583475056,0.07040840258458145,0.016429684568686955,1.3127090646181,0.6124834124793073,2.8447505217884514,1.4023914712419188,0.6638657703034646,2.749675192399503,0.06308358442332923,1.3575502679300095,1.3167472247382201,0.017250796139066438,0.13672859245530156,0.9370721278294629,-0.008543450839595373,0.9360497090059264,-0.08968240662381866,-0.033030958672936477,0.312042236328125,0.339508056640625,0.9190984164479182,-0.0274658203125,0.06964264365906785,0.05288893991675345,0.061265791787910646,3,0,0.01725079613906644,0.01699831332083918,0.045524375515549935,-0.004537870966977803,1.2816524890749381e-06,2.073669598467132e-06,0.6177622162207833,-7.92017109392194e-07,3.3553220875420702e-06,7.859282269025304e-07,1.159427418792699e-06,0.6772747818387512,-3.7349919189016856e-07,1.9453556456952294e-06,6.52535450542234e-07,7.122914236613414e-07,0.9148230707622341,-5.975597311910734e-08,1.3648268742035754e-06,2.1317593576062045e-07,2.5774895225486994e-07,0.8238716868335,-4.4573016494249485e-08,4.709248880154904e-07,3.5560316638701516e-07,3.8279673213563064e-07,0.92654037049317,-2.7193565748615483e-08,7.383998985226458e-07,87.890625,87.890625,707.8478485635974,601.9014884504126,105.94636011318482,0.7676475363259136,0.9845618466990698,-0.21691431037315612,Normal
Train113.csv,16.97158164639286,61.0976939270143,1.0,0.353683396368227,0.116397621372899,0.6784025850277415,0.4813766417753308,0.07695862803654885,0.3305648399340627,0.10611923785514403,0.5924457983181708,0.4925797429618062,0.19090348991263376,1.2832276604070296,0.6196382897402479,2.8918811053600546,1.4209843013686725,0.5040649321673273,2.4913410913912983,0.34212411815114485,1.352105980887851,1.0699332890499984,0.023118556434164272,0.03378674788019915,1.1450860852883005,0.08595678670957074,0.9030548445300901,-0.13775664096164286,-0.05094149126154101,3.887176513671875,3.6479949951171875,1.0655649071092261,0.2391815185546875,0.019680148543810335,0.018393753340035686,0.019036950941923012,4,1,0.02311855643416434,0.0798396362511463,0.14462862727817688,-0.14220715134441422,0.00031886913734565086,0.00019232614181893747,1.6579518331627048,0.0001265429955267134,0.0005111952791645884,2.842613303972062e-05,2.9449036910409993e-05,0.9652325097654652,-1.0229038706893728e-06,5.787516995013061e-05,3.6384072518581244e-05,3.6247540842159456e-05,1.0037389553695952,1.3653167642178811e-07,7.26316133607407e-05,6.059017873735286e-05,6.156569822214969e-05,0.9841388362053577,-9.755194847968303e-07,0.00012215587695950256,5.593124100594079e-06,4.121026756085728e-06,1.3568868984987625,1.4720973445083506e-06,9.714150856679808e-06,48.828125,58.59375,196.29628164523393,251.05994268944886,-54.76366104421493,0.0911955361127732,0.09680681733803587,-0.005611281225262665,Normal
Train114.csv,14.152874904422015,50.950349655919254,1.0,0.4569049471622395,0.20570489032507774,0.9659975543030686,0.6752216794779796,0.07869266269463784,0.46402791807091565,0.17444994150647314,0.7873913565125422,0.7246052730457474,0.19173446074813308,1.3915508642572185,0.6295395662409876,3.5198038018950597,1.4604106647664383,0.5836861854689148,2.7627526011347294,0.4604664326165776,1.4259807645118285,0.984647571236956,-0.007122970908676141,-0.007734508608685814,1.226831256759452,0.17860619779052633,0.9528483631221663,-0.0688598005092198,-0.02414470730539132,5.0411224365234375,5.2181243896484375,0.9660792066292364,-0.177001953125,0.03015302046933037,0.030623094363136323,0.03038805741623335,4,3,-0.007122970908676175,0.10878462924568812,0.1324275382904576,-0.18675757587864716,0.0004041667900603367,0.00042138873971236474,0.9591282178256543,-1.7221949652028012e-05,0.0008255555297727015,0.00011345390687175727,0.00013010003340305177,0.8720446248899357,-1.6646126531294505e-05,0.00024355394027480905,0.00011567943960393983,0.00014525070644803923,0.7964067509617985,-2.9571266844099407e-05,0.00026093014605197903,3.524198850555009e-05,3.7120650645114464e-05,0.9493648017558789,-1.8786621395643741e-06,7.236263915066455e-05,1.9449182247732052e-05,6.4372038750799274e-06,3.0209018889589916,1.3011978372652125e-05,2.588638612281198e-05,87.890625,58.59375,246.99335655619657,205.65758923370691,41.33576732248966,0.014391265484278382,0.05398872944627664,-0.03959746396199826,Normal
Train115.csv,9.761626506404285,35.141855423055425,1.0,0.42744379204786204,0.23873878849419355,1.138377693085958,0.8014351380342093,0.07497512484340062,0.4148616237698779,0.20012290503131863,0.971043317962947,0.5835366724053266,0.13308861024690313,1.3311762764793384,0.4225725283807824,2.2970769170642322,1.4554695229939911,0.5223812226000331,2.3465681744073934,0.42115270790886994,1.3933228997366647,1.030326106901746,0.01258216827798414,0.01493775666634207,1.1723231082532282,0.16733437512301097,0.914602017319477,-0.12429324651465268,-0.044603157651032004,5.8963775634765625,5.617523193359375,1.049639905502646,0.2788543701171875,0.03971925542978922,0.038550085669948886,0.03913467054986905,3,3,0.01258216827798412,0.1563418396169155,0.2778538455863736,-0.2518125573098272,0.00045116353256493955,0.0006374250839968025,0.7077895679073006,-0.00018626155143186297,0.0010885886165617421,7.67627191682002e-05,6.479115335173375e-05,1.184753325784412,1.1971565816466459e-05,0.00014155387251993395,5.1660289887536295e-05,4.995424266644979e-05,1.0341314971177513,1.7060472210865044e-06,0.00010161453255398608,2.4276645096962854e-05,2.641313226393325e-05,0.9190778956653823,-2.1364871669703974e-06,5.06897773608961e-05,6.204903675150639e-06,5.766239077176088e-06,1.075888062228357,4.3866459797455115e-07,1.1971142752326728e-05,58.59375,58.59375,154.49490508275818,133.51165806689943,20.98324701585875,1.3707710448106,0.37892451202481414,0.9918465327857859,Normal
Train116.csv,4.3912483980177335,15.808494232863842,1.0,0.20700241677984002,0.10700379313638134,0.49548387962105545,0.3626828909075739,0.07462111375743848,0.22243944901743237,0.11292448288188768,0.4941470782797178,0.3544457277894971,0.08911977231502555,1.3149881310692222,0.4886458465284161,2.270939145699804,1.4047964757522164,0.5353599875064757,2.3130136157905814,0.2147209328986362,1.3598923034107193,0.9305970100951266,-0.015437032237592352,-0.03594664964088548,1.002703240992028,0.0013368013413376234,0.9360695429532256,-0.08980834468299426,-0.033020376480318074,2.47344970703125,3.0364990234375,0.8145725960611575,-0.56304931640625,0.03839600802959685,0.04125935824051799,0.03982768313505742,2,4,-0.015437032237592357,0.0642839059106511,0.10267549754663807,-0.12398458953047206,0.00010000362011873971,0.0001310469464054367,0.7631071135548213,-3.104332628669698e-05,0.0002310505665241764,2.7617708305986397e-05,2.1768315529283354e-05,1.2686530391291349,5.849392776703043e-06,4.9386023835269754e-05,1.0605079551056554e-05,1.001848662945616e-05,1.058445401771266,5.865929216003935e-07,2.0623566180512713e-05,5.102419861651065e-06,5.958466909062063e-06,0.8561872965335611,-8.560470474109982e-07,1.1060886770713127e-05,7.386167798191745e-07,8.994844722515049e-07,0.8202437716359413,-1.608676924323304e-07,1.6381012520706793e-06,48.828125,48.828125,145.3294896284783,136.58654914707455,8.742940481403764,1.0886392791594375,1.2045785319968978,-0.11593925283746032,Normal
Train117.csv,15.369369393062067,55.32972981502344,1.0,0.4162470792395157,0.25446526323359586,1.2480739357750235,0.7759322492235534,0.07666958307510363,0.46383406972876684,0.2605565799878384,1.2768207260860993,0.8598616874365073,0.1347239886110178,1.5583376743737984,0.47242261119894713,2.8777609401246713,1.737120441905784,0.38071939900024415,2.814015480868717,0.44004057448414124,1.6477290581397912,0.8974032073144474,-0.047586990489251135,-0.054071077961343965,0.9774848831878843,-0.028746790311075854,0.8970804439925381,-0.17878276753198552,-0.05425124731446306,5.4531097412109375,5.35888671875,1.0175823841449911,0.0942230224609375,0.02542841261899413,0.0283354879831447,0.026881950301069414,3,4,-0.047586990489251094,0.1938434446598729,0.304785602319961,-0.32816983650311,0.0005196964563953692,0.0005373930994486024,0.9670676639892548,-1.7696643053233155e-05,0.0010570895558439718,0.00011517160908966271,0.00015593657569836544,0.7385750905377835,-4.0764966608702725e-05,0.00027110818478802813,0.00011055782629495445,0.00012716685633687788,0.8693849961744883,-1.6609030041923433e-05,0.00023772468263183233,5.013500012682566e-05,4.691752086732796e-05,1.0685545750385648,3.2174792594977017e-06,9.705252099415361e-05,4.031503413596222e-06,4.432686448288818e-06,0.9092892473603275,-4.011830346925957e-07,8.464189861885039e-06,48.828125,58.59375,182.5833936310782,186.2258854713033,-3.642491840225091,2.2742415826589975,1.3275816392694288,0.9466599433895686,Normal
Train118.csv,1.335176877775662,4.806636759992384,1.0,0.07306365722664418,0.028475993857036707,0.12981728643299698,0.11872299157054221,0.02124759941005107,0.0570547900379717,0.02523031298746484,0.13280285070933026,0.08367312778227001,0.019519039151666685,1.3665759401758533,0.5861705486533512,2.904850748552419,1.5194546519796273,0.562068165354945,2.7304937200536914,0.06505922363230794,1.4430152960777403,1.2805651657442467,0.016008867188672476,0.12303208724915832,0.9775114632566639,-0.0029855642763332857,0.8993852096936201,-0.152878711803774,-0.052971946744905164,0.3482818603515625,0.3833770751953125,0.9084553418296804,-0.03509521484375,0.03128827538590562,0.02443274879131143,0.027860512088608524,4,0,0.016008867188672483,0.01735750736671179,0.04722134386154374,-0.007396392090688264,6.003574461267861e-07,9.11742809245468e-07,0.6577509458804505,-3.1138536311868186e-07,1.5121002553722541e-06,4.800219263432386e-07,6.998331299243426e-07,0.6849304147408938,-2.1981120358110397e-07,1.179855056267581e-06,3.861686181137971e-07,5.951790014664308e-07,0.6477393822391131,-2.0901038335263364e-07,9.813476195802278e-07,2.0289423781294973e-06,2.308465477808972e-06,0.8785333219418323,-2.7952309967947466e-07,4.33740785593847e-06,2.932327185330692e-07,3.78171785295282e-07,0.7733505759261932,-8.493906676221278e-08,6.714045038283512e-07,771.484375,771.484375,848.3254427667687,809.5107604531668,38.81468231360191,0.12406701238649953,0.050841131044500276,0.07322588134199925,Normal
Train119.csv,13.500121764176138,48.60043835103409,1.0,0.3566977125354719,0.23375510919721346,0.9296265189422718,0.6494387160428593,0.07231045955987245,0.3406434514917133,0.20194681348468785,0.6925995222595642,0.6532941319333689,0.09311140639663686,1.340838580826871,0.5383122002273475,2.9953658302665676,1.493545077760054,0.5699382865489162,2.5279203844905025,0.3486705820135926,1.4171918292934627,1.047126148608791,0.016054261043758566,0.02302207133302312,1.3422261304531298,0.23702699668270755,0.8977550815424415,-0.15270649693318306,-0.053876419515096606,3.3641815185546875,3.9600372314453125,0.8495325857818417,-0.595855712890625,0.024599635667662174,0.023492454548437226,0.0240460451080497,4,3,0.01605426104375851,0.11363259542402301,0.1891269382033663,-0.20906856738020868,0.00044433326586029395,0.0003349153819132107,1.3266991101541195,0.00010941788394708323,0.0007792486477735047,3.9324590657145696e-05,4.505269215819912e-05,0.8728383573773141,-5.728101501053422e-06,8.437728281534481e-05,5.6547736518662796e-05,9.06162866702531e-05,0.6240281363139258,-3.4068550151590306e-05,0.0001471640231889159,3.465613146964442e-05,4.039874927440836e-05,0.8578303601403214,-5.742617804763945e-06,7.505488074405278e-05,3.5401343684261676e-06,3.18389813513814e-06,1.1115377064556007,3.5623623328802774e-07,6.724032503564307e-06,48.828125,48.828125,155.88911345011846,203.43953367193538,-47.55042022181692,0.6383066737117415,1.0137085890289388,-0.37540191531719724,Normal
Train120.csv,5.222025121967033,18.79929043908132,1.0,0.11051751675414806,0.03258976428579072,0.1869996069429724,0.14500586365785875,0.029031954474468387,0.09998295782057641,0.03129070921038086,0.16543418941204563,0.13827720621036393,0.04173608798243086,1.198288617489161,0.6459343717688232,2.833813315762389,1.2505953793579965,0.5606541448634218,2.4266101139798693,0.10525023728736224,1.2244419984235786,1.105352490171217,0.01053455893357165,0.05004506003986237,1.1303496408930072,0.021565417530926778,0.9581737459565587,-0.05230676186883554,-0.021359419464849688,0.7656097412109375,0.76446533203125,1.001495695927706,0.0011444091796875,0.017762306417562167,0.016069198670957432,0.0169157525442598,2,0,0.010534558933571643,0.01233384177315508,0.031055727236504016,-0.0050697043405333875,8.878019046574887e-06,1.0160600569661733e-05,0.8736831354187369,-1.2825815230868465e-06,1.9038619616236618e-05,1.417422221801077e-06,1.3974307798473266e-06,1.0135805377194456,1.999144195375041e-08,2.8148530016484037e-06,1.589349116719284e-06,2.275521290537558e-06,0.6981481452975952,-6.861721738182741e-07,3.8648704072568415e-06,3.6115524713668886e-05,3.428689016865901e-05,1.0533026248048483,1.8286345450098764e-06,7.04024148823279e-05,3.510291010698888e-07,3.6614609070988194e-07,0.9561019712648152,-1.5116989639993136e-08,7.171751917797707e-07,800.78125,800.78125,656.3794487411394,634.2330158167507,22.146432924388705,0.20260373648549246,0.1676941886843828,0.034909547801109664,Normal
Train121.csv,9.702285311836478,34.928227122611325,1.0,0.32393433663338145,0.2706336875378264,1.4708924595923207,0.6618624610382111,0.07557710108005261,0.2619108471452024,0.0957866383389244,0.583492109851724,0.35051272163578157,0.1482092457634987,1.4579147456757635,0.5559996485627425,2.9012495034359986,1.5293550805902019,0.5549275910006215,2.778195954608533,0.29292259188929193,1.4936349131329827,1.2368067354119883,0.06202348948817904,0.10586992150079508,2.5208394662382574,0.8874003497405968,0.9532866571617069,-0.07144033491443835,-0.02391491735074368,3.2176971435546875,2.437591552734375,1.3200307573737982,0.7801055908203125,0.030267772461188044,0.02447242243257476,0.027370097446881403,3,3,0.06202348948817907,0.1638787286476755,0.45377009155510123,-0.09556522111357701,0.00031271748223807744,0.00011113353612058408,2.8138641070024373,0.00020158394611749335,0.00042385101835866153,2.785141412298663e-05,1.9257641049293295e-05,1.4461775393029952,8.593773073693335e-06,4.7109055172279925e-05,5.8864073483111114e-05,5.46583879092278e-05,1.0769252224497279,4.2056855738833125e-06,0.00011352246139233891,6.540727603002068e-05,5.5717183985940485e-05,1.1738946130499348,9.690092044080193e-06,0.00012112446001596116,3.2255847104049113e-06,3.022987882999521e-06,1.0666658846547443,2.025968274053904e-07,6.248572593404432e-06,39.0625,48.828125,212.4672140465998,328.03812497610204,-115.57091092950225,1.00538471568927,0.42607057834257533,0.5793141373466946,Side I
Train122.csv,11.571532940722403,41.65751858660065,1.0,0.4471397117663808,0.24992653595410969,1.1214543802627623,0.7968753604579645,0.07823497660904424,0.4864980218790528,0.2434210220370663,0.919658104727817,0.8412730833569096,0.2167467626442088,1.6327088499666036,0.7033348097595278,4.499759919332019,1.7417325619528425,0.6109120810363008,3.784629417029175,0.4668188668227168,1.687220705959723,0.9190968360827312,-0.03935831011267199,-0.042155823975935244,1.2194239958018671,0.2017962755349454,0.9374044834595714,-0.10902371198623895,-0.032308659825142555,5.73272705078125,6.0611724853515625,0.9458114117069755,-0.3284454345703125,0.035567636331602905,0.03869838500785863,0.037133010669730765,4,3,-0.03935831011267193,0.15128158631502334,0.1830603716655803,-0.3586539465803733,0.0005554503007201661,0.0007315133237304384,0.759315686243279,-0.00017606302301027236,0.0012869636244506044,4.9933392930957646e-05,6.882682298023369e-05,0.7254826721062754,-1.8893430049276047e-05,0.00011876021591119133,4.7967373233740284e-05,6.185502638079979e-05,0.7754680673867119,-1.3887653147059506e-05,0.00010982239961454007,4.659297653782057e-05,5.197709602265256e-05,0.8963963689149925,-5.3841194848319894e-06,9.857007256047312e-05,9.506724088664514e-06,1.3065717245563009e-05,0.7275525987135489,-3.5589931568984947e-06,2.2572441334227525e-05,48.828125,48.828125,168.25857285051532,162.9859357434378,5.272637107077514,1.550849739040534,0.6308861552213476,0.9199635838191864,Normal
Train123.csv,18.395770316020233,66.22477313767284,1.0,0.6961825081213269,0.36122969408952615,1.501258158530587,1.196499154582557,0.07782899091997442,0.6769642084894,0.3288887847698461,1.4173297808554564,1.1468765194464188,0.3054547065179935,1.5109753277401772,0.644535860942112,2.881615416033999,1.5612942032025514,0.5861895710441961,3.027216964035641,0.6865733583053635,1.5361347654713642,1.0283874258099746,0.019218299631926894,0.013995799140505057,1.059215095592911,0.08392837767513073,0.9677704284499451,-0.050318875462374235,-0.01637839993437487,9.574127197265625,8.670806884765625,1.1041793711157075,0.9033203125,0.03589352197815543,0.034902671946483665,0.03539809696231955,4,3,0.019218299631926783,0.14490165351721784,0.21754536380712985,-0.25097686298404265,0.0013811706110749018,0.0013474376591371827,1.025034128053977,3.373295193771905e-05,0.0027286082702120845,0.00017162700237597793,0.00023083173858707738,0.743512395280251,-5.9204736211099446e-05,0.0004024587409630553,0.00020797734658916628,0.00017955940352460726,1.1582584050089013,2.8417943064559017e-05,0.00038753675011377357,0.00013316406218061774,0.0001584126463096489,0.8406097914085245,-2.5248584129031155e-05,0.00029157670849026666,1.573168605303378e-05,1.4045922324432854e-05,1.1199382818306391,1.6857637286009247e-06,2.9777608377466633e-05,58.59375,58.59375,174.66015672862486,174.55435935551222,0.1057973731126367,0.9711562497797939,0.8952774432343618,0.07587880654543211,Normal
Train124.csv,9.998991284675514,35.99636862483185,1.0,0.1787027791495563,0.057154779449039864,0.3459260512734454,0.24946004997855162,0.07458695878819754,0.18682994307575407,0.05085239075864036,0.33949320899986146,0.24931480393183972,0.12550911934460438,1.3485709470234282,0.39743533817851306,2.227825823650525,1.4757933239028385,0.5002346410041827,2.7142443207850637,0.18276636111265518,1.4121821354631332,0.956494551746163,-0.008127163926197778,-0.022233691263068466,1.0189453666751251,0.0064328422735839275,0.9137932875748164,-0.1272223768794103,-0.0450445904391421,1.372528076171875,1.659393310546875,0.8271259383308001,-0.286865234375,0.01624719708602154,0.016986097928457976,0.016616647507239755,0,2,-0.008127163926197762,0.018508972501010083,0.014104322595514168,-0.035170442541234054,6.6601922516309e-05,9.543158191778349e-05,0.6978950079511365,-2.8829659401474495e-05,0.0001620335044340925,1.392859569698198e-05,1.4412435290656984e-05,0.9663619682679475,-4.838395936750051e-07,2.8341030987638964e-05,2.199245667513624e-05,1.5971723621320237e-05,1.3768758038097475,6.020733053816003e-06,3.796418029645648e-05,1.8024632506035512e-05,1.910414829670891e-05,0.943443737054921,-1.0795157906733974e-06,3.712878080274442e-05,7.677234785927322e-07,8.696197187637599e-07,0.8818126468383514,-1.0189624017102776e-07,1.637343197356492e-06,58.59375,68.359375,288.81806770566624,239.6859511995199,49.13211650614633,0.1500165638696398,0.04040780023460755,0.10960876363503225,Normal
Train125.csv,3.9165188414752747,14.099467829310989,1.0,0.1738279856711631,0.06979343102651125,0.3395956822160713,0.2673370469045008,0.07211597515744723,0.16394358196817446,0.06648139838325628,0.3673852428658065,0.2536044988081507,0.0752576099299173,1.1830289667070042,0.6986286353897208,3.012712989891285,1.2883348117628675,0.6167924909911423,2.565565932612646,0.1688857838196688,1.235681889234936,1.0602850279303968,0.009884403702988626,0.029263488660638857,0.924356011719562,-0.0277895606497352,0.9182613383138293,-0.10530584505586327,-0.04261040133503183,1.7818450927734375,1.7486572265625,1.018978474871088,0.0331878662109375,0.03535590755897589,0.03334545991874623,0.03435068373886107,3,3,0.009884403702988608,0.0526438508906083,0.09432530587795143,-0.06365293257855134,5.3184225953279956e-05,8.121782975375818e-05,0.6548263021583243,-2.8033603800478224e-05,0.00013440205570703815,2.5405851996015952e-05,1.9466776835248844e-05,1.3050207124839999,5.939075160767108e-06,4.4872628831264797e-05,1.577189022223826e-05,7.770542721949664e-06,2.0294413588813844,8.001347500288597e-06,2.3542432944187925e-05,3.265539603237272e-06,2.5992821059708065e-06,1.255840508896666,6.662574972664653e-07,5.864821709208079e-06,4.759002168299392e-07,5.722604688535812e-07,0.8301640226155047,-9.636025202364202e-08,1.0481606856835204e-06,58.59375,48.828125,181.9892338212082,131.14527316801093,50.84396065319726,0.13830650071526307,1.103421989590907,-0.9651154888756439,Normal
Train126.csv,18.366099718736333,66.1179589874508,1.0,0.5227004655048408,0.23525354541738216,1.2183653762537492,0.7770126304214344,0.07694158709630161,0.5455947252694862,0.3465160853227981,1.604117221400526,1.0558401992394348,0.15422679420215332,1.3746219757236404,0.6853433435724033,2.90428288603276,1.4457829414314223,0.5053589569009813,2.5199496816302234,0.5341475953871635,1.4102024585775315,0.9580362185694606,-0.02289425976464532,-0.021430629410043114,0.7595234316271384,-0.38575184514677674,0.9507796679237378,-0.07116096570778185,-0.025230753231280184,5.8277130126953125,7.2101593017578125,0.8082640009091803,-1.3824462890625,0.026990487144870894,0.02817266941683842,0.027581578280854654,3,3,-0.022894259764645375,0.10685868432505308,0.13399701728301616,-0.22914828721060654,0.0007391907223182784,0.0009791371122977032,0.7549401999924709,-0.00023994638997942483,0.0017183278346159815,8.672468769253133e-05,0.00014722158419720665,0.5890719020144521,-6.049689650467532e-05,0.00023394627188973798,0.00010237652477272313,0.0001509536945872474,0.6781937127073083,-4.8577169814524265e-05,0.0002533302193599705,9.98471044492022e-05,8.512485786973936e-05,1.1729350745808573,1.4722246579462834e-05,0.00018497196231894158,8.119292602038618e-06,7.867308100585276e-06,1.0318981537383713,2.5198450145334207e-07,1.5986600702623893e-05,58.59375,58.59375,187.00261089906704,163.6916094506504,23.311001448416647,-0.06935640975083812,1.0442178364142638,-1.113574246165102,Normal
Train127.csv,16.79355806268944,60.45680902568198,1.0,0.5741066678998888,0.3611225758720119,1.695068218720738,1.0724586144249717,0.07336100794850603,0.715134641696366,0.37140000011238483,1.7988617197020618,1.178647279124771,0.10241582822081426,1.419801758657521,0.6112712247463431,3.7235203447622354,1.5993376781280473,0.6703712799854011,2.8373635938811677,0.6446206547981275,1.509569718392784,0.8027940916747713,-0.14102797379647714,-0.10938826064484504,0.9422999321490665,-0.10379350098132378,0.8877430265860474,-0.17953591947052638,-0.05946590535605408,6.047821044921875,7.376861572265625,0.8198364800314333,-1.32904052734375,0.032264860455521197,0.04019064872673789,0.03622775459112955,2,6,-0.14102797379647725,0.34602709221085926,0.599847651228718,-0.585707860085516,0.0007026544742692814,0.001618320430767554,0.43418721454860754,-0.0009156659564982725,0.0023209749050368354,0.00018176513315548923,0.0002035444760723315,0.8929952002023251,-2.1779342916842257e-05,0.0003853096092278207,0.00029908081184834746,0.0003078376017502289,0.9715507091960246,-8.756789901881435e-06,0.0006069184135985763,0.00017572886206541558,0.00014048828997724748,1.2508345803005712,3.524057208816809e-05,0.00031621715204266306,1.4321089375142001e-05,2.31867647854657e-05,0.6176140523953645,-8.8656754103237e-06,3.75078541606077e-05,68.359375,68.359375,268.75546938316734,187.35064691097716,81.40482247219018,0.26606688393891353,0.641112312943672,-0.37504542900475846,Side II
Train128.csv,17.327628813799702,62.37946372967893,1.0,0.35183177517017405,0.11195432784822516,0.6652075376265925,0.4479424677198411,0.07924140530982186,0.37665499180212936,0.14546294156119574,0.8372600823835005,0.595798047909623,0.18443119518138695,1.2385159743056016,0.5610617598227324,2.559362240760681,1.3848257771322035,0.5708692773211688,2.773158588622985,0.3642433834861517,1.3116708757189026,0.9340931322685654,-0.024823216631955303,-0.034074994471251105,0.7945043088983559,-0.172052544756908,0.8943472171085596,-0.1463098028266019,-0.05577227861148232,3.9661407470703125,4.3186187744140625,0.9183815557387027,-0.35247802734375,0.01919679729138032,0.020551212359698638,0.01987400482553948,4,2,-0.024823216631955324,0.12242105076985708,0.09969988903182447,-0.27779360107107554,0.00022651503112054226,0.0002781100800055038,0.8144768310419691,-5.159504888496152e-05,0.0005046251111260461,3.5003907162537516e-05,4.2549745237265306e-05,0.8226391093118063,-7.54583807472779e-06,7.755365239980282e-05,3.9844962277956814e-05,4.487045766198769e-05,0.8879801181879364,-5.025495384030875e-06,8.47154199399445e-05,6.204561927371025e-05,0.000101643802388516,0.6104160548864451,-3.9598183114805744e-05,0.00016368942166222625,3.185364335042518e-06,4.136556275140999e-06,0.7698661053097019,-9.51191940098481e-07,7.3219206101835175e-06,48.828125,48.828125,231.29527239539934,252.04831321764064,-20.753040822241303,0.14835209702268903,0.3361650531651974,-0.18781295614250837,Normal
Train129.csv,13.173745194053199,47.425482698591516,1.0,0.39000690260140414,0.19432735055426587,0.7950666890873261,0.6419438700591724,0.07425809118709212,0.4063440986182526,0.2342972257330751,1.0249448842838085,0.6946008145735151,0.10149704217594269,1.2882925065836135,0.628997059418312,3.0146117954233063,1.4766584316662974,0.5675435691954024,2.587833870319398,0.39817550060982837,1.3824754691249554,0.9597923142855536,-0.016337196016848465,-0.02051504358854772,0.7757157731726366,-0.22987819519648234,0.8724371232504666,-0.1883659250826839,-0.06812629271303391,4.5063018798828125,5.3218841552734375,0.8467491778580628,-0.815582275390625,0.027516150266694312,0.028668788175248146,0.02809246922097123,2,2,-0.016337196016848476,0.0703400000647592,0.05589753502923456,-0.18043844188729663,0.00039280379603362676,0.0005364243776172325,0.7322617691549872,-0.00014362058158360572,0.0009292281736508593,6.398324610208737e-05,6.851670927882498e-05,0.9338205666175275,-4.533463176737611e-06,0.00013249995538091236,7.681926042557158e-05,0.00011060540288710828,0.6945281504541655,-3.37861424615367e-05,0.00018742466331267985,5.824929165893845e-05,6.778122850970116e-05,0.8593593474224837,-9.531936850762706e-06,0.00012603052016863962,3.857153598985562e-06,4.391932443394796e-06,0.8780361748528983,-5.347788444092332e-07,8.249086042380359e-06,48.828125,58.59375,199.54076634126685,193.70979900001583,5.830967341251011,0.07957939942074654,0.5852904464334059,-0.5057110470126593,Normal
Train130.csv,18.603464497007558,66.9724721892272,1.0,0.7102698329185477,0.33483554197138504,1.2602665223262781,1.2113128120399421,0.07436046121649197,0.7349814923658615,0.3124388995943711,1.379142735548311,1.1835666872659423,0.21672936840488624,1.5347033994539006,0.6124461633341736,3.7263724300608168,1.6091105181222698,0.6397423671062601,2.940982935056625,0.7226256626422046,1.5719069587880852,0.9663765331773205,-0.024711659447313794,-0.017098508692903035,0.9138036086030072,-0.1188762132220329,0.9537582586226225,-0.07440711866836924,-0.023667779630531148,10.352706909179688,10.580062866210938,0.9785108143101717,-0.22735595703125,0.036231852437459175,0.037492428569350866,0.03686214050340502,4,3,-0.02471165944731383,0.22249434498441864,0.275305152727362,-0.5283827692116203,0.0012827938419942278,0.0012710951263915614,1.009202856778326,1.1698715602666407e-05,0.002553888968385789,0.00023447399565494945,0.00016690764959621042,1.4048043419091512,6.756634605873903e-05,0.0004013816452511599,0.00021766870357272676,0.0002874108251798689,0.7573408068248573,-6.974212160714216e-05,0.0005050795287525957,0.0002748915699172519,0.0002713034539717749,1.0132217362928002,3.5881159454769678e-06,0.0005461950238890268,1.769563886178845e-05,1.672202720643196e-05,1.0581600235023483,9.736116553564898e-07,3.441766606822041e-05,58.59375,58.59375,219.0069990938157,232.58695676275065,-13.579957668934952,0.8922600943247625,0.6810273702911509,0.2112327240336116,Normal
Train131.csv,6.497860805174889,23.3922988986296,1.0,0.13567353630130563,0.03409712967022189,0.19983879536563048,0.17795989957271172,0.043691282378742875,0.12759698915685247,0.035044948742424406,0.19267896909633567,0.1678121112970855,0.0542114518940104,1.2526926030089762,0.4340737035092128,2.2250380400288323,1.4455427608576734,0.5463421775171851,2.7398668044017427,0.13163526272907905,1.3491176819333248,1.0632889843939948,0.008076547144453161,0.03067763264712337,1.0371539724802197,0.007159826269294817,0.8665891942736661,-0.1928501578486972,-0.0714726702342479,0.8861541748046875,0.978851318359375,0.9052991530836275,-0.0926971435546875,0.018094965994522892,0.017017785802156706,0.017556375898339797,2,1,0.008076547144453133,0.017068553453489812,0.028657448221288073,-0.025023118021921503,1.2567515739580603e-05,1.2208635966948768e-05,1.0293112565846032,3.5887977263183487e-07,2.4776151706529373e-05,3.941886392518934e-06,3.565890899934796e-06,1.1051323135762277,3.759954925841381e-07,7.50777729245373e-06,4.429755256024831e-06,5.018707808732594e-06,0.8824727304482852,-5.889525527077634e-07,9.448463064757425e-06,4.6947849920820175e-05,5.236917894247436e-05,0.896461514336044,-5.421329021654188e-06,9.931702886329454e-05,4.669075565800337e-07,5.250978906866257e-07,0.8874917859310537,-5.8190334106592017e-08,9.920054472666595e-07,800.78125,800.78125,620.9881447503157,641.2821659190703,-20.294021168754625,-0.14815940660161608,-0.18589392188960252,0.037734515287986437,Normal
Train132.csv,9.850638298255996,35.46229787372159,1.0,0.4157158482058564,0.13683632537315066,0.7565001696594613,0.5571609167382755,0.0891193543046404,0.4160853124796813,0.17176649454719417,0.8790571973242711,0.6511397105934399,0.13081672314981915,1.3970036126964414,0.40715279171301216,2.380882200486857,1.5311597600206945,0.5315550128199145,2.729053149459023,0.41590058034276883,1.464081686358568,0.9991096456126685,-0.0003694642738248932,-0.000444173255717917,0.8605803028310763,-0.1225570276648098,0.9123820627936939,-0.13415614732425318,-0.04581578430986969,5.1418304443359375,5.1212310791015625,1.0040221503177784,0.020599365234375,0.038312570816472026,0.038346620820137185,0.038329595818304606,3,3,-0.0003694642738248863,0.07355296312239688,0.1255638447993268,-0.10522549361459288,0.0006247184590606096,0.0004930508771360551,1.267044073920485,0.00013166758192455458,0.0011177693361966647,3.8199363522058766e-05,4.899823016798996e-05,0.7795910954334443,-1.0798866645931194e-05,8.719759369004873e-05,3.553803807165783e-05,3.8482424975854815e-05,0.9234634935418307,-2.944386904196985e-06,7.402046304751265e-05,1.8778582954774116e-05,2.0786772226573215e-05,0.9033475424927577,-2.0081892717990988e-06,3.956535518134733e-05,3.903993445367609e-06,4.677028471464714e-06,0.8345381968454008,-7.730350260971054e-07,8.581021916832323e-06,58.59375,48.828125,114.16130808624834,136.59806092279584,-22.436752836547498,1.5405862747965555,0.9099644031766285,0.630621871619927,Normal
Train133.csv,17.65400538392264,63.55441938212151,1.0,0.405749504612186,0.2791457306305215,1.1566705454441595,0.8270213798292267,0.07669280504998853,0.38804743242826323,0.24683119792469366,1.3112611202953954,0.6759141640899264,0.150158988618041,1.4340626262831044,0.5217195115994264,2.613564560020732,1.5081741794318404,0.598329536919195,2.8482235996121386,0.3968984685202246,1.4711184028574724,1.045615626052542,0.01770207218392278,0.022300476428450004,0.8821047504854254,-0.15459057485123595,0.9508594530930714,-0.07411155314873596,-0.025188838578847413,4.6665191650390625,3.940582275390625,1.1842204158409713,0.7259368896484375,0.021751334164505497,0.020802365199417725,0.02127684968196161,3,3,0.017702072183922793,0.13465131438798686,0.30814525952549987,-0.13390658795283805,0.0006218115414241933,0.0007589883634406231,0.8192625237927179,-0.00013717682201642978,0.0013807999048648166,5.390519192030105e-05,3.477104058905277e-05,1.5502452834842237,1.9134151331248277e-05,8.867623250935383e-05,4.20996419450006e-05,3.7353287128429e-05,1.1270364175404135,4.746354816571603e-06,7.94529290734296e-05,0.0001255983000488649,0.00015433704256245955,0.8137870479861511,-2.8738742513594658e-05,0.00027993534261132444,5.763840360103994e-06,7.364092801211986e-06,0.7825889660420174,-1.600252441107992e-06,1.312793316131598e-05,48.828125,48.828125,186.8916698625287,182.3205953521673,4.571074510361399,0.4521572660107567,0.7891373853089356,-0.33698011929817895,Normal
Train134.csv,18.45511151058804,66.43840143811694,1.0,0.5755305007034259,0.28585335742879614,1.0486128886350228,1.0257171971131476,0.07223922659729269,0.6390832428288983,0.37810116634628393,1.457460151114531,1.3212033822965938,0.24209214456010394,1.5662341969080025,0.5657151510305585,2.8721843698131946,1.655424690761937,0.5323931814722244,2.3911925091041537,0.607306871766162,1.6108294438349697,0.9005549849826487,-0.06355274212547235,-0.05232337452174279,0.7194791352298763,-0.4088472624795083,0.9461217169990381,-0.08919049385393452,-0.027684639894883938,7.0163726806640625,8.501052856445312,0.8253532796224321,-1.48468017578125,0.029582482752165434,0.03284911744047782,0.031215800096321623,1,5,-0.06355274212547248,0.0813979433612292,0.05070225010588575,-0.22063049527917078,0.0007405911596117523,0.001307450479985259,0.5664387328699205,-0.0005668593203735067,0.002048041639597011,0.00012960858195947155,0.00013990588984944067,0.926391703074441,-1.0297307889969122e-05,0.00026951447180891225,0.0001365383465478605,0.00014605033570078664,0.9348654422961576,-9.51198915292615e-06,0.00028258868224864713,0.00011084714736027092,0.00011033570813385207,1.0046261958966514,5.11439226418849e-07,0.000221182855494123,1.0507432776141156e-05,1.007460882924506e-05,1.0428583477400095,4.3282394689609537e-07,2.0582041605386217e-05,58.59375,58.59375,205.04857359105625,153.33801340922315,51.7105601818331,0.6015385919046552,0.7632819194933678,-0.16174332758871257,Normal
Train135.csv,9.286896949861827,33.43282901950258,1.0,0.24993329978026568,0.08713486907157453,0.4661099954677507,0.3493573777954369,0.07398347203510319,0.2676211224163221,0.11235199990946527,0.609035996750494,0.42425312417503275,0.10003667695263274,1.1790117523406551,0.5571610987426913,2.3104047401029812,1.3662301339496066,0.586207621490318,2.722196874080174,0.2587772110982939,1.2726209431451307,0.9339037353252171,-0.017687822636056394,-0.03417570733002168,0.765322957315684,-0.1429260012827433,0.8629665384159977,-0.18721838160895143,-0.07355619482030089,2.0038604736328125,2.5707244873046875,0.7794922030876924,-0.566864013671875,0.024296277195974318,0.026015728914239464,0.02515600305510689,2,4,-0.017687822636056394,0.04705501991186506,0.06603519379524919,-0.08602473007200034,8.764349171352755e-05,0.00013439707456950828,0.6521186556746384,-4.675358285598073e-05,0.00022204056628303583,1.852239877232334e-05,2.6357796772301137e-05,0.7027027421747645,-7.835397999977798e-06,4.4880195544624476e-05,0.0001045951830268453,6.105978796548972e-05,1.7129681177052662,4.353539506135559e-05,0.00016565497099233504,5.2029633449435686e-05,6.26193394370791e-05,0.8308743439775673,-1.0589705987643417e-05,0.00011464897288651479,1.194460045684902e-06,2.0113648492446496e-06,0.5935603805310194,-8.169048035597477e-07,3.2058248949295515e-06,566.40625,58.59375,394.0920285934447,328.3952311464611,65.69679744698362,0.2449745804350809,0.9025697149666247,-0.6575951345315438,Normal
Train136.csv,16.941911049108956,60.99087977679224,1.0,0.45582055332094673,0.21626962979447217,1.2866346210152264,0.7065655077101535,0.08805501187762048,0.4573440925661254,0.16065891895675846,0.9442550955946236,0.663855266206375,0.2572586004860335,1.4546461794182892,0.3771661386577638,2.378021225939602,1.5768746367562683,0.4758217453903027,2.809538094896384,0.45658232294353607,1.5157604080872789,0.9966665450882515,-0.0015235392451786733,-0.001668414982583657,1.3625907494989458,0.3423795254206028,0.9224863048874212,-0.12222845733797905,-0.04031917457622578,5.6732177734375,5.3607940673828125,1.058279173541923,0.3124237060546875,0.02540535130696593,0.025490266411104426,0.02544780885903518,4,3,-0.0015235392451786872,0.07017570714869932,0.12294289265685454,-0.12153600470933412,0.000377058785119526,0.0004122999735508197,0.9145231500964434,-3.5241188431293664e-05,0.0007893587586703457,9.32581678932006e-05,6.73958430343398e-05,1.3837171549071525,2.5862324858860804e-05,0.00016065401092754038,0.00023231727937561594,0.00021999973754957802,1.0559840933408795,1.2317541826037918e-05,0.0004523170169251939,0.00011343423115660693,9.015087293329316e-05,1.2582570662790475,2.3283358223313765e-05,0.0002035851040899001,7.427200763836705e-06,8.441421102081576e-06,0.8797477256856381,-1.0142203382448707e-06,1.5868621865918282e-05,58.59375,68.359375,297.33910991990996,279.13857902154507,18.20053089836489,2.0758829837255828,0.7437857232966887,1.332097260428894,Normal
Train137.csv,12.461650859239514,44.86194309326225,1.0,0.39228363682979106,0.31254711188874335,1.791006988870647,0.5613653355899734,0.07868186849329359,0.3860265222854339,0.23944771266735718,1.012094059853676,0.8532971853306555,0.10076547543583655,1.2965367698293233,0.6850826062972348,3.206257035524706,1.4386736900869723,0.614300162352773,2.566421023925805,0.38915507955761247,1.3676052299581478,1.0162063950966982,0.0062571145443571785,0.0080393483648239,1.7696035282788383,0.778912929016971,0.9012021819546597,-0.142136920257649,-0.05196560570932923,3.536224365234375,4.015350341796875,0.880676200965246,-0.4791259765625,0.02914082685189714,0.028676016509556212,0.028908421680726677,4,3,0.006257114544357099,0.07888999534738385,0.11685607556299332,-0.16099801922788715,0.00042057426350129034,0.0003498352536722244,1.202203199601329,7.073900982906595e-05,0.0007704095171735147,8.95143423171416e-05,8.121427839180192e-05,1.1021859936907807,8.300063925339684e-06,0.00017072862070894354,9.690766701337106e-05,7.761080427077449e-05,1.2486202057006246,1.9296862742596574e-05,0.00017451847128414555,4.842165816082901e-05,4.805716056034527e-05,1.0075637019029744,3.6449760048373823e-07,9.647881872117428e-05,3.5115450801893625e-06,3.6914377634236247e-06,0.9510099574253789,-1.798926832342622e-07,7.202982843612987e-06,58.59375,68.359375,201.13019641327824,207.4372384672937,-6.307042054015454,0.8383678702122581,0.037432311552627606,0.8009355586596305,Side I
Train138.csv,0.0,0.0,0.0,0.07177591265701735,0.028616882973660593,0.12641251707632348,0.12033131117853206,0.025123066785084285,0.05506307763552284,0.024151824373980894,0.13486758811531877,0.08080282758362455,0.020099758264407006,1.3640120864510354,0.3874905325475575,2.2440024915235544,1.4960624866188892,0.5120998813186461,2.767547203435028,0.0634194951462701,1.4300372865349624,1.3034979561832052,0.016712835021494517,0.13176313702759282,0.9373014045956723,-0.008455071038995288,0.9117340932728126,-0.13205040016785374,-0.04617024858056969,0.353240966796875,0.35858154296875,0.9851036357552395,-0.005340576171875,0.07177591265701735,0.05506307763552284,0.0634194951462701,3,0,0.016712835021494524,0.017277161217743076,0.044233783804867415,-0.005378987749359902,1.1089467579970151e-06,1.2951404422614355e-06,0.8555760794425834,-1.8619368426442036e-07,2.4040872002584506e-06,5.652274370972679e-07,6.450074344669762e-07,0.8749550035188678,-7.977999736970831e-08,1.210234871564244e-06,3.8757346231145315e-07,5.677712539491611e-07,0.6814223813534992,-1.8019779163770794e-07,9.553447162606142e-07,1.669978436109526e-07,2.2847500670238405e-07,0.7277387024005592,-6.147716309143146e-08,3.9547285031333665e-07,2.632821079177626e-07,2.946605953846452e-07,0.8904876470780315,-3.137848746688257e-08,5.579427033024078e-07,87.890625,87.890625,760.2667081417133,731.99716631406,28.269541827653256,0.21646406054114076,0.29940908204057104,-0.08294502149943028,Normal
Train139.csv,5.044001538263612,18.158405537749005,1.0,0.2528937540059752,0.11848006804893146,0.5930667760990119,0.38825461314571075,0.0781759096210432,0.25532167551585333,0.12906241926058218,0.6061608450508382,0.4094471292700989,0.10249051352540593,1.4016870770802936,0.4089749225901553,2.369018777983006,1.4999840957459094,0.5686937753663522,2.7884015253771706,0.25410771476091426,1.4508355864131015,0.9904868554860209,-0.0024279215098781393,-0.004777337702684121,0.9783967449308393,-0.013094068951826299,0.9344673364126099,-0.0982970186656158,-0.03387599039827968,3.40118408203125,3.458404541015625,0.9834543814177527,-0.057220458984375,0.041842106161777935,0.042243813787844434,0.04204295997481118,4,2,-0.002427921509878181,0.08435872824297659,0.10464704373627576,-0.1981427204683307,0.00017349326557578796,0.0001979895378194279,0.8762704899262306,-2.449627224363995e-05,0.0003714828033952159,3.941975868299505e-05,4.2281458752574235e-05,0.9322957993921085,-2.8617000695791827e-06,8.170121743556929e-05,2.6740481538752986e-05,2.8011749440137122e-05,0.9545825409211275,-1.2712679013841366e-06,5.475223097889011e-05,5.596604018666952e-06,6.625128783628739e-06,0.8446265083912273,-1.0285247649617873e-06,1.2221732802295692e-05,1.0913263615760839e-06,1.2689830289053652e-06,0.8593235789274517,-1.7765666732928136e-07,2.360309390481449e-06,39.0625,48.828125,134.73346391546198,134.99123725697007,-0.2577733415080843,1.024306414779229,2.350712624135059,-1.32640620935583,Normal
Train140.csv,6.141813637768045,22.11052909596496,1.0,0.19850003086193935,0.08391320217759754,0.41816113402808025,0.3075199072197665,0.06511132518831125,0.2027273630445043,0.11093354148225493,0.5866852249137157,0.33145971840545774,0.0768539990838377,1.3160079450266682,0.6115309971562737,2.9370080911387224,1.4445672772363385,0.604706530474595,2.6047787017050092,0.20061369695322184,1.3802876111315032,0.9791428682249226,-0.0042273321825649635,-0.01053597463880054,0.7127508986419094,-0.1685240908856354,0.911004322720125,-0.1285593322096703,-0.046569745538227764,2.0229339599609375,2.3746490478515625,0.8518871914584483,-0.351715087890625,0.027794064775397087,0.02838597775394494,0.028090021264671017,4,3,-0.004227332182564951,0.04734293036666113,0.053913324329034784,-0.07519106157205216,8.111205855850237e-05,0.00012339715071758357,0.6573198875900524,-4.2285092159081194e-05,0.00020450920927608595,7.83830765797828e-06,9.650839133549517e-06,0.8121050868670765,-1.8125314755712373e-06,1.7489146791527797e-05,6.072484439333152e-05,5.164265351932582e-05,1.1758433080379835,9.0821908740057e-06,0.00011236749791265733,1.674829228757922e-05,1.3516145898285504e-05,1.2390405795430195,3.2321463892937167e-06,3.0264438185864723e-05,6.71008404171669e-07,8.436223658122747e-07,0.7944478282035062,-1.726139616406057e-07,1.5146307699839437e-06,58.59375,68.359375,318.8279390754968,247.62301068438754,71.20492839110923,-0.07498804893081878,0.20328003357473756,-0.27826808250555635,Normal
Train141.csv,9.464920533565248,34.0737139208349,1.0,0.26649513190240803,0.16961880009941,0.7965714961247695,0.4773697654226892,0.071716594289657,0.2700034556665726,0.23178695430184734,1.0288441221442,0.6456781195696749,0.08406098885578321,1.4619530882214327,0.5078419599686884,2.9349851013638903,1.548012838874016,0.5423564182560818,2.7738760829744815,0.2682492937844903,1.5049829635477243,0.9870027190643914,-0.003508323764164545,-0.0065392851093542745,0.774238492247159,-0.23227262601943044,0.9444056968410686,-0.08605975065258331,-0.02859159344173561,2.495574951171875,2.5665283203125,0.9723539612117169,-0.070953369140625,0.025465566704271664,0.0258008128012594,0.02563318975276553,3,1,-0.0035083237641645726,0.24530304458281232,0.39368008052541,-0.5617971001622593,0.0001798487295563543,0.0003052863313664828,0.5891129800615752,-0.0001254376018101285,0.0004851350609228371,1.749390259030798e-05,2.115528115625895e-05,0.8268893035169614,-3.661378565950971e-06,3.864918374656693e-05,3.671611380348573e-05,3.652963378891937e-05,1.0050773828792048,1.864800145663588e-07,7.32457475924051e-05,1.1783359898294186e-05,1.2909764576333614e-05,0.9126771562308522,-1.1264046780394279e-06,2.46931244746278e-05,1.5181212703880296e-06,1.7435626145156426e-06,0.8702016526987872,-2.2544134412761297e-07,3.2616838849036724e-06,39.0625,39.0625,165.62370598675452,125.85873391435807,39.764972072396446,0.16459788651098206,0.05086181925670896,0.1137360672542731,Normal
Train142.csv,0.08901179185171079,0.32044245066615884,0.0,0.12827308629043072,0.062457547016416294,0.24904970516715053,0.20972924383275593,0.032886340299404994,0.13403469492093845,0.10823282963282269,0.6513307667033847,0.20629856029437652,0.04026673876369624,1.2769743797280415,0.5226091449151621,2.3328772660429253,1.3662286316765426,0.4737439909377047,2.0060691129537003,0.13115389060568458,1.321601505702292,0.9570069104807728,-0.005761608630507731,-0.021964985708446454,0.38236996550571634,-0.4022810615362342,0.934670387847632,-0.08925425194850112,-0.033767447220644876,0.830841064453125,0.92315673828125,0.8999990250853536,-0.092315673828125,0.11778851914203835,0.12307919521516968,0.12043385717860401,1,2,-0.005761608630507746,0.03101898372912471,0.028401203350834292,-0.0785694990567227,2.384459110019078e-05,2.3296666487826688e-05,1.0234755104186022,5.479246123640931e-07,4.714125758801747e-05,8.204951565177145e-06,7.710428371585376e-06,1.0639989337656657,4.945231935917684e-07,1.591537993676252e-05,7.349056786115243e-06,3.988115891233072e-05,0.1842692819681602,-3.253210212621548e-05,4.723021569844597e-05,2.0549412944923178e-07,1.9756935031205542e-07,1.0348733534470145,7.924779137176356e-09,4.030634797612872e-07,2.5816302714108954e-07,2.948350965025227e-07,0.8726585526639435,-3.667206936143315e-08,5.529981236436122e-07,48.828125,351.5625,175.65207701509794,260.2096012822074,-84.55752426710947,0.21341212737077386,-0.4454416422630816,0.6588537696338554,Normal
Train143.csv,12.758356832078547,45.930084595482775,1.0,0.5558541005294315,0.3063082408202793,1.3088129173191798,1.0399021162820674,0.07494908432429792,0.5408718053024473,0.2239994448399037,1.035584559091299,0.9211848388438391,0.22786666142560588,1.3221834590163242,0.4826879107199161,2.267230037550431,1.41502349752012,0.503972654148271,2.086481826997209,0.5483629529159394,1.3686034782682222,1.027698370263979,0.014982295226984244,0.013660916995211327,1.2638385170875028,0.2732283582278807,0.9343890945587848,-0.09284003850379574,-0.03391778775233135,7.604217529296875,7.2582244873046875,1.047668957460382,0.3459930419921875,0.040401198145509624,0.03931223851102392,0.039856718328266774,4,4,0.014982295226984403,0.2444282635256558,0.5107432361833533,-0.2955531538990442,0.0011815312923131405,0.0005575477379440026,2.119153379613259,0.0006239835543691379,0.001739079030257143,0.00013119889706018553,8.771444472393997e-05,1.495733134262702,4.348445233624556e-05,0.00021891334178412552,0.00015991558904362025,0.0001769927765835471,0.9035096720936663,-1.7077187539926838e-05,0.00033690836562716734,0.00010970312942754208,0.00012330608264267225,0.8896741945103621,-1.360295321513017e-05,0.0002330092120702143,7.830468060795852e-06,7.511437799193837e-06,1.042333829590728,3.1903026160201534e-07,1.534190585998969e-05,58.59375,48.828125,163.99086607958628,250.7767862489903,-86.78592016940402,1.1556569107327785,1.1176932288161598,0.0379636819166187,Normal
Train144.csv,6.26049602690366,22.537785696853174,1.0,0.1877244240031247,0.059659222247045986,0.3220350885879679,0.23397782549198584,0.07202634633350827,0.1781587991201513,0.05757656262379622,0.2940942380684445,0.2705650384166133,0.08692914853272188,1.2669281043216563,0.616955944385944,2.9072621105969247,1.3764295764321184,0.6006094137813918,2.2113774033854083,0.18294161156163802,1.3216788403768873,1.0536856514781034,0.009565624882973384,0.02614385720520798,1.0950027300782785,0.02794085051952344,0.9204446094227968,-0.10950147211046213,-0.04142512815522898,1.586151123046875,1.525115966796875,1.0400193280769716,0.06103515625,0.025855592139643717,0.024538102969822798,0.02519684755473326,2,1,0.009565624882973394,0.032332202423875286,0.0610665496972852,-0.03252478860716154,6.080949808255332e-05,4.194366954443228e-05,1.4497550879054462,1.8865828538121036e-05,0.0001027531676269856,6.833331159051583e-06,7.876888126833205e-06,0.8674064735415937,-1.0435569677816224e-06,1.471021928588479e-05,6.856514174969224e-05,5.386305963164171e-05,1.2729293376434363,1.4702082118050535e-05,0.00012242820138133395,1.2760978011855609e-05,1.306646130080257e-05,0.9765460725773768,-3.0548328894696105e-07,2.582743931265818e-05,5.908952543858441e-07,6.416538821533857e-07,0.9194611139761417,-5.0758627767541613e-08,1.2325491365392299e-06,546.875,537.109375,360.074221871154,384.3497027136596,-24.2754808425056,-0.0241178937539539,-0.04854219302989682,0.024424299275942918,Normal
Train145.csv,4.3912483980177335,15.808494232863842,1.0,0.15911601627015193,0.07045627339810452,0.3531675574728146,0.25449727018970975,0.07486861960557906,0.16638430079795485,0.10384570340920529,0.5569227875435913,0.29855020126854626,0.06762959719560364,1.3630528519780065,0.5144297078542359,2.777758010787303,1.5008944183491857,0.4920324981754244,2.7591208901482522,0.1627501585340534,1.431973635163596,0.9563105364900583,-0.007268284527802926,-0.02232950881204003,0.6341398327238296,-0.20375523007077667,0.9081597793650471,-0.13784156637117917,-0.048129907861579994,1.755523681640625,1.8703460693359375,0.9386085130520293,-0.1148223876953125,0.02951376091827935,0.03086192445874529,0.03018784268851232,2,2,-0.007268284527802935,0.05395816667698827,0.08465363202866089,-0.11892202004448674,5.0078864272695536e-05,0.00010481165598377199,0.47779405838593747,-5.4732791711076456e-05,0.00015489052025646752,1.965373911226858e-05,2.0576467798965913e-05,0.9551097007794248,-9.227286866973323e-07,4.02302069112345e-05,1.0628055413723734e-05,9.394260043906933e-06,1.1312146086489963,1.2337953698168002e-06,2.0022315457630665e-05,3.911150793827453e-06,3.6263343524220215e-06,1.078243804907569,2.8481644140543194e-07,7.537485146249475e-06,5.692048908691686e-07,7.475292560657682e-07,0.7604310536382782,-1.7832436519659955e-07,1.3167341469349368e-06,58.59375,48.828125,181.89169620364882,131.25397644724498,50.63771975640384,0.6194674292993572,2.901392808245558,-2.281925378946201,Normal
Train146.csv,11.245156370599464,40.48256293415807,1.0,0.5143086515404307,0.3074577496161624,1.3005261786853515,1.0071053600790532,0.07910824971130488,0.5419057274252401,0.3301020062405968,1.4856386327378817,1.052430123187586,0.1343840019404521,1.4262182452672056,0.8338198577845475,3.994870792046279,1.6003843504420916,0.6819851841846517,3.1015941608648263,0.5281071894828354,1.5133012978546487,0.9490722766703117,-0.02759707588480942,-0.026128265535988168,0.8753981450323959,-0.18511245405253018,0.8911717698948107,-0.17416610517488595,-0.05754506649691248,7.131195068359375,7.2902679443359375,0.9781799715221545,-0.1590728759765625,0.0420009868371532,0.0442547004729439,0.04312784365504855,5,2,-0.02759707588480946,0.13564144977033074,0.10055939264014935,-0.2705673507555494,0.0008632858424513887,0.0011466143716227803,0.7528992405095692,-0.0002833285291713916,0.002009900214074169,0.00010908264870499659,0.00015660918892404716,0.6965233198071137,-4.752654021905057e-05,0.00026569183762904374,0.00010714533708278439,0.00010940581867165555,0.9793296101986279,-2.2604815888711534e-06,0.00021655115575443994,4.700312847004993e-05,4.415022158521161e-05,1.064594065179695,2.8529068848383223e-06,9.115335005526154e-05,1.1935049311088204e-05,1.1931636590359658e-05,1.0002021951066955,3.4127207285459773e-09,2.386668590144786e-05,58.59375,58.59375,155.82125788127274,140.36492730128552,15.456330579987224,0.7026444228629471,0.23839787097801457,0.4642465518849326,Normal
Train147.csv,10.948450397760427,39.414421431937534,1.0,0.2102794583888959,0.062316135460154354,0.40505177514243257,0.27645044822169584,0.07192117203147853,0.19722439454275312,0.05975767215893351,0.3272368809727417,0.3099331574206989,0.10588479106447439,1.3440470341502837,0.5588988832189012,2.8361961257326933,1.4302661963698313,0.48252491647275236,2.42005908629406,0.20375192646582452,1.3871566152600576,1.0661885548582994,0.013055063846142773,0.032036584968799145,1.2377899952731104,0.0778148941696909,0.9397174440982892,-0.08621916221954762,-0.031077648404443232,1.5972137451171875,1.50909423828125,1.0583916141278784,0.0881195068359375,0.01759888951192448,0.01650627386625132,0.017052581689087902,3,1,0.013055063846142747,0.024473607496600696,0.04627584402157317,-0.0345122836055749,8.399430745870961e-05,5.7507960310258834e-05,1.4605429659232796,2.6486347148450777e-05,0.00014150226776896846,1.048203356499294e-05,8.816613866797e-06,1.1887607830575757,1.665419698195941e-06,1.929864743178994e-05,3.54413212034686e-05,2.806645859401273e-05,1.2627192834277075,7.3748626094558745e-06,6.350777979748133e-05,2.567958070960964e-05,1.9174053580586e-05,1.3392181983579554,6.505527129023641e-06,4.485363429019564e-05,8.775111878607357e-07,9.629317023083663e-07,0.9103458115957013,-8.542051444763059e-08,1.840442890169102e-06,58.59375,58.59375,283.468262542653,298.84480236188665,-15.376539819233642,-0.1259612306172735,0.17610610011209094,-0.3020673307293644,Normal
Train148.csv,0.0,0.0,0.0,0.07144919230011568,0.02835293832190527,0.1261440612559298,0.12017226365009291,0.025385049060971734,0.05368823455776086,0.024955591236064133,0.13576298835609663,0.07354800211568709,0.0167236328125,1.2350367292572146,0.47894484705539214,2.2110955380681947,1.352769730032291,0.5752405096365365,2.3650054442845074,0.06256871342893827,1.2939032296447528,1.3307917851435933,0.017760957742354817,0.14193048600911748,0.9291422768537514,-0.009618927100166819,0.9129682523717334,-0.11773300077507631,-0.04549527065951052,0.330352783203125,0.3284454345703125,1.0058041386118455,0.0019073486328125,0.07144919230011568,0.05368823455776086,0.06256871342893827,3,0,0.017760957742354817,0.016153932397784194,0.04410547107541813,-0.0015660187993273775,1.0813775792926613e-06,9.12596607639119e-07,1.1836488557976539,1.6878097165354233e-07,1.9939741869317803e-06,6.192417020312939e-07,7.882874172312734e-07,0.7845579297380925,-1.6904571519997952e-07,1.4075291192625672e-06,3.2742393906967613e-07,4.2721997093601374e-07,0.7646162283229921,-9.97960318663376e-08,7.546439100056899e-07,1.8584546675331503e-07,2.3163918491533727e-07,0.7988571092223714,-4.579371816202224e-08,4.174846516686523e-07,2.4521752911169056e-07,2.9091924717571453e-07,0.8400183663261063,-4.570171806402397e-08,5.361367762874051e-07,87.890625,87.890625,746.7686385668828,799.4412221205996,-52.67258355371678,0.37074400945155395,0.517854299827222,-0.14711029037566803,Normal
Train149.csv,5.607742886657781,20.187874391968013,1.0,0.279963841825459,0.11355962273843183,0.4999705991445542,0.425837753110233,0.07260002914380836,0.3100821810711698,0.10070253246252027,0.5643747928741515,0.43803875824999566,0.1317656718312473,1.210122290805673,0.6481896385920224,3.0060981918358456,1.3236435033875469,0.5592394731257627,2.58538891196947,0.29502301144831444,1.26688289709661,0.9028669044813565,-0.03011833924571078,-0.05104396442482729,0.885882430567041,-0.06440419372959727,0.914235119557146,-0.11352121258187386,-0.04480333898211824,3.076171875,3.1047821044921875,0.9907847896199927,-0.0286102294921875,0.04236905803201821,0.04692709543788112,0.04464807673494967,3,4,-0.030118339245710737,0.08159737695685211,0.09804388953121163,-0.16383144174473188,0.00020061087801077082,0.00030979901260103727,0.6475496121722853,-0.00010918813459026645,0.0005104098906118081,5.472309474270144e-05,7.941047878230468e-05,0.689108118647646,-2.4687384039603242e-05,0.00013413357352500612,2.1354792797160253e-05,2.497892076254509e-05,0.8548783240809812,-3.624127965384838e-06,4.633371355970535e-05,5.3771071615715505e-06,4.9199133892835895e-06,1.092705100902899,4.5719377228796103e-07,1.0297020550855139e-05,1.0822421371981977e-06,1.140192283743821e-06,0.948343370889058,-5.795014654562338e-08,2.222434420942019e-06,58.59375,58.59375,133.90677139337464,119.10445079817028,14.802320595204364,0.13180252431814488,-0.14378406725030635,0.2755865915684512,Normal
Train150.csv,12.995721610349777,46.7845977972592,1.0,0.5834515101241777,0.386511297048735,1.5116065227635063,1.3283893898685868,0.0742403300182534,0.5765129127872033,0.34581917139230467,1.4510342313197615,1.2465474352153374,0.07681724829155272,1.4076612987235553,0.6127537664852988,3.0246325922925617,1.6015550517269994,0.6021623357305453,3.087288037062931,0.5799822114556905,1.5046081752252773,1.0120337032343834,0.006938597336974439,0.005981727730779553,1.0417435015610568,0.060572291443744763,0.8789335204382248,-0.19389375300344414,-0.06443328295126752,6.4495086669921875,5.792236328125,1.1134745179856005,0.6572723388671875,0.04168784764143335,0.041192082040333984,0.041439964840883664,3,4,0.0069385973369745085,0.08488326678113631,0.1907922987879878,-0.08494548714818306,0.0011592816460460874,0.000987103955496907,1.1744259205572591,0.00017217769054918026,0.0021463856015429945,0.00012483243239092,0.0001723285096092474,0.7243822179612432,-4.749607721832739e-05,0.0002971609420001674,0.00014700646602270104,0.0001087345801089486,1.3519628614240764,3.8271885913752446e-05,0.00025574104613164964,6.868007171573783e-05,5.910357892859329e-05,1.1620093224708206,9.576492787144537e-06,0.00012778365064433113,8.531726604623645e-06,7.276607678119505e-06,1.1723257122357271,1.25511892650414e-06,1.580833428274315e-05,48.828125,48.828125,152.22505490370503,146.88701019756027,5.338044706144757,0.014371670673383186,-0.2867433789822029,0.3011150496555861,Side I
Train151.csv,10.384709049366261,37.38495257771854,1.0,0.18849325058749405,0.07503228468689198,0.46097520900295197,0.2808312370534443,0.0648010572965338,0.18254834419017754,0.0868660066096362,0.5808898692024671,0.26394036443869234,0.09833193674281121,1.3253613496801289,0.5565125225435299,2.32056756335582,1.533400958581203,0.5324860506707304,2.7371149939828747,0.1855207973888358,1.4293811541306658,1.032560546430253,0.005944906397316513,0.016022166945222814,0.7935659405971501,-0.11991466019951513,0.8643274141285394,-0.2080396089010741,-0.07277258956692063,1.7520904541015625,1.9145965576171875,0.9151220563981742,-0.162506103515625,0.01655670336151337,0.016034519933589276,0.016295611647551323,1,1,0.005944906397316535,0.03484381623289386,0.07846211598271297,-0.05469006769459889,6.488794813048606e-05,7.196505838390796e-05,0.9016465482149484,-7.077110253421898e-06,0.00013685300651439402,1.3902195880632136e-05,1.4954623807221335e-05,0.9295630901012266,-1.0524279265891997e-06,2.885681968785347e-05,1.7152437987460456e-05,2.2671892770074343e-05,0.7565174043472626,-5.519454782613887e-06,3.9824330757534795e-05,2.261750917401253e-05,2.169431736495605e-05,1.0425064908497756,9.231918090564795e-07,4.431182653896858e-05,9.30602974632963e-07,1.1946473774231152e-06,0.7783256102134547,-2.640444027901522e-07,2.125250352056078e-06,78.125,78.125,293.6382341274519,285.6512716270118,7.986962500440086,0.7035477567702424,1.7588907294968719,-1.0553429727266295,Normal
Train152.csv,16.496852089850403,59.38866752346145,1.0,0.3492542400370794,0.14017735684205132,0.7826503696171241,0.48444429051441135,0.07274683975618057,0.3215946200089108,0.12435412764222806,0.6220264509179299,0.5094170552523383,0.15430508362386697,1.3420913406492765,0.4670873006849236,2.2895907583425803,1.457606926653285,0.5878894643854949,2.513116257919631,0.3354244300229951,1.3998491336512808,1.0860043430548034,0.027659620028168574,0.04123071595523977,1.2582248073813493,0.16062391869919423,0.9207492056734089,-0.11551558600400846,-0.04125999794088769,3.261566162109375,3.1024932861328125,1.0512722542915114,0.1590728759765625,0.01996097573686842,0.018380141659622408,0.019170558698245414,3,3,0.027659620028168533,0.06228222950634899,0.13141710909747242,-0.03910621397526526,0.00027814251332743367,0.00021824419846874752,1.2744496340764326,5.989831485868615e-05,0.0004963867117961812,3.3015533777535174e-05,3.2086288598985554e-05,1.0289287508879439,9.292451785496199e-07,6.510182237652072e-05,2.7421527930959756e-05,3.400751940859663e-05,0.8063134887321255,-6.585991477636878e-06,6.142904733955639e-05,7.228116561545419e-05,0.00010325152531227369,0.700042593600973,-3.09703596968195e-05,0.0001755326909277279,4.8494903570265125e-06,6.675521914417311e-06,0.726349799969128,-1.8260315573907981e-06,1.1525012271443822e-05,48.828125,48.828125,216.9723593352176,285.2438313233635,-68.27147198814592,0.3697131963509457,-0.009869239915990757,0.37958243626693644,Normal
Train153.csv,4.717624968140672,16.98344988530642,1.0,0.26351561516776384,0.14507916682002944,0.629538259971373,0.5533903179075558,0.07753098683618168,0.24195499198812204,0.08544143044422538,0.45809673755581576,0.3706089307672716,0.1285707558413723,1.3968962278216417,0.4208649432512611,2.3404036060692337,1.4727940345101915,0.579155469031684,2.52134908701771,0.25273530357794294,1.4348451311659165,1.089105555942174,0.021560623179641802,0.04265446935972523,1.3742444207000009,0.17144152241555727,0.9484661443648936,-0.07589780668854984,-0.02644807393910289,3.0582427978515625,2.919769287109375,1.0474258236524756,0.1384735107421875,0.046088300060970436,0.0423173946063839,0.04420284733367717,4,2,0.021560623179641813,0.05943104521189919,0.09926380117260386,-0.07663559973312348,0.0002501127284977576,0.00018913582833236879,1.322390412819212,6.097690016538881e-05,0.0004392485568301264,5.47158329322763e-05,4.81079852578855e-05,1.137330846597058,6.607847674390797e-06,0.0001028238181901618,1.8908523184631468e-05,1.8373597904685643e-05,1.0290577939563876,5.349252799458246e-07,3.728212108931711e-05,5.150270995523213e-06,5.851409768843028e-06,0.8800256986347998,-7.01138773319815e-07,1.100168076436624e-05,9.589047666802117e-07,9.497204755805795e-07,1.008608514605341,9.184291099632179e-09,1.908625242260791e-06,48.828125,48.828125,115.26131013303859,122.74346108761141,-7.482150954572816,0.6255080668653492,0.2981292348366331,0.3273788320287161,Normal
Train154.csv,15.339698795778162,55.222915664801384,1.0,0.4686826163941368,0.25218993373535914,1.2111973022358768,0.8178709583580399,0.07306599086387455,0.4098054218454442,0.15413907477220545,1.0275962794807298,0.5344671977150903,0.09754945637753348,1.3020487866705226,0.5138051225935546,2.3472324566426765,1.3305020844601583,0.6497192022195678,2.787524517875239,0.4392440191197905,1.3162754355653403,1.1436683063275601,0.05887719454869256,0.06702097804962662,1.1786692378632266,0.183601022755147,0.9786138806275818,-0.02845329778963568,-0.010808257228152922,5.693817138671875,5.0174713134765625,1.1347979187406176,0.6763458251953125,0.028683675400138626,0.025080353497784758,0.02688201444896169,5,3,0.05887719454869256,0.13915910445873755,0.2977096814864022,-0.1368521074236203,0.0007500494857535043,0.00032439112237335005,2.3121692360033816,0.00042565836338015424,0.0010744406081268543,0.00015601675527791115,0.00012174073382809961,1.2815387983401663,3.427602144981154e-05,0.0002777574891060108,0.00010517293421980431,9.318292367102162e-05,1.1286596451026139,1.1990010548782698e-05,0.00019835585789082592,8.644784786059649e-05,8.856833431034996e-05,0.9760471672698847,-2.120486449753471e-06,0.00017501618217094647,5.545202196608766e-06,4.394642851159148e-06,1.2615224631242448,1.1505593454496176e-06,9.939845047767914e-06,58.59375,58.59375,179.09092578183677,243.08348221484718,-63.99255643301041,0.8671601160479518,0.29630588173062566,0.5708542343173262,Normal
Train155.csv,0.0,0.0,0.0,0.07014469231651696,0.030608490011286217,0.12966349735816035,0.11795700608233928,0.017834384925830164,0.05325708755989007,0.0260695222478228,0.12755424794667897,0.08165595334279366,0.013757167161994474,1.3142326990642608,0.5942550030684373,3.0750582783495357,1.4189451705037701,0.5029954642137026,2.542851566948927,0.06170088993820352,1.3665889347840154,1.3170711816799179,0.016887604756626887,0.13684946784456978,1.0165281275793738,0.0021092494114813842,0.9262033517435458,-0.10471247143950935,-0.03831160580282796,0.3025054931640625,0.330352783203125,0.9157016161006415,-0.0278472900390625,0.07014469231651696,0.05325708755989007,0.06170088993820352,4,0,0.01688760475662688,0.014490330256572377,0.04087399927483335,-0.0004529462713654883,8.292346837292577e-07,8.650035249495265e-07,0.9575419266077332,-3.576884122026879e-08,1.6942382086787842e-06,5.464000094296689e-07,6.495940215247907e-07,0.8398478795564039,-1.0319401209512181e-07,1.1959940309544596e-06,4.496484394157163e-07,4.607913944299918e-07,0.9737046745332618,-1.1142955014275475e-08,9.104398338457082e-07,1.581091217430399e-07,1.942417312205846e-07,0.8098121275333695,-3.613260947754469e-08,3.523508529636245e-07,2.35503414763902e-07,3.192382375564664e-07,0.7354006709532198,-8.37348227925644e-08,5.547416523203684e-07,87.890625,87.890625,757.8625252638893,794.9420631687475,-37.07953790485817,0.3601559550837288,0.4231106503688582,-0.06295469528512943,Normal
Train156.csv,2.0176006153054447,7.263362215099601,1.0,0.18533598572057597,0.06679964263505657,0.32891894970657165,0.27432103811791864,0.07241475980799299,0.18118226946908678,0.07320515194982,0.3695744785565528,0.2689859672018758,0.06397858683171104,1.1490934588065453,0.6935298761005118,2.9801177796868026,1.2615824098783757,0.6223070428401162,2.531394586436758,0.18325912759483137,1.2053379343424604,1.022919976351336,0.004153716251489192,0.011332873219279485,0.8899912705010276,-0.04065552884998114,0.9108343132994473,-0.11248895107183032,-0.04666280766745632,1.4072418212890625,1.587677001953125,0.8863521567710241,-0.1804351806640625,0.06141832844961031,0.06004183209339229,0.0607300802715013,3,3,0.004153716251489159,0.04801466063081769,0.062199275502087814,-0.07696913307908676,5.7595509117082124e-05,6.725624221768644e-05,0.85634657648714,-9.660733100604316e-06,0.00012485175133476856,3.760783794816642e-05,3.6187781788146675e-05,1.0392125982114309,1.4200561600197464e-06,7.37956197363131e-05,5.280030069273442e-06,5.340020964898117e-06,0.9885806672496673,-5.99908956246749e-08,1.0620051034171558e-05,4.442430740015671e-07,4.84759091928098e-07,0.9145337295453524,-4.051601792653085e-08,9.290021659296651e-07,3.0582067961308456e-07,3.2829143380471565e-07,0.9287234595797281,-2.247075419163109e-08,6.341121134178003e-07,48.828125,48.828125,139.92550438554352,130.46302778759178,9.462476597951735,0.09332996970351815,0.4069465732713402,-0.31361660356782206,Normal
Train157.csv,0.0,0.0,0.0,0.07095945735304315,0.029210787365928845,0.12631434613765777,0.12108083867991648,0.031081939831367107,0.052567920578986405,0.026304312758771625,0.13615415342904275,0.07382504632089062,0.012068303505823302,1.2007456055573729,0.48350700943814895,2.0070337908035656,1.2951556032089355,0.5715581019431695,2.080021881632607,0.06176368896601478,1.247950604383154,1.3498366824257768,0.01839153677405675,0.1488851151609595,0.9277235782594633,-0.009839807291384978,0.927104569889351,-0.09440999765156266,-0.037826000281568836,0.318145751953125,0.32196044921875,0.9881485896063523,-0.003814697265625,0.07095945735304315,0.052567920578986405,0.06176368896601478,4,0,0.018391536774056735,0.015602931776415984,0.046579866806978815,-0.0011942209629294612,8.352080671274877e-07,7.571012699513198e-07,1.101710418162364,7.810679717616785e-08,1.5923093370788074e-06,4.899193592667279e-07,5.265348460199846e-07,0.9286957306478448,-3.6615486753256715e-08,1.0164542052867125e-06,3.428703084114397e-07,5.312198291789892e-07,0.6442268581769246,-1.8834952076754951e-07,8.740901375904289e-07,1.86849761253828e-07,1.959087677959935e-07,0.948915395415063,-9.059006542165511e-09,3.827585290498215e-07,2.443237483587975e-07,2.950884730440714e-07,0.8251714288196252,-5.07647246852739e-08,5.394122214028688e-07,87.890625,87.890625,802.7345672775964,846.7068478117823,-43.97228053418587,0.20254669059289432,0.11183794827201066,0.09070874232088366,Normal
Train158.csv,9.939650090107707,35.782740324387746,1.0,0.45352403406830777,0.19338562466006923,0.9254251753032179,0.6558050426226872,0.07974695717677935,0.4899022507312552,0.22467788527708601,0.9740526906713721,0.8642261752965308,0.19830666982578724,1.473368214559637,0.4767206255004663,2.998138935775607,1.6720858958993992,0.44496606757888113,2.803043744494728,0.47171314239978146,1.572727055229518,0.9257420386399847,-0.03637821666294744,-0.03855964020658595,0.9500761448430664,-0.04862751536815424,0.8811552905371743,-0.1987176813397622,-0.06317613011834146,5.5816650390625,5.7514190673828125,0.9704846757267793,-0.1697540283203125,0.04145690495881688,0.044782259642312916,0.043119582300564896,3,4,-0.03637821666294741,0.14957123105854017,0.21612885677938742,-0.29296227233996214,0.0005188476617938755,0.0008468196334298894,0.6127007790213844,-0.000327971971636014,0.0013656672952237648,7.189896623499805e-05,7.22474321353573e-05,0.9951629967595073,-3.4846590035924414e-07,0.00014414639837035537,6.659258313302005e-05,6.433286404248614e-05,1.0351093335392112,2.2597190905339104e-06,0.0001309254471755062,2.3587878616039664e-05,2.2188472280439327e-05,1.0630211623749644,1.3994063356003375e-06,4.577635089647899e-05,6.655971529038261e-06,1.1240797307460203e-05,0.5920736112739973,-4.584825778421942e-06,1.7896768836498463e-05,58.59375,58.59375,152.80186983799425,135.35650948111368,17.44536035688057,0.8064382600803497,0.34989868656821255,0.45653957351213714,Normal
Train159.csv,11.749556524425827,42.29840348793298,1.0,0.23386182425489413,0.07985910574782372,0.4142891065835655,0.33904466360201646,0.07652143817527209,0.21442103762450082,0.06215837663241913,0.40929334787158567,0.2946897229326568,0.13561412890765145,1.1382155807280472,0.5258594616923384,2.412347292267117,1.3518318346859288,0.48137146903494593,2.1597216239610137,0.22414143093969746,1.245023707706988,1.0906613277523114,0.01944078663039331,0.04336713471881262,1.0122033415265899,0.004995758711979825,0.8419795343944939,-0.21361625395788164,-0.08578799216736012,1.596832275390625,1.7566680908203125,0.9090114260762405,-0.1598358154296875,0.018342741867676534,0.01681792125190466,0.017580331559790593,4,1,0.01944078663039328,0.03165456364561464,0.0656168383901217,-0.03184348360839273,6.690246594296605e-05,9.672686021587524e-05,0.6916566312296634,-2.9824394272909193e-05,0.0001636293261588413,1.0317273668667692e-05,1.0308028052590855e-05,1.0007998441787889,9.245616076837044e-09,2.0625301721258546e-05,8.350023779949561e-05,3.469135645761844e-05,2.4068770854900796,4.8808881341877176e-05,0.00011819159425711405,1.361041603780882e-05,1.0827749961924912e-05,1.2568778562312874,2.782666075883908e-06,2.4438165999733733e-05,1.224032439792222e-06,1.1064886238292114e-06,1.1052325174772928,1.1754381596301055e-07,2.330521063621433e-06,361.328125,68.359375,292.0926788285886,214.77025656764513,77.32242226094345,-0.16864175183817043,0.022137098801669364,-0.1907788506398398,Normal
Train160.csv,10.147344271095031,36.530439375942116,1.0,0.4221259029268267,0.24061940508148155,1.2684266199743492,0.664707736872973,0.07905558439021755,0.4152811087090432,0.17014035293981264,0.914805566722223,0.625489743381191,0.17353393004697443,1.4198866372371792,0.5878633478024675,3.104516030766309,1.60057280519792,0.5687050784671518,2.871315990332368,0.418703505817935,1.5102297212175495,1.0164798677194602,0.006844794217783501,0.008173786401221848,1.3865517215504437,0.3536210532521262,0.8871110052070371,-0.18068616796074077,-0.059820736409006356,5.670928955078125,5.3966522216796875,1.0508233014299686,0.2742767333984375,0.03786784481227476,0.03725381567212054,0.03756083024219765,2,4,0.0068447942177834314,0.17664930977884255,0.42562599390906114,-0.21996331016047588,0.0007499142957000615,0.00036887221199487143,2.0329865962467553,0.0003810420837051901,0.001118786507694933,6.411235414992934e-05,7.042766135977808e-05,0.9103162393278712,-6.315307209848743e-06,0.00013454001550970742,5.9418171108071884e-05,4.991693929316851e-05,1.1903169872279469,9.501231814903376e-06,0.00010933511040124039,2.688677968141124e-05,2.6591005855208106e-05,1.0110850542004302,2.957738262031341e-07,5.3477785536619344e-05,7.532126095304015e-06,5.182823112377261e-06,1.4530060019447388,2.3493029829267545e-06,1.2714949207681276e-05,58.59375,58.59375,131.04137961385337,170.58668300935912,-39.545303395505755,0.7481397652356252,0.7224648540448335,0.025674911190791683,Normal
Train161.csv,0.0,0.0,0.0,0.07010770579908665,0.03066184247619255,0.12744748623547544,0.12113884890010321,0.017259464459426558,0.05257776559541463,0.02749372270570202,0.1351038792748533,0.07561323909437635,0.011982182109395691,1.3525257362937095,0.5101726426344589,2.6985798147165423,1.4569435278851894,0.4492090321788432,2.0503238821912904,0.06134273569725064,1.4047346320894496,1.333384399674851,0.017529940203672018,0.14288405236877402,0.9433226018151434,-0.007656393039377846,0.9283302901428596,-0.1044177915914799,-0.03716636296985234,0.337982177734375,0.3360748291015625,1.0056723764928552,0.0019073486328125,0.07010770579908665,0.05257776559541463,0.06134273569725064,2,0,0.017529940203672014,0.016795459782683975,0.04994383926495885,0.0018518658977604435,5.601287471338849e-07,1.0440454425130254e-06,0.5359850627997007,-4.839166953791405e-07,1.6041741896469103e-06,3.837956849253894e-07,7.294088101514843e-07,0.5254532524680138,-3.4561312522609484e-07,1.1132044950768736e-06,4.891887272220268e-07,4.031716519835992e-07,1.2103489317501106,8.60170752384276e-08,8.92360379205626e-07,1.7325822256002376e-07,1.7820929096359543e-07,0.9667926346252853,-4.951068403571664e-09,3.514675135236192e-07,2.765827406321423e-07,3.147138220700228e-07,0.8760552161406429,-3.81310814378805e-08,5.912965627021651e-07,87.890625,87.890625,929.0503479251819,776.6914554159823,152.35889250919956,0.4737954206247852,0.20033304127683982,0.2734623793479454,Normal
Train162.csv,0.0,0.0,0.0,0.07162575898238885,0.0289198570438716,0.12883710451680702,0.12000636010009605,0.026664191419243397,0.05530686685202022,0.02397549264360296,0.1350142355760093,0.08233753178212701,0.0189830129629313,1.420876403988227,0.46732498522439836,2.837027865571339,1.5263604964974582,0.5178531366352641,2.7932832580830613,0.06346631291720453,1.4736184502428427,1.2950374523397947,0.016318892130368627,0.1285624043518413,0.9542412303852613,-0.006177131059202284,0.9308911468539478,-0.1054840925092313,-0.035790830625464,0.3498077392578125,0.372314453125,0.9395466567979632,-0.0225067138671875,0.07162575898238885,0.05530686685202022,0.06346631291720453,4,0,0.016318892130368627,0.017036468380968946,0.04188170788459128,-0.006500279435572083,1.0024580153724812e-06,1.3808196991566714e-06,0.7254622408294542,-3.7836168378419017e-07,2.3832777145291525e-06,4.889396968286467e-07,6.719203661553508e-07,0.7265936972931056,-1.8298066932670405e-07,1.1608600629839975e-06,4.0550987787674767e-07,4.1135207967993003e-07,0.9834068939133438,-5.842201803182364e-09,8.168619575566777e-07,1.8958478985008675e-07,1.899941359729889e-07,0.9926209979394265,-4.0934612290214966e-10,3.7957892582307566e-07,3.044299110079789e-07,3.297753796860873e-07,0.920352389276642,-2.5345468678108396e-08,6.342052906940662e-07,87.890625,87.890625,808.159637559417,718.5526978264279,89.60693973298908,0.2649885879999214,0.1420573373913503,0.12293125060857113,Normal
Train163.csv,12.906709818498065,46.46415534659304,1.0,0.4608142066270161,0.3503258676014119,1.6312800795606326,0.9787524685641368,0.07240385290136685,0.4328406189521832,0.2532875133413923,1.1654192551161429,0.7473252447433497,0.10069328431670597,1.2712325343666144,0.6590994066941993,2.9115623968471778,1.3907578330908943,0.6487445314037673,2.3550794827002877,0.44682741278959964,1.3309951837287544,1.0646254575577752,0.027973587674832934,0.031302417411873965,1.399735479454202,0.46586082444448973,0.9140567754233576,-0.11952529872427986,-0.044900708614408286,4.6199798583984375,4.6901702880859375,0.9850343568760906,-0.0701904296875,0.03313610571021352,0.031124588389443382,0.03213034704982845,3,4,0.027973587674832878,0.13907645408231079,0.22582408550430078,-0.19727513482911718,0.0008290331635743959,0.0004780354547349172,1.7342467407305053,0.0003509977088394787,0.001307068618309313,0.00011453181543230896,0.00010100039452178559,1.1339627138277275,1.3531420910523371e-05,0.00021553220995409455,0.00019548256753326243,0.00010827274363946135,1.8054475717048821,8.720982389380108e-05,0.00030375531117272377,4.783177961046703e-05,4.581326210915542e-05,1.0440368873890131,2.0185175013116057e-06,9.364504171962244e-05,6.513291796277204e-06,4.383497422897785e-06,1.4855275686243794,2.1297943733794184e-06,1.089678921917499e-05,58.59375,58.59375,186.45640706702514,193.03052887136627,-6.574121804341132,-0.11217530524138475,0.03350538105807077,-0.14568068629945552,Side I
Train164.csv,18.51445270515585,66.65202973856107,1.0,0.7555630189218068,0.33061281762071343,1.6617761943664267,1.1977383352752229,0.06738192792671197,0.8274467904544764,0.29571159010056197,1.5862927156473134,1.1348888885817738,0.09396338021425721,1.2406135650614165,0.6706443248693472,3.304016162327659,1.6225780361006397,0.901567762422252,4.232663422765431,0.7915049046881416,1.431595800581028,0.913124704226732,-0.07188377153266967,-0.04540952664814232,1.0475841756003625,0.0754834787191132,0.7645936114414756,-0.38196447103922315,-0.13340509153460334,7.4062347412109375,7.7266693115234375,0.9585286342767069,-0.3204345703125,0.038718124988572286,0.04240174208092751,0.0405599335347499,4,4,-0.07188377153266962,0.38493429844158755,0.40224604644377226,-0.7198852918009746,0.0009116502983655527,0.0018262119318084781,0.4992026299270347,-0.0009145616334429254,0.0027378622301740306,0.00036620981405794333,0.0002849051684071914,1.2853699030290973,8.130464565075192e-05,0.0006511149824651348,0.0005270934986519122,0.00048001444950602687,1.0980761123299931,4.707904914588528e-05,0.001007107948157939,0.0002264661565894943,0.00021643284308308215,1.0463527947547513,1.003331350641216e-05,0.00044289899967257644,3.356877525216407e-05,3.8577203303071e-05,0.8701487466496876,-5.008428050906932e-06,7.214597855523507e-05,87.890625,68.359375,291.07684900514386,216.60257658762313,74.47427241752072,-0.029662326463067767,0.032175550414973664,-0.06183787687804143,Side II
Train165.csv,0.0,0.0,0.0,0.07157369971929294,0.02802157357115155,0.12819829798043206,0.11869632095691288,0.028896391966099284,0.05529253459778527,0.024327293045419376,0.13507812314670578,0.08192754840693395,0.01830891919848894,1.3919108518202097,0.52685953021586,2.9815846600222295,1.525951633438931,0.5531595766243995,2.7977365653220208,0.06343311715853911,1.4589312426295704,1.2944316227915686,0.016281165121507665,0.1283323090406171,0.9490607800377809,-0.006879825166273723,0.9121586223049134,-0.13404078161872124,-0.04593798931851564,0.3265380859375,0.35400390625,0.9224111874508802,-0.0274658203125,0.07157369971929294,0.05529253459778527,0.06343311715853911,3,0,0.016281165121507662,0.01764343410875512,0.04268901765545569,-0.007186222471564745,1.0989648371651793e-06,1.2382943150196102e-06,0.8867666250432122,-1.393294778544309e-07,2.3372591521847892e-06,6.300727789955968e-07,7.681732277706456e-07,0.8191558887479554,-1.3810044877504884e-07,1.3982460067662423e-06,5.855354152526594e-07,8.31690591908345e-07,0.7031848575480362,-2.4615517665568556e-07,1.4172260071610044e-06,1.9227527764716697e-07,2.026363386469451e-07,0.944209068601084,-1.0361060999778136e-08,3.949116162941121e-07,3.051259746086722e-07,3.558840330024397e-07,0.8549723338465699,-5.075805839376752e-08,6.610100076111119e-07,87.890625,87.890625,768.5816971668828,769.355376156182,-0.773678989299242,0.2661472945107093,0.17992714607653326,0.08622014843417602,Normal
Train166.csv,8.901179185171081,32.04424506661589,1.0,0.1727261788909513,0.03354655101878164,0.22444458597035033,0.21104260715405487,0.07202913922508525,0.16984023879887766,0.028925790770448465,0.23946891346791097,0.19782521824566954,0.10236823975596414,1.3483476484103927,0.5908683032144042,2.971937192853759,1.4302882629724305,0.6251343885504504,2.7320907588474053,0.1712832088449145,1.3893179556914115,1.0169860989738182,0.00288594009207363,0.008424444191264707,0.9372558862198193,-0.015024327497560636,0.942709760407663,-0.08194061456203783,-0.029489500490821257,1.3011932373046875,1.4415740966796875,0.9026191145377477,-0.140380859375,0.017445010908361494,0.017153536525553043,0.017299273716957272,1,1,0.0028859400920736578,0.01746584052750974,0.02545329372138755,-0.03675577997676735,3.368812542327024e-05,4.2196906065715004e-05,0.7983364238691739,-8.508780642444764e-06,7.588503148898524e-05,1.4295564760593737e-05,1.4797342181454245e-05,0.9660247469145155,-5.017774208605082e-07,2.9092906942047984e-05,1.4904303396434005e-05,1.3853605294088615e-05,1.0757652838217822,1.0506981023453896e-06,2.875790869052262e-05,4.8953866572313924e-05,4.102023726138429e-05,1.1933785970516566,7.933629310929634e-06,8.997410383369822e-05,7.921138501079877e-07,8.47807182484555e-07,0.9332082320384949,-5.569333237656735e-08,1.6399210325925426e-06,800.78125,58.59375,481.62300600487424,429.3304115673639,52.29259443751033,-0.17707398994626544,-0.09762501055034223,-0.07944897939592321,Normal
Train167.csv,14.212216098989822,51.16397795636336,1.0,0.28705096371943334,0.13357585448554632,0.7729655665911775,0.4374898376757325,0.08251339139048004,0.3212822805510694,0.1375862282815554,0.745391135396004,0.49122552367618716,0.15977656320002084,1.3108766785577504,0.6221752417627645,2.911612500912623,1.4719391092759244,0.5438511033760917,2.550137793567249,0.30416662213525136,1.3914078939168375,0.8934512970207467,-0.03423131683163605,-0.05627057354412997,1.0369918461515892,0.027574431195173554,0.8905774564446075,-0.16106243071817405,-0.05787748278015654,2.85797119140625,3.0040740966796875,0.9513647626735691,-0.1461029052734375,0.018869766367471938,0.02112001817883749,0.019994892273154714,1,6,-0.034231316831636036,0.03581197089465066,0.02808139884146993,-0.10030957931512058,0.00020807790602664263,0.0002449534887029858,0.8494553707849907,-3.687558267634317e-05,0.00045303139472962844,6.722244341327389e-05,8.755558162910566e-05,0.7677600262882776,-2.0333138215831775e-05,0.00015477802504237955,3.671604356514814e-05,4.19976703204579e-05,0.8742191903933552,-5.28162675530976e-06,7.871371388560604e-05,2.1195462393154916e-05,3.415874159300851e-05,0.6204807590667781,-1.2963279199853596e-05,5.535420398616343e-05,2.0052847135404884e-06,2.774845571595521e-06,0.7224049976194735,-7.695608580550325e-07,4.780130285136009e-06,58.59375,58.59375,179.50864904473943,190.73254216661329,-11.223893121873857,0.5063104441352366,0.7346364225494826,-0.22832597841424596,Normal
Train168.csv,9.96932068739161,35.889554474609795,1.0,0.4436716211822976,0.22568540843570412,0.9368428470216958,0.7624569123865582,0.08098120978306493,0.4260844176236337,0.17607189624221534,0.866643434260523,0.7002778153110621,0.16872051475917563,1.3057321692370443,0.6245923162301066,3.0394366458161253,1.4768077985541415,0.49684610980197785,2.617522323598825,0.43487801940296567,1.3912699838955929,1.041273892114745,0.01758720355866389,0.020220823487452244,1.081000246451788,0.07019941276117281,0.8841579021708237,-0.1710756293170972,-0.06148180073441976,5.059051513671875,4.880523681640625,1.0365794343183685,0.17852783203125,0.04044659043401511,0.03884328207428423,0.03964493625414967,4,3,0.017587203558663875,0.12307294674006018,0.23505060467219901,-0.18693048589833644,0.0006741545678047941,0.000509239668461984,1.323842751681411,0.00016491489934281013,0.0011833942362667782,6.867879249499967e-05,4.5864370584369994e-05,1.4973997074473444,2.281442191062968e-05,0.00011454316307936966,6.368849247899963e-05,5.0703238656513774e-05,1.2560782720838235,1.2985253822485855e-05,0.0001143917311355134,2.2703811070829472e-05,1.893664503099667e-05,1.1988719312073088,3.7671660398328022e-06,4.164045610182614e-05,6.025115894115014e-06,9.436136710113227e-06,0.6384474527806988,-3.411020815998213e-06,1.546125260422824e-05,58.59375,48.828125,135.58259886723613,156.84215301225782,-21.259554145021696,0.07326050230969061,0.7541921360314641,-0.6809316337217735,Normal
Train169.csv,16.200146117011364,58.320526021240916,1.0,0.5207786940287521,0.1982263941908834,0.9261734932282404,0.830433399044244,0.07707916239889623,0.649374982452303,0.30965128921406865,1.4076910741349344,1.2013209729952616,0.2285019634108215,1.3031408140007823,0.40706326799549264,2.192656835070586,1.5236823951829437,0.51929974867838,2.5483568069995655,0.5850768382405276,1.413411604591863,0.8019679016493401,-0.12859628842355086,-0.10989682903312556,0.6579375633676133,-0.48151758090669405,0.8552569504403627,-0.22054158118216138,-0.0780174375419846,5.469512939453125,6.284332275390625,0.8703410051264584,-0.8148193359375,0.030277573834892556,0.037754038717732474,0.03401580627631252,2,5,-0.1285962884235509,0.24668611456573622,0.3086881061408753,-0.5330104459427265,0.00041719229441257243,0.0008371188557674804,0.49836626325161776,-0.00041992656135490797,0.0012543111501800528,0.00021062738251400557,0.0003830296867039322,0.5498968877050112,-0.00017240230418992666,0.0005936570692179378,0.0002963237334987235,0.0002777415691028318,1.0669006715676062,1.8582164395891708e-05,0.0005740653026015553,7.00603123300728e-05,8.054078978069334e-05,0.8698628689632987,-1.0480477450620538e-05,0.00015060110211076615,5.630710783060603e-06,8.50063293495318e-06,0.6623093264719516,-2.8699221518925777e-06,1.4131343718013782e-05,87.890625,78.125,277.68291688012715,207.8000797829482,69.88283709717896,0.0957715310518723,-0.08091357095574647,0.17668510200761878,Normal
Train170.csv,13.144074596769297,47.31866854836947,1.0,0.30438394459645124,0.249395084419832,1.584489913399739,0.3161758621711436,0.08319868693805725,0.27018482317024434,0.09679964875317627,0.6448088077203924,0.36378558833603813,0.16480355699309218,1.2533890732674173,0.6378750415769082,2.833527094980209,1.3116052156812525,0.5695152827179549,2.4245995055646645,0.28728438388334776,1.282497144474335,1.1265725974255083,0.0341991214262069,0.059521268512153044,2.457298096940266,0.9396811056793466,0.9556138559593537,-0.058216142413835215,-0.022696393503980512,2.718353271484375,2.1327972412109375,1.2745477837326877,0.5855560302734375,0.02152024457407604,0.01910233301738654,0.020311288795731287,3,2,0.0341991214262069,0.09543107610661844,0.2755336968157205,-0.045741863308248976,0.00026999702851298403,0.00012059038028687874,2.238941356095928,0.0001494066482261053,0.00039058740879986274,3.8844046937300356e-05,2.3614407733422788e-05,1.6448603122072942,1.5229639203877568e-05,6.245845467072314e-05,7.65094637302442e-05,6.548626907026898e-05,1.16831049479477,1.1023194659975211e-05,0.00014199573280051318,5.33572867330605e-05,4.984958483225895e-05,1.0703442479682266,3.5077019008015447e-06,0.00010320687156531946,3.2811124562784715e-06,2.6624432042554047e-06,1.2319062974709623,6.186692520230668e-07,5.943555660533876e-06,68.359375,58.59375,251.6548554284346,332.63610160459604,-80.98124617616145,0.46619848472716985,-0.1339444846260074,0.6001429693531772,Side I
Train171.csv,2.670353755551324,9.613273519984768,1.0,0.0774621280757029,0.028773717511857113,0.13535418046893782,0.1230978791607754,0.03313056647116092,0.06251495253553031,0.023405587098071,0.14510119672238386,0.08321876011467766,0.024827733185006962,1.1774789495386058,0.4683395229252408,1.9780360108437327,1.3789978811858763,0.4886027952766682,2.357384751730004,0.0699885403056166,1.278238415362241,1.2390777862926758,0.01494717554017258,0.10678225815716087,0.9328196507452166,-0.00974701625344604,0.8538650506561887,-0.20151893164727053,-0.07882678630158976,0.3749847412109375,0.3978729248046875,0.9424712649742351,-0.02288818359375,0.021104812569781112,0.017032405239134758,0.019068608904457936,2,0,0.014947175540172573,0.015113971685929704,0.03678755458321812,-0.009584594263786037,1.5175758007028931e-06,1.05680945386015e-06,1.434640043313063,4.6076634684274314e-07,2.574385254563043e-06,3.474612361496066e-07,8.61446764973459e-07,0.4028784735024189,-5.139855288238524e-07,1.2089080011230655e-06,3.67859644001637e-07,5.688988777648639e-07,0.6454823098518422,-2.010392337632269e-07,9.367585217665009e-07,7.361966710524157e-06,8.18063337503451e-06,0.8998162558821703,-8.186666645103523e-07,1.5542600085558665e-05,2.572655654583047e-07,3.1183728234578506e-07,0.8223622310270042,-5.457171688748038e-08,5.691028478040897e-07,781.25,791.015625,745.1766902453384,761.4501225434755,-16.273432298137095,0.27035838730284567,0.06955776351577159,0.20080062378707408,Normal
Train172.csv,5.6374134839416845,20.294688542190066,1.0,0.24137921620626945,0.09178930518105885,0.4237870403012645,0.37781682852185977,0.07833157884039779,0.2878267432267664,0.13400635494467614,0.5779045818892469,0.45994211501895566,0.08149388829232766,1.4424725362304436,0.46679715599845756,2.8523208602617918,1.5938131656162053,0.45990089776427223,2.773395121613294,0.2646029797165179,1.5181428509233243,0.8386238710008499,-0.046447527020496926,-0.08776817120896961,0.733315360816988,-0.15411754158798235,0.9050443692554022,-0.15134062938576176,-0.04984398518549563,2.4379730224609375,2.6424407958984375,0.9226212763683674,-0.2044677734375,0.036366457625437006,0.04336429302214242,0.03986537532378971,2,5,-0.04644752702049693,0.0774864929852015,0.05848443515976967,-0.16362244388122177,0.00015305260904998244,0.0002461358304106833,0.6218192084240773,-9.308322136070084e-05,0.00039918843946066575,4.2665981301413234e-05,7.462199790670336e-05,0.5717537823226553,-3.1956016605290124e-05,0.0001172879792081166,1.3473049767072063e-05,2.4216570882269226e-05,0.55633365677217,-1.0743521115197162e-05,3.7689620649341285e-05,4.287927416112381e-06,4.208786264759101e-06,1.0185617859052405,7.914115135328018e-08,8.496713680871482e-06,2.623653844336466e-06,1.4290672053051762e-06,1.834636746163673,1.1945866390312897e-06,4.052721049641642e-06,58.59375,58.59375,150.3117364166305,133.1040464377932,17.207689978837323,1.2294636796340832,-0.049449626717456674,1.2789133063515399,Normal
Train173.csv,17.416640605651416,62.6999061803451,1.0,0.4120551168981875,0.16221242713786163,0.9223065012978251,0.5541349393266741,0.07844601482361516,0.44366492225760784,0.15679595626241347,0.961654101258821,0.637848928787634,0.2077773702657696,1.205308324055276,0.6192144425787194,2.9124790650339802,1.3003090814695506,0.5358175393356474,2.4575540959689963,0.42786001957789765,1.2528087027624133,0.9287508826493418,-0.03160980535942032,-0.03693938084145356,0.9590824195603102,-0.039347599960995905,0.9269391518468365,-0.0950007574142746,-0.0379150940162318,4.70428466796875,5.107879638671875,0.92098562999936,-0.403594970703125,0.02237406515777597,0.02409043710835421,0.02323225113306509,4,3,-0.03160980535942036,0.09667707258641356,0.06230494813398352,-0.19736814882847076,0.0003091172439107285,0.00030968737305935837,0.9981557940229148,-5.701291486298631e-07,0.0006188046169700869,5.930635056789229e-05,0.00010639466688184563,0.5574132133948002,-4.7088316313953336e-05,0.00016570101744973792,0.0001545232550002408,0.00017151763046587402,0.9009123649164476,-1.6994375465633214e-05,0.0003260408854661148,0.0001377009016205595,0.00014034569824003423,0.9811481377712953,-2.6447966194747283e-06,0.0002780465998605937,1.0287062901900162e-05,8.975038601888021e-06,1.1460582288200476,1.3120243000121405e-06,1.9262101503788183e-05,58.59375,58.59375,314.7942152712267,306.38032822405233,8.413887047174342,0.6404045520108119,0.609332122139087,0.03107242987172487,Normal
Train174.csv,12.372639067387802,44.541500642596084,1.0,0.3675115248651117,0.2746864757201792,1.1358407749411303,0.7792701477993597,0.07264496500298372,0.3427927067923715,0.2856974723342785,1.3490582788722574,0.6974711658362667,0.1007526090866259,1.34058702525306,0.5772707675239209,2.987547641039107,1.4043612904544451,0.5715741103082564,2.1859220160644184,0.3551521158287416,1.3724741578537527,1.0721069774122536,0.02471881807274018,0.034800275953281806,0.8419502335661881,-0.21321750393112704,0.9545877401900704,-0.06377426520138507,-0.023233312482838095,3.626251220703125,3.2909393310546875,1.1018890821216976,0.3353118896484375,0.027482348324301333,0.025633886106172482,0.02655811721523691,3,1,0.024718818072740255,0.06056630222449536,0.16557137912997832,-0.053507630321972144,0.00042808703233633875,0.00035265285268955477,1.2139014761117288,7.543417964678398e-05,0.0007807398850258935,9.017840658693224e-05,6.994581254549794e-05,1.2892425445158686,2.0232594041434308e-05,0.00016012421913243018,6.365952543908075e-05,5.634630299568619e-05,1.1297705844759662,7.313222443394558e-06,0.00012000582843476694,3.935873654689519e-05,3.439764397062033e-05,1.1441944217484632,4.961092576274861e-06,7.375638051751552e-05,3.3552519067129545e-06,2.7370398722258533e-06,1.2254211272626014,6.182120344871012e-07,6.092291778938808e-06,48.828125,48.828125,170.33851906867386,179.98881786245192,-9.650298793778063,0.11421612327600794,0.22337850713681107,-0.10916238386080312,Normal
Train175.csv,15.07266342022303,54.26158831280291,1.0,0.4202597787488103,0.20413319699964141,1.2923697210521936,0.5925336147327717,0.0726432214356194,0.3685515692698419,0.10185648578465913,0.573872130740568,0.4917866121285927,0.1009886005833173,1.2605604395393653,0.5921154885263387,2.94314150899379,1.3991462785796607,0.5248374763859935,2.5700419727100408,0.39440567400932613,1.329853359059513,1.1402980572931787,0.051708209478968425,0.0655519777407766,2.2520129482006324,0.7184975903116256,0.9009490700786116,-0.13858583904029542,-0.05210566488046469,5.31005859375,4.4887542724609375,1.1829690574417944,0.8213043212890625,0.026147488301162886,0.022930335790278606,0.024538912045720746,4,4,0.051708209478968384,0.11768123884852591,0.29095927773724634,-0.06929495116487455,0.000388705812172773,0.00019119447765817937,2.033028275217388,0.0001975113345145936,0.0005799002898309524,7.717761122962289e-05,7.333473380834716e-05,1.052387522722769,3.842877421275726e-06,0.00015051234503797004,0.0001250291417592665,8.465238299785183e-05,1.4769538715592645,4.0376758761414655e-05,0.00020968152475711832,0.0001083641159748069,0.00010729279105993381,1.0099756463472822,1.0713249148730866e-06,0.00021565690703474072,5.0189736844246705e-06,4.748136340500992e-06,1.0568181927359057,2.708373439236789e-07,9.767110024925663e-06,78.125,68.359375,260.27218130075596,318.9498866008806,-58.677705300124614,1.0842644177368648,0.18876738795579806,0.8954970297810667,Normal
Train176.csv,8.693485004183755,31.296546015061516,1.0,0.27473869957940866,0.16289071802830818,0.8136560578624212,0.4557723949377315,0.06517114373004664,0.32934228358257,0.3237660181490015,1.5887694372718386,0.5284489743169911,0.10077959695096128,1.2969162548790907,0.6311108499079516,2.9199898574723173,1.4421231859407617,0.622188786422067,2.5022268063709636,0.30204049158098933,1.3695197204099263,0.8342016165953743,-0.05460358400316134,-0.0903910156653686,0.5121294044592074,-0.7751133794094174,0.8993096901936046,-0.14520693106167104,-0.05301379596213904,2.7317047119140625,3.5175323486328125,0.7765966776052928,-0.78582763671875,0.028342613565794976,0.033975632441833284,0.03115912300381413,3,4,-0.054603584003161384,0.14218440200888932,0.03454873971713174,-0.4202788575522147,0.00015207795968071576,0.0005115279787812446,0.2973007708049164,-0.00035945001910052887,0.0006636059384619604,3.8009677553512565e-05,9.075627792151928e-05,0.41880583490373907,-5.274660036800671e-05,0.00012876595547503184,6.734896887011183e-05,7.247317802216146e-05,0.9292822727774516,-5.1242091520496295e-06,0.0001398221468922733,4.19423089131687e-05,4.956238884103724e-05,0.8462356972338727,-7.6200799278685415e-06,9.150469775420593e-05,2.0257518717308363e-06,2.8192501713338445e-06,0.7182880059086219,-7.934982996030082e-07,4.84500204306468e-06,58.59375,58.59375,301.5057393803735,176.92011755500633,124.58562182536716,0.750101149477798,2.040951544633854,-1.2908503951560562,Normal
Train177.csv,15.666075365901099,56.397871317243954,1.0,0.5784968810173599,0.38628232600918694,1.4714153535886763,1.2838321750569988,0.06628766410759845,0.5182161803074211,0.30643361525930923,1.2941376568328138,1.0566097182693532,0.10369203039553779,1.2871854063441335,0.6400212916621328,2.926001946614368,1.4597731913239862,0.6761552024721215,2.5024733110580484,0.5483565306623905,1.3734792988340598,1.1163213089040758,0.06028070070993874,0.05496482887902648,1.1369843144858351,0.17727769675586247,0.8817702176092604,-0.17258778497985272,-0.06282865795563998,6.871795654296875,6.7951202392578125,1.0112837449604413,0.0766754150390625,0.034711044341067136,0.031094073975430042,0.03290255915824859,4,2,0.060280700709938836,0.18291486666357964,0.501516003431395,-0.13012220900741733,0.0009018777761841729,0.0008319112541925654,1.084102045184458,6.996652199160746e-05,0.0017337890303767384,0.00023468257927139021,0.00016247971349514362,1.4443719148143983,7.220286577624659e-05,0.00039716229276653384,0.00021241595268803326,0.0001469935342573104,1.4450602109885546,6.542241843072286e-05,0.0003594094869453436,0.00012443069144129455,0.00011125124043546233,1.1184556010220492,1.3179451005832212e-05,0.00023568193187675687,9.150530038574292e-06,7.4573462277991746e-06,1.2268845879623975,1.6931838107751178e-06,1.6607876266373466e-05,58.59375,58.59375,198.66709982706857,187.5333273868144,11.133772440254177,1.444938321242904,0.8117233208617622,0.6332150003811416,Normal
Train178.csv,0.0,0.0,0.0,0.07087655191786518,0.02901005850485932,0.12878591527266522,0.11760024223006724,0.031824318105220156,0.05299865646388903,0.02590921051337877,0.12667381665896893,0.07738285329545908,0.012440995190116247,1.2560944439816084,0.6589530628181398,2.9588115503180665,1.3628245282781888,0.5148148978525902,2.4853813244549667,0.061937604190877106,1.3094594861298985,1.3373021005552452,0.017877895453976153,0.14432065436553512,1.016665495710799,0.002112098613696295,0.9216839704848898,-0.10673008429658037,-0.04075347296866265,0.3025054931640625,0.328826904296875,0.9199507986127361,-0.0263214111328125,0.07087655191786518,0.05299865646388903,0.061937604190877106,4,0,0.017877895453976146,0.013780651445026475,0.039429140780135354,0.0016929943158440902,8.674493858763184e-07,9.338079415382765e-07,0.9279439629587272,-6.635855566195807e-08,1.801257327414595e-06,5.245376153642382e-07,5.277657079877572e-07,0.9920038448794096,-3.2280926235189225e-09,1.0523033233519955e-06,3.242147126212997e-07,4.489518919703808e-07,0.720554171250472,-1.247371793490811e-07,7.731666045916805e-07,1.657705378528691e-07,1.7862479392554342e-07,0.9228711372750854,-1.2854256072674308e-08,3.443953317784125e-07,2.2972750907718302e-07,2.59804680311993e-07,0.8808412057727135,-3.007717123481e-08,4.89532189389176e-07,87.890625,87.890625,785.2033261167405,810.7587388157826,-25.555412699042108,0.36603906543450426,0.5325596223522773,-0.166520556917773,Normal
Train179.csv,13.381439375040523,48.173181750145886,1.0,0.8034242850066127,0.35778792701049167,1.8533043776180975,1.2339351051394716,0.08017046187082319,0.9439617654061023,0.4076326509719619,1.8026209554815342,1.569731436017978,0.37776904178823517,1.4435172184793577,0.5355680502156708,2.6664599205626542,1.6613218838406971,0.6324095873305207,3.144922326926219,0.8736930252063575,1.5524195511600274,0.8511186187105287,-0.14053748039948966,-0.08042721866703553,1.0281159463205498,0.050683422136563294,0.8688962467923095,-0.21780466536133947,-0.07015004257339613,7.6381683349609375,8.369827270507812,0.9125836382898113,-0.731658935546875,0.05586535979152287,0.06563750267197734,0.0607514312317501,3,5,-0.14053748039948974,0.46084812223948596,0.5225971050281668,-0.9202576502757325,0.0013434901930262657,0.002094468381640323,0.6414465662773672,-0.0007509781886140573,0.0034379585746665887,0.0008882180800938905,0.0008875352667546458,1.0007682089901946,6.828133392447e-07,0.0017757533468485361,0.00040562775782823635,0.00047147155415013783,0.8603422495279893,-6.584379632190149e-05,0.0008770993119783742,8.007114274668562e-05,8.759720312023676e-05,0.9140728907050806,-7.526060373551138e-06,0.0001676683458669224,1.3198145653031761e-05,1.454869300272629e-05,0.9071081878194076,-1.3505473496945286e-06,2.774683865575805e-05,87.890625,97.65625,181.31612908908144,170.93862379558183,10.37750529349961,-0.016216968315748925,0.1841436296150265,-0.20036059793077543,Side II
Train180.csv,18.54412330243975,66.7588438887831,1.0,0.5538698138252272,0.2920220822441632,1.2700040611724048,0.8621990759497851,0.0871686314774094,0.5696445798985736,0.26467369334134017,1.0653921972124574,0.9652776670276356,0.18504973619344853,1.4004784680429423,0.7312139745166926,3.7995556132326165,1.4693721333574004,0.67057707553643,2.8728056235196364,0.5617571968619004,1.4349253007001712,0.9723059975710592,-0.01577476607334649,-0.014040542890171098,1.192051971511833,0.20461186395994746,0.9531128862026766,-0.06889366531445806,-0.024006002707889648,7.0034027099609375,7.236480712890625,0.9677911156032503,-0.2330780029296875,0.028339455561871427,0.029146591590908724,0.028743023576390074,3,2,-0.015774766073346626,0.12800806513106464,0.18398971244409545,-0.25246649201932125,0.0007633102310438301,0.0007670299094031546,0.995149245859962,-3.719678359324452e-06,0.0015303401404469846,9.629934911218859e-05,8.821952665861927e-05,1.091575314267068,8.079822453569321e-06,0.00018451887577080787,0.0001499234023373639,0.00017883794727122692,0.8383151691783909,-2.891454493386301e-05,0.00032876134960859083,0.00025049931175034874,0.00020599375478468494,1.2160470397034235,4.45055569656638e-05,0.00045649306653503365,1.1229566908612783e-05,1.3175125509316932e-05,0.8522662371933446,-1.945558600704149e-06,2.4404692417929714e-05,58.59375,58.59375,257.6885418012788,250.727465515742,6.961076285536791,1.31074749298417,0.6164758993777837,0.6942715936063864,Side I
Train181.csv,0.0,0.0,0.0,0.07052683002127663,0.028803977363306553,0.12295898447195044,0.11853519182497482,0.03245027516194019,0.05522506181196914,0.024275782625770615,0.12734800694377185,0.08106329723409651,0.017455627863007302,1.1714853189719934,0.49249724201993444,2.296753902876073,1.4120359479032818,0.48223034298373696,2.305195542282929,0.06287594591662288,1.2917606334376375,1.27705702176271,0.015301768209307495,0.12168124316058163,0.9655276269742745,-0.004389022471821408,0.829642114331016,-0.24055062893128842,-0.0931095628690788,0.295257568359375,0.3650665283203125,0.8087752140483835,-0.0698089599609375,0.07052683002127663,0.05522506181196914,0.06287594591662288,3,0,0.015301768209307492,0.01632910330113293,0.04126289132723802,-0.004404780490131564,7.0916357533906e-07,1.5801434280671408e-06,0.44851312205495025,-8.709798527280808e-07,2.289307003406201e-06,6.392198613848362e-07,1.1473948972145018e-06,0.5566202557459119,-5.081750358296656e-07,1.786614758599338e-06,4.1086586810871723e-07,4.777421587177519e-07,0.8582195251180041,-6.68762906090347e-08,8.886080268264692e-07,1.3790591048983617e-07,1.8573561258852946e-07,0.7385088927504729,-4.782970209869329e-08,3.236415230783656e-07,2.7651045809761816e-07,3.3306122395693503e-07,0.8277238969023955,-5.6550765859316866e-08,6.095716820545532e-07,87.890625,87.890625,842.2616628721436,644.4146261466576,197.84703672548596,0.2780774724059274,0.7727688650439442,-0.49469139263801676,Normal
Train182.csv,5.5780722893738774,20.08106024174596,1.0,0.2581687680231532,0.13791160670114957,0.6106105407595949,0.5007970500710257,0.07349575653931452,0.30383960833198503,0.16244491433790256,0.7200429109859479,0.5068894943857499,0.10108896046632204,1.2822615934668544,0.4573500626681406,2.308912042276356,1.381227702578664,0.5462240753451911,2.331227689666967,0.2810041881775691,1.331744648022759,0.849684870763129,-0.04567084030883184,-0.08126348461484043,0.8480184769891226,-0.10943237022635299,0.9283484994722132,-0.09896610911180947,-0.037156549531546776,2.7095794677734375,2.8293609619140625,0.9576644855790766,-0.119781494140625,0.03924687304519217,0.04618976426008622,0.04271831865263919,3,5,-0.04567084030883177,0.10483030897127764,0.15224901718671222,-0.17548068238827075,0.0001886950059253934,0.00028185971507340747,0.6694618860817475,-9.316470914801406e-05,0.0004705547209988009,4.929506027237986e-05,8.251817299118276e-05,0.5973770517264766,-3.32231127188029e-05,0.00013181323326356262,1.7196634823506584e-05,2.6583462063633252e-05,0.6468678878039464,-9.386827240126668e-06,4.3780096887139836e-05,3.7421786756831924e-06,3.546290986687052e-06,1.0549398653021564,1.958876889961403e-07,7.288469662370244e-06,1.0248583646292238e-06,1.0931627170794919e-06,0.9366599214463701,-6.830435245026806e-08,2.1180210817087154e-06,58.59375,58.59375,125.97899255020864,125.55637468124972,0.4226178689589233,2.3029760494616998,0.46459571553150436,1.8383803339301954,Normal
Train183.csv,17.23861702194799,62.05902127901277,1.0,0.3976240774611459,0.1827589591378254,0.9385580053329171,0.5845756564550564,0.07595716684868328,0.4322458771159797,0.20982421824537686,0.956333863875549,0.7815175489259005,0.1811422669109164,1.4190231013678352,0.434971083170059,2.2663365200483856,1.5646563753296316,0.4126704317871752,2.135027908588355,0.4149349772885628,1.4918397383487334,0.9199004053289115,-0.03462179965483381,-0.041719498030240026,0.9814114707994738,-0.01777585854263186,0.9069225785414425,-0.14563327396179648,-0.04880994298792776,4.3254852294921875,4.637908935546875,0.9326367457763389,-0.3124237060546875,0.021801218644081015,0.023699487554117923,0.02275035309909947,3,4,-0.034621799654833765,0.11028112252613244,0.11542042527903534,-0.25460299112424944,0.0004090255472090584,0.0004984692484744061,0.8205616051527692,-8.944370126534769e-05,0.0009074947956834644,5.237902213403207e-05,6.687930977788833e-05,0.7831755311538552,-1.4500287643856257e-05,0.0001192583319119204,5.77488327162606e-05,6.958548421950681e-05,0.8298857653749976,-1.1836651503246208e-05,0.0001273343169357674,0.00011105845803271353,0.000113951008604885,0.974607287685428,-2.8925505721714707e-06,0.00022500946663759854,6.4370239759038695e-06,6.962868283406077e-06,0.9243460263661788,-5.258443075022075e-07,1.3399892259309947e-05,48.828125,48.828125,222.4410071970591,212.0106773582623,10.43032983879678,-0.031682557479879137,0.3450048453786194,-0.37668740285849855,Normal
Train184.csv,0.0,0.0,0.0,0.07076856731988548,0.02925108358997819,0.1274438032019858,0.12197971094544904,0.01707763235597916,0.052695101753644606,0.027324335666867573,0.13565488793621458,0.07212643574633165,0.011568376233592415,1.3361376762118882,0.5447805792761814,2.8597201597624604,1.431313066251447,0.5800930910264185,2.274294924205622,0.06173183453676505,1.3837253712316677,1.3429564040757709,0.018073465566240877,0.1463857288231755,0.9394638532896553,-0.008211084734228769,0.9335041887146251,-0.09517539003955888,-0.034390984521682155,0.307464599609375,0.3170013427734375,0.9699127044910228,-0.0095367431640625,0.07076856731988548,0.052695101753644606,0.06173183453676505,3,0,0.018073465566240874,0.016256667533705454,0.04589142090052689,0.0006718835810867532,3.664476948872046e-07,6.85880288775038e-07,0.5334957209803132,-3.1943259388783344e-07,1.0523279836622426e-06,4.4046582633049105e-07,7.331417688044847e-07,0.5999737994035796,-2.9267594247399365e-07,1.1736075951349758e-06,4.201461108263088e-07,4.533323538104501e-07,0.9247549889471354,-3.318624298414129e-08,8.734784646367589e-07,1.7967463230313765e-07,2.1824439466981185e-07,0.8195175642858858,-3.85697623666742e-08,3.979190269729495e-07,2.840854431597143e-07,3.4524924490381275e-07,0.820465163003121,-6.116380174409846e-08,6.29334688063527e-07,273.4375,273.4375,1080.937332294565,917.882625502071,163.05470679249402,0.7610553184887996,0.3249352440679312,0.4361200744208684,Normal
Train185.csv,18.395770316020233,66.22477313767284,1.0,0.4961481826742129,0.22468901195597904,1.1439795287220502,0.7517800553673916,0.07440253140875533,0.548602354220622,0.25373389479264774,1.111726652534154,0.9496871070296553,0.21682965829780887,1.509851862325497,0.5816375762903991,3.452295510101128,1.6734649172874732,0.3588626272255208,2.378333115087039,0.5223752684474174,1.591658389806485,0.9043841581666412,-0.05245417154640908,-0.0502073169495506,1.0290105909611755,0.032252876187896184,0.902230422937338,-0.1636130549619761,-0.05139702231734724,5.8284759521484375,7.135772705078125,0.8167966352409188,-1.3072967529296875,0.025580225718821372,0.028284638623890874,0.026932432171356123,0,5,-0.05245417154640901,0.053247705311687814,0.01834223650030553,-0.1508122332402645,0.0005752299565924186,0.0007186397767286778,0.8004415769599394,-0.0001434098201362592,0.0012938697333210963,5.960812340327158e-05,9.632286516926848e-05,0.6188302690981422,-3.67147417659969e-05,0.00015593098857254005,0.0001262773607243477,0.00017941333671476166,0.7038309370176323,-5.3135975990413974e-05,0.00030569069743910935,0.00023245525796804993,0.0002125578421057367,1.0936042728931306,1.989741586231323e-05,0.0004450131000737866,8.529173974090374e-06,1.113735517916495e-05,0.7657480693419413,-2.608181205074577e-06,1.9666529153255323e-05,58.59375,48.828125,282.83469163107213,254.37676387774417,28.457927753327965,0.9306794000884286,0.9832865953138237,-0.05260719522539503,Side I
Train186.csv,4.628613176288963,16.663007434640267,1.0,0.24957183323389245,0.12753273419755867,0.6375319898283272,0.39669963668567354,0.0719273873851481,0.24662386977584128,0.08020211906418656,0.4459889444137761,0.33194024407182593,0.09397717607662401,1.2402140154679961,0.6211003168130531,2.5646425541848106,1.3439063465862193,0.5097585750291006,2.338037245637515,0.24809785150486685,1.2920601810271077,1.011949173904196,0.002947963458051178,0.005941118593029727,1.4294761525763102,0.19154304541455103,0.922841904703011,-0.10369233111822318,-0.040126726492363436,3.08990478515625,3.1208038330078125,0.9900986926434033,-0.0308990478515625,0.04433984454380986,0.04381609857553659,0.04407797155967322,3,1,0.0029479634580512025,0.06012451965555645,0.08389008518018837,-0.13701356997258124,0.00013771516222723203,0.00011597716811247444,1.1874231544481482,2.1737994114757594e-05,0.00025369233033970646,3.4221812296263276e-05,3.252651924574345e-05,1.0520879885649914,1.695293050519828e-06,6.674833154200673e-05,1.7984621598312495e-05,1.8231302728563455e-05,0.9864152579112823,-2.4668113025096025e-07,3.621592432687595e-05,5.532623188719001e-06,7.118930562331121e-06,0.7770613969172724,-1.5863073736121193e-06,1.2651553751050122e-05,9.626092332666797e-07,1.0431818239032082e-06,0.921878940267696,-8.057259063652854e-08,2.005791057169888e-06,48.828125,39.0625,139.86772367459136,160.24173019493065,-20.374006520339293,1.4465556153380312,0.6634125713726831,0.7831430439653482,Normal
Train187.csv,0.0,0.0,0.0,0.07157369971929294,0.02802157357115155,0.12819829798043206,0.11869632095691288,0.028896391966099284,0.05529253459778527,0.024327293045419376,0.13507812314670578,0.08192754840693395,0.01830891919848894,1.3919108518202097,0.52685953021586,2.9815846600222295,1.525951633438931,0.5531595766243995,2.7977365653220208,0.06343311715853911,1.4589312426295704,1.2944316227915686,0.016281165121507665,0.1283323090406171,0.9490607800377809,-0.006879825166273723,0.9121586223049134,-0.13404078161872124,-0.04593798931851564,0.3265380859375,0.35400390625,0.9224111874508802,-0.0274658203125,0.07157369971929294,0.05529253459778527,0.06343311715853911,3,0,0.016281165121507662,0.01764343410875512,0.04268901765545569,-0.007186222471564745,1.0989648371651793e-06,1.2382943150196102e-06,0.8867666250432122,-1.393294778544309e-07,2.3372591521847892e-06,6.300727789955968e-07,7.681732277706456e-07,0.8191558887479554,-1.3810044877504884e-07,1.3982460067662423e-06,5.855354152526594e-07,8.31690591908345e-07,0.7031848575480362,-2.4615517665568556e-07,1.4172260071610044e-06,1.9227527764716697e-07,2.026363386469451e-07,0.944209068601084,-1.0361060999778136e-08,3.949116162941121e-07,3.051259746086722e-07,3.558840330024397e-07,0.8549723338465699,-5.075805839376752e-08,6.610100076111119e-07,87.890625,87.890625,768.5816971668828,769.355376156182,-0.773678989299242,0.2661472945107093,0.17992714607653326,0.08622014843417602,Normal
Train188.csv,12.19461548368438,43.90061574126377,1.0,0.3065306582316866,0.1876678330632663,0.9332481127530056,0.4919164354271356,0.06687748824151941,0.42637692650700604,0.6473815851088519,2.9512902595208894,0.6091902670177666,0.09290657528930339,1.1551484419068823,0.6505831833213935,2.8746792417387512,1.391388999019965,0.5353539264756627,2.5049547716776592,0.36645379236934633,1.2732687204634237,0.7189177468516299,-0.11984626827531941,-0.16352144151517717,0.3162168795581729,-2.018042146767884,0.8302118332893861,-0.23624055711308278,-0.09276928764016608,3.3061981201171875,4.19158935546875,0.7887693786210775,-0.8853912353515625,0.02323149610617474,0.03231446395950201,0.027772980032838374,5,2,-0.11984626827531938,0.3536174982884751,0.05961192156916839,-1.046352773052504,0.00036027176556181745,0.0017562158019916113,0.20514082609462378,-0.001395944036429794,0.002116487567553429,3.64355934494343e-05,6.931735462753127e-05,0.5256269229876256,-3.2881761178096965e-05,0.00010575294807696557,9.53004687620201e-05,0.00011331204603116876,0.8410370394226806,-1.8011577269148662e-05,0.00020861251479318887,6.184682030790182e-05,6.2546259785305e-05,0.9888014362290618,-6.994394774031737e-07,0.00012439308009320682,3.022137964326787e-06,4.804604905805118e-06,0.6288777424619484,-1.7824669414783315e-06,7.826742870131906e-06,58.59375,58.59375,229.59732844233625,113.54363875655064,116.05368968578561,0.7068193520198549,0.2486171701187163,0.4582021819011386,Side II
Train189.csv,4.628613176288963,16.663007434640267,1.0,0.1351419869764091,0.04683926456760389,0.20290865747858633,0.19340179697740195,0.0570705800764951,0.12243333527228412,0.054267601783596596,0.24345316419043525,0.19828212902529288,0.05547622307954396,1.3216308297036525,0.6024815559555503,3.0023051510309218,1.4072849511752064,0.5933230733303142,2.52535641050358,0.12878766112434661,1.3644578904394296,1.1037915685650124,0.012708651704124996,0.0493393631572029,0.8334573292402864,-0.04054450671184892,0.9391345295531273,-0.08565412147155382,-0.03138759014995267,0.97198486328125,1.007843017578125,0.9644199363478434,-0.035858154296875,0.024009819602758782,0.021751954067130694,0.022880886834944738,1,0,0.012708651704124968,0.016062834745560074,0.04442396617999371,-0.008575732762736543,2.6526631571187865e-05,2.883410878061423e-05,0.9199421362690212,-2.3074772094263635e-06,5.536074035180209e-05,5.145838522804414e-06,3.621261021045519e-06,1.4206150503530344,1.5245775017588951e-06,8.767099543849933e-06,5.1535991301488755e-06,5.689432097136579e-06,0.905660421243259,-5.358329669877035e-07,1.0843031227285454e-05,1.1747725129949748e-05,1.2489807162156949e-05,0.9405096866391072,-7.420820322072013e-07,2.42375322921067e-05,6.695381270554484e-07,7.404979834909049e-07,0.9029534023859701,-7.095985643545646e-08,1.4100361105463532e-06,68.359375,68.359375,347.0758811634983,348.6009958438627,-1.5251146803643678,0.10674184619709015,0.11438968885617884,-0.007647842659088688,Normal
Train190.csv,12.402309664671707,44.64831479281815,1.0,0.40034512616028894,0.17610987079138624,0.7682129755846293,0.6470187608067929,0.07223014991809128,0.4848948251282459,0.26848686803012334,1.2796655837011628,0.9126388711063776,0.15294187455805525,1.2673676270637064,0.4620723146301921,2.322144732204015,1.4143522033560236,0.6226590072784308,2.816928264900621,0.4426199756442674,1.340859915209865,0.8256312086300293,-0.08454969896795694,-0.09551037923052305,0.6003227601386113,-0.5114526081165335,0.8960757638590241,-0.1469845762923172,-0.054809797733238276,4.744720458984375,6.4212799072265625,0.7389056058339742,-1.6765594482421875,0.029871353235151166,0.03617994489460437,0.03302564906487777,2,6,-0.08454969896795692,0.13822165897209898,0.14914494469317974,-0.2401385254776413,0.0003208816049984401,0.0006619569354919447,0.484746216932911,-0.00034107533049350456,0.0009828385404903849,6.433914849797993e-05,0.00015839348307339932,0.40619564046410284,-9.405433457541939e-05,0.00022273263157137924,8.176171615677098e-05,9.955606345780355e-05,0.8212547991778103,-1.7794347301032577e-05,0.00018131777961457452,5.7900057819799104e-05,6.110788031229423e-05,0.947490078756204,-3.2078224924951304e-06,0.00011900793813209334,3.658962067940669e-06,4.0615689012842295e-06,0.9006523106067259,-4.0260683334356067e-07,7.720530969224897e-06,58.59375,58.59375,217.9353636667968,161.23828644022618,56.69707722657063,0.25164383020816494,1.6065393946289976,-1.3548955644208327,Normal
Train191.csv,0.0,0.0,0.0,0.07156878184429968,0.028244206780461537,0.12959153634915732,0.11890761479453098,0.03237280752056123,0.05479412106104854,0.02458611254848381,0.1356245120870366,0.08212968148574427,0.017830624645029505,1.3627240621503436,0.5864194336642778,3.0443270471156354,1.4961260351851688,0.5571257926724632,2.7989520746271603,0.06318145145267412,1.4294250486677562,1.3061159544581207,0.01677466078325114,0.13274883410190372,0.9555100242939025,-0.006032975737879281,0.9108344613140993,-0.13340197303482526,-0.04666279162253595,0.3276824951171875,0.3635406494140625,0.9013616339292323,-0.035858154296875,0.07156878184429968,0.05479412106104854,0.06318145145267412,4,0,0.016774660783251145,0.01844982945086325,0.04496838554741254,-0.008378627445793076,6.119837896195654e-07,7.132827504056695e-07,0.8567808606213654,-1.012989607861041e-07,1.3252665400252348e-06,5.610755515329304e-07,7.135145273005724e-07,0.7852542252047238,-1.5243897576764197e-07,1.2745900788335027e-06,3.439852356217673e-07,6.377647611278348e-07,0.5385162998259483,-2.9377952550606746e-07,9.81749996749602e-07,1.7484487877075647e-07,2.2066253764872965e-07,0.7887885820735054,-4.581765887797318e-08,3.9550741641948615e-07,2.5992325961352214e-07,3.126879729837021e-07,0.8286044796082336,-5.2764713370179974e-08,5.726112325972242e-07,87.890625,273.4375,927.9782571979279,875.7657524246631,52.212504773264754,0.33420505797521693,0.29335043239959147,0.04085462557562547,Normal
Train192.csv,0.0,0.0,0.0,0.07003637345333635,0.030030922637460277,0.1283598793841788,0.1177240713537748,0.017296118412166515,0.053475551919817906,0.025663698699982366,0.12733197538082824,0.08188355138249287,0.013572330480737077,1.2567218076726947,0.6158439313880603,2.9674533948837984,1.3910702794779257,0.5470883653219787,2.5418305611272527,0.061755962686577126,1.3238960435753102,1.3096650950560171,0.016560821533518448,0.13408168807827436,1.0080647137968723,0.001027904003350566,0.903420138286765,-0.13434847180523102,-0.05073979249255006,0.301361083984375,0.3143310546875,0.9587348139978268,-0.012969970703125,0.07003637345333635,0.053475551919817906,0.061755962686577126,3,0,0.01656082153351844,0.014688765604624392,0.04172698982617862,-0.0006470004633532325,5.634494030496256e-07,8.868828946214867e-07,0.6345987815091647,-3.2343349157186115e-07,1.4503322976711123e-06,3.2605320735789855e-07,7.501986295772835e-07,0.4340439326165652,-4.2414542221938493e-07,1.076251836935182e-06,3.7721739735362987e-07,4.86465826847295e-07,0.7738335214045643,-1.0924842949366517e-07,8.636832242009249e-07,1.625576387320148e-07,1.9562356108520416e-07,0.8267454715743483,-3.306592235318936e-08,3.58181199817219e-07,2.4759392033340857e-07,3.262279845941437e-07,0.7566404219385326,-7.863406426073515e-08,5.738219049275523e-07,87.890625,87.890625,950.3840289134098,825.139018754923,125.24501015848682,-0.012931010657255548,0.08065753233398798,-0.09358854299124353,Normal
Train193.csv,5.340707511102648,19.226547039969535,1.0,0.2647353064900839,0.11348795858711254,0.546042448916767,0.41033640151809486,0.07840715953775244,0.24720858459171086,0.12582023531685102,0.6271471691801872,0.42059802575178684,0.08892862061965903,1.2643054275511665,0.5494350815039044,2.9694605504034715,1.4416938461043807,0.571827724410732,2.752100275246459,0.2559719455408974,1.3529996368277737,1.0708941844925568,0.017526721898373065,0.03423556363915891,0.8706753455575862,-0.0811047202634202,0.8769577216478647,-0.1773884185532142,-0.06555373267334501,3.41949462890625,3.070831298828125,1.113540010052382,0.348663330078125,0.041751698217672,0.03898753950704175,0.04036961886235688,2,2,0.017526721898373055,0.06604935834546989,0.15163987165181003,-0.08189831178180826,0.00018920206877277642,0.000131920168328541,1.4342055272098648,5.728190044423543e-05,0.0003211222371013174,3.5798109890421536e-05,4.326281366108279e-05,0.8274376866277764,-7.464703770661256e-06,7.906092355150433e-05,2.9135566838983356e-05,3.0416387393804164e-05,0.9578589529000144,-1.2808205548208083e-06,5.955195423278752e-05,4.946078583342646e-06,4.557484889888066e-06,1.085026868096978,3.8859369345457957e-07,9.503563473230711e-06,9.558902830920615e-07,1.06244218204363e-06,0.8988643663307725,-1.0655189895156842e-07,2.0183324651356914e-06,48.828125,48.828125,129.296006000328,157.7743044550008,-28.478298454672796,1.1785990516172662,1.1990657510211271,-0.020466699403860922,Normal
Train194.csv,12.669345040226839,45.60964214481662,1.0,0.785571244917999,0.5372679007515135,2.2537241520036786,1.3952174063348226,0.06592068136779708,0.6579862841752283,0.4032286064950419,1.4003543130803513,1.3121246682391245,0.10116874955110673,1.5498604525506714,0.6267958385244479,3.20746423537473,1.6441908524331432,0.5972161593162084,3.3296524737881885,0.7217787645466136,1.5970256524919073,1.193900343990225,0.1275849607427707,0.0883822568821739,1.6093945093450448,0.8533698389233273,0.9426274982795492,-0.09433039988247183,-0.029533141876006263,10.406494140625,7.9868316650390625,1.3029563253750858,2.4196624755859375,0.05746955999765756,0.04813590426160676,0.05280273212963215,4,3,0.12758496074277056,0.3165964453460561,0.7721200155890047,-0.2976699563846936,0.001998681539872023,0.0017290013433684346,1.1559738756502786,0.00026968019650358836,0.0037276828832404577,0.0006056960723550585,0.0003238786501068326,1.8701269812884753,0.00028181742224822593,0.0009295747224618912,0.0003286516971878422,0.00019841731304937667,1.6563576825998756,0.00013023438413846552,0.0005270690102372189,0.0001573140635841582,0.00015092925070781717,1.0422964438633269,6.384812876341039e-06,0.0003082433142919754,1.4793864853243317e-05,1.4605442154040855e-05,1.0128315093590818,1.884226992024621e-07,2.9399307007284172e-05,48.828125,58.59375,161.7750136363111,157.3221101613089,4.452903475002188,2.913138369329979,0.9420840821459047,1.9710542871840744,Side I
Train195.csv,9.257226352577925,33.326014869280534,1.0,0.2264914186492875,0.14328752993422839,0.8641739885445507,0.29443975786664217,0.07799643428306122,0.2013466559813082,0.0882705028304271,0.4076702162023264,0.3377410251709539,0.08737719296498932,1.4382697605659072,0.5436538855981083,2.891387743453896,1.5183780038250254,0.5826302708928173,2.663201357918035,0.21391903731529785,1.4783238821954663,1.1248773547694715,0.025144762667979326,0.0587715432249609,2.119781711828443,0.45650377234222433,0.9472402851611417,-0.08010824325911825,-0.027094271130179537,2.2182464599609375,2.1778106689453125,1.0185667069344002,0.040435791015625,0.022081156334466962,0.019629737032244025,0.020855446683355493,4,2,0.025144762667979353,0.07766736628828785,0.1673759094022178,-0.10147660162902314,0.0001650864522226511,8.108039742675942e-05,2.0360583002010193,8.400605479589167e-05,0.00024616684964941053,1.2908092277992585e-05,1.3754897622868273e-05,0.9383678645974897,-8.468053448756872e-07,2.6662989900860856e-05,3.1451071723277966e-05,2.9143426788451282e-05,1.0791453182994395,2.307644934826684e-06,6.059449851172925e-05,7.549406045334089e-06,8.578567104091124e-06,0.8799285504433192,-1.029161058757035e-06,1.6127973149425213e-05,1.3421746304647379e-06,1.2312750116762568e-06,1.089184327968304,1.1089961878848112e-07,2.5734496421409946e-06,39.0625,48.828125,148.7493197236902,212.25797576078375,-63.508656037093544,0.17051996025809402,-0.0036465964912228976,0.17416655674931691,Normal
Train196.csv,0.0,0.0,0.0,0.07071486522275958,0.029132773625667137,0.12643202425780797,0.12070887125373155,0.03272099223647027,0.05257672011033382,0.02656770561387684,0.13472338028155517,0.07526013683781622,0.012015712663308404,1.2180462028059256,0.5039431756373833,2.193164551830246,1.3114761450693035,0.5025890780733635,1.9710721860319163,0.0616457926665467,1.2647611739376146,1.3449587596108226,0.018138145112425758,0.14711464654117554,0.9384494773223871,-0.008291356023747198,0.9287590007842336,-0.09342994226337797,-0.036935789638730974,0.301361083984375,0.3337860107421875,0.9028544379671568,-0.0324249267578125,0.07071486522275958,0.05257672011033382,0.0616457926665467,4,0,0.018138145112425747,0.014929378137038605,0.044663089360131844,0.003107536999445888,8.544381167522722e-07,1.2252497417586244e-06,0.6967896405237003,-3.7081162500635215e-07,2.0796878585108968e-06,5.399758001585409e-07,6.127554793656289e-07,0.8797897832482964,-7.277967920708806e-08,1.1527312795241699e-06,3.0292340330358373e-07,3.813879837970582e-07,0.7921886046093747,-7.846458049347448e-08,6.84311387100642e-07,1.5668660896150954e-07,1.618591106965495e-07,0.9620991315214721,-5.172501735039951e-09,3.1854571965805904e-07,2.534467634111277e-07,2.956194583035882e-07,0.8544509010320102,-4.217269489246048e-08,5.49066221714716e-07,87.890625,87.890625,796.7471525598875,728.2144660688762,68.5326864910113,0.12656747017600312,0.18595353929455438,-0.059386069118551266,Normal
Train197.csv,10.918779800476523,39.307607281715484,1.0,0.29561879460190177,0.1935661431210991,0.8317711920708584,0.6210869030237707,0.07762971282633635,0.3611278523743857,0.3567331037033064,1.7685655733612897,0.777061281622612,0.11262678313881269,1.346869927918083,0.6450069168250181,2.9614315325373743,1.5172863072538014,0.5937931777373968,2.564836515543667,0.32837332348814374,1.432078117585942,0.8185964446159261,-0.06550905777248395,-0.09974768554419992,0.47030810408794316,-0.9367943812904314,0.8876828544462264,-0.17041637933571852,-0.059499659181766765,3.5465240478515625,4.38385009765625,0.8089973789820667,-0.8373260498046875,0.02480277340051896,0.03029906235535516,0.02755091787793706,3,4,-0.06550905777248399,0.19661403546890963,0.16299274753705267,-0.5363032224883445,0.0002276415212678282,0.0007277596538389767,0.312797236381229,-0.0005001181325711485,0.0009554011751068049,5.81303023422694e-05,8.359179907512933e-05,0.6953984432322284,-2.546149673285993e-05,0.00014172210141739873,5.7505815026314503e-05,9.549218433439908e-05,0.6021981089764481,-3.798636930808457e-05,0.00015299799936071358,2.191099284483139e-05,2.767110767357506e-05,0.7918078775674491,-5.7601148287436705e-06,4.958210051840645e-05,2.290428704152449e-06,3.141748889200674e-06,0.7287978724685815,-8.51320185048225e-07,5.432177593353123e-06,48.828125,68.359375,196.18303428085903,142.81278303308937,53.37025124776966,3.094636698476835,2.0428855726771094,1.0517511257997256,Normal
Train198.csv,15.755087157752813,56.718313767910125,1.0,0.39968653558863887,0.15699878931593997,0.8668125476082127,0.5648313686876372,0.07848864798862881,0.5524827389864438,0.43109328474223,2.0717043426620343,1.0453067879291196,0.18919201190257595,1.4643107408179437,0.4539340652294711,2.490035706617383,1.6420030827443695,0.6103387892734243,3.203655050197576,0.47608463728754136,1.5531569117811566,0.7234358359974208,-0.15279620339780497,-0.16047151174299376,0.41840532519668233,-1.2048917950538216,0.891782643055651,-0.1776923419264258,-0.05720358431752539,3.827667236328125,5.2265167236328125,0.7323551624096696,-1.3988494873046875,0.023854637807938728,0.032974029546053565,0.028414333676996147,2,4,-0.15279620339780503,0.34161691678582234,0.1393394417177405,-0.9952509159344907,0.00022700818487927737,0.001018598395378656,0.2228630665884982,-0.0007915902104993786,0.0012456065802579333,7.34042131999788e-05,0.0002427056737125378,0.3024400280270779,-0.00016930146051255903,0.0003161098869125166,0.0002664728416233941,0.0003044875225406343,0.8751490512678783,-3.801468091724019e-05,0.0005709603641640284,3.265592110262183e-05,4.914149750923315e-05,0.6645148854407789,-1.648557640661132e-05,8.179741861185497e-05,3.7338281403673215e-06,8.15514319377484e-06,0.45779335301728863,-4.421315053407518e-06,1.1888971334142161e-05,576.171875,78.125,333.46013896933454,199.20231434009125,134.2578246292433,0.19844725785256,0.11960032317290104,0.07884693467965898,Side II
Train199.csv,13.91551012615079,50.09583645414285,1.0,0.8148781643018344,0.338942567143909,1.751860523647197,1.2392622792477048,0.07656154242714715,0.9066570859552281,0.4586073466804786,2.140100338256957,1.585173041438334,0.259543388353844,1.5086618313593378,0.525413365755602,2.6179512361437562,1.7790783531406564,0.5437665630589121,2.9072973327941423,0.8607676251285312,1.6438700922499971,0.8987711872037217,-0.09177892165339374,-0.0533122213602468,0.8185876492531098,-0.3882398146097601,0.848001427646303,-0.2704165217813186,-0.08224994201374279,8.893966674804688,8.559417724609375,1.0390853585925697,0.3345489501953125,0.05463293963195666,0.06078619358553625,0.05770956660874645,5,3,-0.09177892165339376,0.4257248547758765,0.5855225721354224,-0.9096567997222174,0.001189998985113416,0.002018090250931523,0.5896655984035057,-0.0008280912658181071,0.003208089236044939,0.0005287369016283048,0.0008224186609070588,0.6429040145333503,-0.000293681759278754,0.0013511555625353635,0.0004235602609062805,0.00040972821165360094,1.0337565613075514,1.3832049252679543e-05,0.0008332884725598814,9.253446665636303e-05,8.875437602651622e-05,1.042578723667598,3.780090629846802e-06,0.00018128884268287925,1.484833356748956e-05,1.577877445210714e-05,0.9409724842744378,-9.304408846175794e-07,3.06271080195967e-05,68.359375,87.890625,198.90091026480354,165.55908742987359,33.34182283492996,0.3959567756178597,-0.07126118940272175,0.46721796502058144,Side II
Train200.csv,2.462659574563999,8.865574468430397,1.0,0.08051393715791401,0.02852402762579829,0.13604565187646794,0.12543731637507957,0.03772466435874035,0.06434140455056135,0.028803203410779216,0.15022719780197763,0.10786720767820586,0.01898497529513239,1.3508858935429657,0.5517572023321091,2.9320674206896085,1.4548837287403533,0.603510822193251,2.5519818960518537,0.07242767085423768,1.4028848111416594,1.251335534012329,0.016172532607352658,0.11164531988457929,0.9055933164810755,-0.014181545925509687,0.9285174741730706,-0.10399783519738759,-0.037065693956391484,0.45013427734375,0.455474853515625,0.9882725371045564,-0.005340576171875,0.023252051038846904,0.01858149874830329,0.0209167748935751,3,0,0.016172532607352644,0.0151296005656779,0.041714651142174514,-0.0035915816163763353,1.200120612566241e-06,2.3334238794911003e-06,0.5140971282507035,-1.1333032669248592e-06,3.5335444920573413e-06,1.0225223131980938e-06,7.412121893117919e-07,1.3776684456586685,2.8131012388630186e-07,1.7637345025098856e-06,5.340265775623506e-07,5.556225635692054e-07,0.9594051921611593,-2.1595986006854805e-08,1.089649141131556e-06,5.976310969067964e-06,5.519111786230764e-06,1.0826431058833144,4.571991828372e-07,1.1495422755298729e-05,2.8252077195769273e-07,3.5667357869741727e-07,0.789884377220656,-7.415280673972454e-08,6.3919435065511e-07,791.015625,791.015625,742.145751534759,698.8182293645071,43.32752217025188,1.8785036924410115,0.40821999958818855,1.470283692852823,Normal
Train201.csv,10.7110856194892,38.55990823016112,1.0,0.3961929317358369,0.18813852482143206,0.8022147582906124,0.6707349035924948,0.07416843917600249,0.4380518613575777,0.17870264984624168,0.9734613694254105,0.5961385296105634,0.1591702323867013,1.38448224521134,0.6070525751621901,3.69571772887898,1.4766805357521298,0.6114627661702455,2.522473670847584,0.4171223965467073,1.4305813904817348,0.9044409172627891,-0.04185892962174076,-0.05017577549480505,0.8240839949099649,-0.1712466111347981,0.9375631858944934,-0.09219829054078987,-0.032224052028836665,5.2516937255859375,5.6011199951171875,0.9376147614315303,-0.34942626953125,0.03383058963180201,0.03740488931517897,0.035617739473490485,1,6,-0.041858929621740724,0.09413417265784495,0.1853956050526171,-0.13188045828358852,0.0004975529879734194,0.0006933132149036501,0.7176442906807621,-0.0001957602269302307,0.0011908662028770694,5.656096003105329e-05,5.733040894685658e-05,0.9865614864529588,-7.694489158032857e-07,0.00011389136897790987,4.779178415166343e-05,5.080078321816559e-05,0.9407501297035996,-3.0089990665021577e-06,9.859256736982902e-05,2.9571148975590424e-05,2.866866701439098e-05,1.0314437541512755,9.024819611994444e-07,5.8239815989981404e-05,6.189883688891093e-06,1.4320422523461375e-05,0.43221151242139644,-8.130538834570282e-06,2.051030621235247e-05,58.59375,58.59375,152.23601983811398,152.10947609623008,0.12654374188389284,0.5786696753484448,0.1619610141890151,0.4167086611594297,Normal
Train202.csv,18.603464497007558,66.9724721892272,1.0,0.7149768642681446,0.30652579998816926,1.4706471091820243,1.127497002496566,0.08723006504951596,0.8005220649940492,0.2658886620495301,1.4242162973337822,1.2017305077722735,0.4273210732198534,1.5330372332623265,0.7830326465251843,4.108931234643316,1.6041180754447972,0.5806787063600035,3.047302443525549,0.7577494646310969,1.568577654353562,0.8931371193826368,-0.08554520072590466,-0.05644685233839074,1.032600230270452,0.04643081184824216,0.9556879266193123,-0.07108084218247068,-0.02265773050108693,9.855270385742188,11.220550537109375,0.8783231691551137,-1.3652801513671875,0.03647196465590482,0.040835744371422095,0.03865385451366346,2,6,-0.08554520072590464,0.1259688884654326,0.07918824810610947,-0.3574299596427706,0.0009685192160227825,0.0018336870436341125,0.5281810171501764,-0.00086516782761133,0.0028022062596568947,0.00017440654608628776,0.00021200691672642127,0.8226416672512519,-3.760037064013351e-05,0.000386413462812709,0.00022079638833780749,0.00026976533185818805,0.818472738302557,-4.896894352038057e-05,0.0004905617201959955,0.0002870178016985298,0.00030251267753305864,0.9487762802631116,-1.5494875834528828e-05,0.0005895304792315884,1.5927545051038796e-05,1.7169051793914705e-05,0.9276352361781303,-1.2415067428759091e-06,3.30965968449535e-05,48.828125,48.828125,253.32133032086833,193.2903693574341,60.03096096343424,0.29647974267156396,0.8948361148474762,-0.5983563721759122,Side I
Train203.csv,9.494591130849152,34.18052807105695,1.0,0.2867584749312784,0.2135298371453671,0.943465572405779,0.36180330995094495,0.07809342700025936,0.26936057632832544,0.17404979069796314,0.8443992377472459,0.5033211735034757,0.11253936131976257,1.161780811231666,0.5489682059529475,2.3254945379025735,1.3604598634598326,0.4106782523638418,2.0280426525920063,0.2780595256298019,1.2611203373457494,1.0645856726860992,0.017397898602952933,0.03128442961829365,1.1173203538203955,0.0990663346585331,0.8539612144939644,-0.1986790522281665,-0.07877082288415815,2.8995513916015625,2.6996612548828125,1.0740422756058523,0.19989013671875,0.027324406578198516,0.025666609872635467,0.02649550822541699,3,2,0.017397898602952933,0.177599718319421,0.2974083578047309,-0.36163244497452685,0.00025890051238188036,0.0001697978600792391,1.52474823600736,8.910265230264127e-05,0.0004286983724611195,2.2034565863989197e-05,2.0647837627153494e-05,1.0671092611534438,1.3867282368357023e-06,4.268240349114269e-05,4.5800690830574687e-05,5.721427561040626e-05,0.8004976003688864,-1.1413584779831574e-05,0.00010301496644098094,2.2354623165422195e-05,2.491736271255634e-05,0.8971144462135036,-2.5627395471341442e-06,4.727198587797853e-05,1.910073700039419e-06,1.801857454071438e-06,1.0594701737099912,1.0821624596798082e-07,3.711931154110857e-06,39.0625,39.0625,162.0079862341177,215.91405715221293,-53.906070918095224,0.23033343560182118,0.3686545178908811,-0.13832108228905993,Normal
Train204.csv,14.034192515286403,50.523093055031055,1.0,0.34334303687844897,0.11114844172296341,0.6116322501302675,0.4715342007777173,0.06616244720710567,0.2989520899076431,0.11113764832710075,0.6031126386729622,0.41592384263134696,0.09303543840487187,1.2542620900924217,0.6200849945713401,2.833839917592591,1.4281569770726006,0.5714884377284459,2.5441321042651905,0.32114756339304606,1.3412095335825112,1.1484846568554266,0.04439094697080587,0.06911289842728517,1.014124388690743,0.008519611457305287,0.8782376391324538,-0.17389488698017885,-0.0648276118676534,3.435516357421875,2.7587890625,1.2452982211733172,0.676727294921875,0.02283747773811903,0.019884811878235285,0.02136114480817716,6,0,0.04439094697080596,0.02967274794664103,0.08156000241710437,-7.80512802694977e-06,0.00015282044804493122,0.0001650308613967109,0.9260057224803075,-1.2210413351779664e-05,0.0003178513094416421,3.6050837754090724e-05,3.743660170758122e-05,0.9629579916918216,-1.385763953490496e-06,7.348743946167195e-05,0.00011479517387158182,0.00011115369064964645,1.0327515033388017,3.6414832219353673e-06,0.00022594886452122827,3.738790576788577e-05,3.978562174807804e-05,0.9397104887321039,-2.397715980192266e-06,7.717352751596381e-05,2.5996232238909128e-06,3.0343928589798535e-06,0.8564371548151445,-4.347696350889407e-07,5.634016082870766e-06,48.828125,58.59375,315.41109246687506,311.2483476966252,4.162744770249844,-0.09857122427430332,-0.03471089937227401,-0.06386032490202931,Normal
Train205.csv,17.505652397503123,63.020348631011245,1.0,0.5159658107819818,0.30525722680255607,1.4470811641377364,0.7526445746360185,0.07597913566095717,0.46820457687404066,0.23566530903613847,1.0028371944697625,0.9014583752328726,0.16758760189833766,1.384294687464871,0.4962344399941684,2.300064749298692,1.437091081893291,0.6248093927704916,2.746826125763647,0.4920851938280112,1.410692884679081,1.1020069735751779,0.047761233907941125,0.04852938675822808,1.4429856901320572,0.44424396966797386,0.9632609523817971,-0.05279639442841999,-0.018712923375773346,5.998992919921875,5.8132171630859375,1.031957300005634,0.1857757568359375,0.027881525044293955,0.025300625280155656,0.026591075162224805,4,1,0.047761233907941084,0.077400964589074,0.21072082229264555,-0.044852834001665176,0.0008901533738770897,0.0005814024732141195,1.5310424083917773,0.0003087509006629702,0.0014715558470912093,0.00010769215804950898,8.080857615291867e-05,1.3326657950255734,2.6883581896590313e-05,0.00018850073420242767,0.00010697378775334691,8.86886644201575e-05,1.2061584453242533,1.828512333318941e-05,0.0001956624521735044,7.394432412118282e-05,8.098504867209019e-05,0.9130501528797994,-7.040724550907363e-06,0.00015492937279327302,6.6233803177020154e-06,6.51318556455979e-06,1.0167626101620895,1.1019475314222545e-07,1.3136565882261806e-05,48.828125,48.828125,151.8065004832125,185.10239887916487,-33.29589839595238,1.9270010827010573,0.5833923458921109,1.3436087368089464,Normal
Train206.csv,0.0,0.0,0.0,0.07070823064360446,0.029234470386576863,0.12709073165037013,0.12057268473147063,0.0326535233814939,0.05278470623731085,0.02622230706365086,0.13484593085760982,0.07377815173788332,0.011654998303007823,1.1720202913241415,0.5370269371790648,1.9602225660750083,1.2844290982420024,0.5857383023981257,2.039196313289295,0.061746468440457655,1.228224694783072,1.3395336670446083,0.017923524406293606,0.14513687763940336,0.9424814553960463,-0.007755199207239688,0.9124827368404743,-0.11240880691786082,-0.04576066644590952,0.299072265625,0.3307342529296875,0.9042648552755915,-0.0316619873046875,0.07070823064360446,0.05278470623731085,0.061746468440457655,3,0,0.017923524406293606,0.015650795007075436,0.04465405149269736,0.00023719132047473473,6.70629637613693e-07,9.470212143159374e-07,0.7073993993874899,-2.7639157670224447e-07,1.6176508519296304e-06,6.584023713302839e-07,7.924439971448085e-07,0.8298032043843434,-1.3404162581452458e-07,1.4508463684750925e-06,2.862421492278576e-07,4.2888109118800987e-07,0.6658635494685405,-1.4263894196015227e-07,7.151232404158675e-07,1.617105244314039e-07,1.7143151540182413e-07,0.9378246433348528,-9.720990970420238e-09,3.33142039833228e-07,2.5146052773842523e-07,2.782781214373771e-07,0.9003946547771754,-2.681759369895187e-08,5.297386491758023e-07,273.4375,87.890625,844.3991346647498,741.3730176751847,103.02611698956514,0.21687831495828025,0.3871475718235593,-0.17026925686527905,Normal
Train207.csv,13.678145347879557,49.241323252366406,1.0,0.7819817826346822,0.3111705006061709,1.6098021569997754,1.1324378093333207,0.08067656413223796,0.9333541524628767,0.4182605354684173,1.7666785169112533,1.6143797784096232,0.4012589691621375,1.4308963927624736,0.6169345300659013,2.83108559966934,1.6764844157638032,0.5941550831628364,2.95125875338832,0.8576679675487795,1.5536904042631385,0.8378180380439747,-0.15137236982819446,-0.08824643528099932,0.9112021402807953,-0.15687635991147797,0.8535095977023816,-0.24558802300132965,-0.07903374549193344,7.3764801025390625,8.231353759765625,0.8961441120962081,-0.8548736572265625,0.053275244528604514,0.06358801676519107,0.0584316306468978,4,4,-0.1513723698281944,0.48406951168328505,0.6088112836666351,-1.020287837160749,0.0010338822962384772,0.0019828628429335127,0.5214086181070903,-0.0009489805466950355,0.00301674513917199,0.0004949229523250559,0.0009931280223946712,0.4983470839787549,-0.0004982050700696153,0.0014880509747197271,0.000384375472051905,0.00038316841964061824,1.0031475695853231,1.2070524112867674e-06,0.0007675438916925233,8.950694295457593e-05,8.68436614404293e-05,1.0306556726687548,2.6632815141466274e-06,0.00017635060439500524,1.4426123412310762e-05,1.4473084364001697e-05,0.9966864258570843,-4.696095169093584e-08,2.889920777631246e-05,87.890625,87.890625,204.1734035577257,162.79266212693267,41.38074143079302,-0.00561986504990486,0.2841314850771375,-0.28975135012704234,Side II
Train208.csv,5.340707511102648,19.226547039969535,1.0,0.25626236528468205,0.12420860708754561,0.6224567404809895,0.4401621425261689,0.07620385305695515,0.2269268282071515,0.09593686199845602,0.48816955814838014,0.3518458731214865,0.0846406886097185,1.236773101289308,0.6249954170002759,3.0205758497516237,1.394639429330247,0.5392031470741497,2.576131859411458,0.24159459674591677,1.3157062653097775,1.1292681347602396,0.02933553707753056,0.06071219464437737,1.2750804613083466,0.1342871823326094,0.8868042796401993,-0.15786632804093914,-0.059992975715896006,3.1299591064453125,2.751922607421875,1.1373713637994471,0.3780364990234375,0.04041542128160995,0.03578888125809306,0.03810215126985151,3,2,0.02933553707753057,0.08168336145849614,0.21100754521295728,-0.0684318621968697,0.00018936922164875284,0.00011577282200652122,1.6356825607613281,7.359639964223163e-05,0.00030514204365527406,3.759045778653322e-05,3.7176690367965693e-05,1.0111025567882825,4.1376741856752683e-07,7.476714815449892e-05,2.9470288045637517e-05,2.1065119910431694e-05,1.3989423857330356,8.405168135205823e-06,5.053540795606921e-05,4.940478917301667e-06,5.0453294590268645e-06,0.9790242506787082,-1.0485054172519794e-07,9.985808376328531e-06,9.83441378477683e-07,9.282227566923105e-07,1.0583483576945216,5.521862178537235e-08,1.9116641351699934e-06,48.828125,48.828125,130.8675833680745,152.81136136426298,-21.943777996188487,2.812920099962681,0.5652199938589315,2.2477001061037494,Normal
Train209.csv,5.607742886657781,20.187874391968013,1.0,0.2859549575989371,0.14014377224718516,0.7604689982883918,0.4011423152594867,0.07846880603394811,0.3242598084407863,0.15652739686913533,0.7370470013531527,0.5236289281412876,0.11022056974374854,1.377111579435206,0.3850419899540473,2.3003262845571992,1.4917943271120477,0.5530928665653048,2.756425238464387,0.3051073830198617,1.434452953273627,0.8818671580261471,-0.0383048508418492,-0.06277263383482566,1.0317767593050116,0.023421996935239053,0.9231236714631244,-0.11468274767684172,-0.03997437052248693,2.96173095703125,3.4420013427734375,0.8604674436812838,-0.4802703857421875,0.043275739159937876,0.049072703645222794,0.04617422140258034,2,4,-0.03830485084184926,0.09259691040329475,0.14601758618582877,-0.16575397928243146,0.00028966211704510965,0.00031305573035399144,0.9252703710205235,-2.3393613308881787e-05,0.0006027178473991011,4.104640208942903e-05,7.296800492945117e-05,0.5625183203349702,-3.192160284002214e-05,0.0001140144070188802,1.6785255761664898e-05,2.2431194787512592e-05,0.7482663163663684,-5.6459390258476945e-06,3.921645054917749e-05,7.084830133076254e-06,7.729977526316664e-06,0.9164209970807845,-6.451473932404094e-07,1.4814807659392918e-05,2.8805835251291194e-06,2.9258952147191873e-06,0.9841771959046675,-4.5311689590067886e-08,5.806478739848306e-06,58.59375,48.828125,121.16164935103019,130.20078944145968,-9.039140090429484,1.177990211970993,0.028762643255742404,1.1492275687152507,Normal
Train210.csv,13.35176877775662,48.06636759992383,1.0,0.3730294180470448,0.21056028066059954,0.7559864716044761,0.6802666589937794,0.06835294420784073,0.3736756126624073,0.21195525593365855,0.8143744213397882,0.6531481978156128,0.10173928939721154,1.199802028953957,0.5408234046986101,2.313661654061897,1.3527868655368087,0.5770076439484795,2.8043203804294605,0.373352515354726,1.276294447245383,0.99826803553278,-0.000646194615362472,-0.0008653935937125306,0.9283021709578952,-0.05838794973531214,0.8869106971756106,-0.15298483658285167,-0.059933182730621,4.07562255859375,4.460906982421875,0.9136307170319731,-0.385284423828125,0.025991877644042875,0.02603690307786703,0.026014390360954952,4,2,-0.0006461946153624061,0.1037812093082772,0.12520573089321496,-0.24818451309384582,0.0004326530043117772,0.0003764197263135005,1.1493867740732315,5.6233277998276677e-05,0.0008090727306252777,4.552512746487276e-05,5.871188118060117e-05,0.7753856828254978,-1.3186753715728412e-05,0.00010423700864547393,9.01849744917285e-05,0.0001060859828751365,0.8501040565728546,-1.5901008383408004e-05,0.000196270957366865,4.352854700145631e-05,4.494836246649545e-05,0.968390753793267,-1.4198154650391372e-06,8.847690946795175e-05,4.193322335876346e-06,3.5237414262149418e-06,1.189682257168964,6.69580909661404e-07,7.717063762091287e-06,48.828125,48.828125,188.9983699518998,208.08469547040997,-19.086325518510165,0.38015506979457214,0.4355149821165849,-0.05535991232201276,Normal
Train211.csv,5.6374134839416845,20.294688542190066,1.0,0.2946755518229024,0.15096951096839595,0.7265064566542583,0.5150838374055611,0.0777991173814265,0.28996476445516606,0.10564570425164344,0.46913970006999267,0.4466515165839818,0.12798680784744504,1.4392614202522285,0.47637767476012555,2.696181939362084,1.549789392042543,0.4842309278830452,2.8206186234089143,0.2923201581390342,1.4945254061473858,1.0162425635887942,0.0047107873677363354,0.008057568352722748,1.5485897014389678,0.2573667565842656,0.9286813414524767,-0.11052797179031448,-0.03697760317692831,3.533935546875,3.2199859619140625,1.0974999553334577,0.3139495849609375,0.044396142041750096,0.043686409646874674,0.04404127584431239,4,3,0.0047107873677363805,0.09436457142679801,0.18591651452865793,-0.1306743001899823,0.0003125743627578763,0.00024234037404033927,1.2898101448655082,7.023398871753702e-05,0.0005549147367982155,4.981635314579622e-05,6.364365023250799e-05,0.782726481547248,-1.3827297086711766e-05,0.00011346000337830422,1.8673001963459972e-05,2.1013174355766682e-05,0.8885907981598027,-2.3401723923067096e-06,3.9686176319226654e-05,4.1530665245224425e-06,4.132786694387398e-06,1.0046639634699153,2.0279830135044513e-08,8.28585321890984e-06,1.4396324699153467e-06,1.4069668974177947e-06,1.0224902819488344,3.266557249755199e-08,2.8465993673331414e-06,58.59375,58.59375,110.4177468371771,123.81465130820132,-13.396904471024214,0.7528739941654137,0.5200801306939846,0.23279386347142905,Normal
Train212.csv,13.737486542447368,49.45495155281053,1.0,0.5322680538545818,0.257098424964014,1.144838409088576,0.8633436184579075,0.07790161621537509,0.5521312975253525,0.19280866921840756,0.9849876208059977,0.8669313164500799,0.26738718278655726,1.4867408997840552,0.501497728672191,2.960843839648666,1.5699095558872336,0.5684249715759093,2.8399781427499367,0.5421996756899672,1.5283252278356443,0.9640226739862856,-0.019863243670770747,-0.0183172604522805,1.1622859238229333,0.15985078828257826,0.9470226785906443,-0.08316865610317836,-0.027209074148401135,7.39288330078125,7.837677001953125,0.9432491739184701,-0.444793701171875,0.03611661000140877,0.03746441402576259,0.03679051201358568,3,4,-0.019863243670770817,0.1503657980638399,0.24699456776037165,-0.2294310852985465,0.0008936984292850878,0.0006225796575881379,1.4354741323754796,0.00027111877169694993,0.0015162780868732257,0.00010100838097704384,0.00010896353824238821,0.9269839766801365,-7.95515726534437e-06,0.00020997191921943206,0.00016390434387474962,0.0001387492670259993,1.1812902950596622,2.515507684875033e-05,0.0003026536109007489,0.00017522322259108842,0.00016890330065378947,1.0374112554437032,6.319921937298956e-06,0.0003441265232448779,1.0505278070279905e-05,1.0575091754152173e-05,0.9933043618078987,-6.98136838722681e-08,2.108036982443208e-05,58.59375,58.59375,214.9575383188852,244.70802752133724,-29.75048920245203,0.8755762442165951,0.6642035863173392,0.21137265789925586,Normal
Train213.csv,10.20668546566284,36.74406767638622,1.0,0.4432671326777426,0.4957236923423284,1.9689019575966038,1.1752744281381151,0.08243488733346514,0.2830957179419646,0.11751453464529668,0.6029603743335958,0.4609686261688983,0.13407683226972764,1.1809386172027279,0.5624182114991659,2.327051462449271,1.2859097219352194,0.5142765297146289,2.046320068322543,0.3631814253098536,1.2334241695689736,1.56577983630532,0.160171414735778,0.22051126938534396,3.265386542832318,1.365941583263008,0.9183675017698627,-0.1049711047324915,-0.04255270196970122,4.2057037353515625,2.7820587158203125,1.511723027164238,1.42364501953125,0.03955381223430497,0.025261324484332742,0.03240756835931886,3,0,0.16017141473577795,0.27989260827255524,0.6920037124707668,-0.01358754637156584,0.0012646050787356558,0.0001272890258875821,9.934832442036809,0.0011373160528480738,0.0013918941046232379,5.778456195040607e-05,2.622129267447171e-05,2.203642628345053,3.1563269275934364e-05,8.400585462487778e-05,8.085623744320678e-05,7.963731686766231e-05,1.0152931481157283,1.2189205755444652e-06,0.0001604935543108691,8.456217933501085e-05,6.899164855468103e-05,1.22566941705376,1.557053078032982e-05,0.00015355382788969187,4.034071544573874e-06,3.4535048237422413e-06,1.1677712871750436,5.80566720831633e-07,7.487576368316116e-06,39.0625,39.0625,115.67383957251627,334.1336705231115,-218.45983095059523,0.39715878035480223,0.06718675115947192,0.3299720291953303,Side I
Train214.csv,15.547392976765487,55.970614716355755,1.0,0.3612431988217224,0.13955698955304777,0.7027993083680961,0.5439235221551346,0.07747696088000118,0.397695875491987,0.24059926222273922,1.094577142759421,0.8163305043254057,0.1790072793013232,1.1793829979871986,0.5996030503067545,2.5979734585623513,1.374461230874442,0.5595902980423564,2.479424714969198,0.3794695371568547,1.2769221144308203,0.9083380360351887,-0.03645267667026458,-0.04803103420678876,0.6420732160760545,-0.39177783439132496,0.8580686842423217,-0.19507823288724335,-0.07638608271269366,3.5999298095703125,4.0584564208984375,0.8870192381551169,-0.458526611328125,0.02183082249445281,0.02403374815902417,0.02293228532673849,4,4,-0.036452676670264576,0.14950297514592015,0.1478007186960142,-0.26386744610954604,0.00019268436634987393,0.0002882442416002148,0.6684737110669109,-9.55598752503409e-05,0.00048092860795008875,8.601433510792381e-05,0.0001447132259292324,0.5943737359310219,-5.869889082130858e-05,0.0002307275610371562,0.00013171461482494682,0.00014578692150835025,0.9034672657528947,-1.4072306683403428e-05,0.0002775015363332971,3.676234988543166e-05,3.4696700280934926e-05,1.0595039321851305,2.065649604496735e-06,7.145905016636659e-05,3.3816974327025183e-06,3.4383267064837637e-06,0.9832440245724247,-5.662927378124539e-08,6.8200241391862815e-06,58.59375,87.890625,286.75299187130685,243.1825622015148,43.57042966979205,0.30900024551981753,0.8769849247228709,-0.5679846792030534,Normal
Train215.csv,5.311036913818745,19.119732889747482,1.0,0.18242301725156101,0.07718991277666135,0.38744811433620496,0.2889233048262944,0.0719589737990842,0.16722647306089314,0.08223686797374742,0.38926848431862604,0.26521885629425546,0.07171077625768953,1.2136964980128786,0.4895036656767486,2.336015170537992,1.3632221341699489,0.5794386358606236,2.7876615825999984,0.1748247451562271,1.2884593160914137,1.0908675106579806,0.015196544190667877,0.043462098900785076,0.9953210563483825,-0.0018203699824210773,0.8903138947622722,-0.14952563615707026,-0.058024951298311075,1.9596099853515625,1.8146514892578125,1.0798816836567078,0.14495849609375,0.028905395379977057,0.026497463942055457,0.02770142966101626,2,0,0.015196544190667887,0.025064549299418676,0.06785452172751061,-0.010137616783033793,5.046809424088723e-05,5.1142999619267216e-05,0.9867842682736655,-6.749053783799882e-07,0.00010161109386015444,1.2579361981600818e-05,1.0691765561131264e-05,1.1764367141207532,1.8875964204695532e-06,2.327112754273208e-05,4.5762499136716564e-05,5.042247419871304e-05,0.9075633891542634,-4.659975061996474e-06,9.61849733354296e-05,1.2458890148190806e-05,1.0582455917844845e-05,1.1772043314494065,1.8764342303459607e-06,2.304134606603565e-05,5.769491297252609e-07,6.419720808383578e-07,0.8973159907238726,-6.502295111309694e-08,1.2189212105636186e-06,527.34375,58.59375,341.61815465979697,343.0447137297494,-1.4265590699524182,0.4921149170883248,0.279404761445035,0.21271015564328977,Normal
Train216.csv,11.69021532985802,42.08477518748887,1.0,0.24595123090092236,0.10483380435529106,0.5593236143069528,0.37907536021330207,0.07801973881142635,0.38046621988854346,0.38654124562247316,1.6588634932858166,1.0434876618662852,0.08779240524229957,1.269903722427785,0.6174034878097652,2.9415285609374577,1.4773644106673838,0.484489474436415,2.5014205085776444,0.3132087253947329,1.3736340665475844,0.646445260048876,-0.1345149889876211,-0.214736633025566,0.3371725759221391,-1.099539878978864,0.859573205964068,-0.20746068823959884,-0.07551524011259371,2.2556304931640625,3.50341796875,0.643836924239997,-1.2477874755859375,0.01938117080820835,0.029981068878584597,0.024681119843396472,3,3,-0.13451498898762115,0.2662539816112293,0.028700193776152155,-0.7528492686238614,0.00011949030602060783,0.0007390177914546801,0.16168777763472542,-0.0006195274854340723,0.000858508097475288,1.7053051195467744e-05,2.5521808129734536e-05,0.6681494884413063,-8.468756934266792e-06,4.257485932520228e-05,4.36939154814666e-05,4.988728532249293e-05,0.8758351825286426,-6.193369841026334e-06,9.358120080395953e-05,1.704284290742881e-05,1.8622444756791684e-05,0.9151283841413682,-1.5796018493628743e-06,3.566528766422049e-05,2.050763354095626e-06,2.4726775648152696e-06,0.8290342214623974,-4.2191421071964366e-07,4.523440918910895e-06,48.828125,39.0625,229.91703410991093,96.56305536007223,133.3539787498387,0.3530447158227785,-0.048467630351320956,0.4015123461740995,Side II
Train217.csv,13.055062804917585,46.9982260977033,1.0,0.5268960409668292,0.3476019262059465,1.5001524212008315,0.8197395470738851,0.07471131954476384,0.5593864404753401,0.37085921548669554,1.4994338079625453,1.1352508364426774,0.08260940984094245,1.2594331644425316,0.6101008907821722,2.7552232744909095,1.4274418190325293,0.6334247859568234,2.81772708210845,0.5431412407210847,1.3434374917375305,0.9419161083042884,-0.03249039950851096,-0.029909687538814567,1.0004785891553774,0.0007186132382861476,0.8823002558492195,-0.1680086545899977,-0.06252936705054185,5.5988311767578125,5.973052978515625,0.9373481634179353,-0.3742218017578125,0.03748798908123547,0.039799640047116835,0.038643814564176156,2,3,-0.03249039950851093,0.09978012535217382,0.10615372415767055,-0.2478226513355587,0.0009495848542009128,0.0011005436341129204,0.8628317514503292,-0.00015095877991200767,0.002050128488313833,0.00016641281995995213,0.0001751647112541632,0.9500307952307473,-8.751891294211082e-06,0.00034157753121411537,0.00012389237923522543,0.0001273663977018415,0.9727165779523043,-3.474018466616068e-06,0.00025125877693706695,8.739503033622495e-05,8.659340607137076e-05,1.0092456811147168,8.01624264854187e-07,0.0001739884364075957,6.962746286046477e-06,8.048446248016952e-06,0.8649969291691099,-1.085699961970475e-06,1.5011192534063429e-05,48.828125,48.828125,160.0683091435044,152.96960619604366,7.098702947460737,0.13508815234394822,0.0063388504077313,0.12874930193621692,Side II
Train218.csv,1.6615534478986018,5.981592412434967,1.0,0.19086779975340268,0.08310886148486306,0.41569438584606233,0.3159965331249291,0.06240754441631852,0.18399114037658304,0.07056359971066369,0.339526850833824,0.2790848380876199,0.06922570721040135,1.3345224121452826,0.6002116413021789,3.0742158344453707,1.4693012202975118,0.6017432124506049,2.808705246772114,0.18742947006499286,1.4019118162213973,1.0373693102474213,0.006876659376819638,0.018344609921335155,1.224330742898369,0.07616753501223833,0.9082695130448124,-0.1347788081522292,-0.04806962838999134,1.4862060546875,1.5438079833984375,0.9626877875887636,-0.0576019287109375,0.07171293137250356,0.06912922996975736,0.07042108067113045,3,4,0.0068766593768196296,0.05854487433587053,0.10124220755104824,-0.06238076300907103,7.960889585966929e-05,6.977410300271522e-05,1.1409355548578897,9.834792856954069e-06,0.0001493829988623845,4.074278877583892e-05,3.476738638279878e-05,1.171834330396072,5.975402393040143e-06,7.551017515863769e-05,5.552591077291289e-06,5.6276558557746845e-06,0.9864861557657044,-7.50647784833952e-08,1.1180246933065973e-05,5.133450903914478e-07,5.407398159350464e-07,0.9475860464592415,-2.739472554359861e-08,1.0540849063264942e-06,3.331706568869298e-07,3.965699877857251e-07,0.8380176248779019,-6.339933089879529e-08,7.297406446726549e-07,58.59375,58.59375,126.47452050741174,134.48766692426952,-8.01314641685778,0.1596388824952788,-0.21579171258003882,0.3754305950753176,Normal
Train219.csv,0.0,0.0,0.0,0.07081706154742923,0.029548579448490292,0.12938980957629287,0.11835017512341964,0.02776207413774018,0.053452596488149706,0.025479496043264677,0.12696216257645218,0.07779195949164797,0.012164231609719836,1.2901413680000227,0.652843533351641,3.015991499969472,1.3842248127006813,0.5359141661052874,2.5011711030047667,0.06213482901778947,1.337183090350352,1.324832493976881,0.01736446505927952,0.13973101401223803,1.0191130005790416,0.002427646999840688,0.9320309996841513,-0.09408344470065866,-0.035179703587301756,0.2956390380859375,0.324249267578125,0.9117618939657656,-0.0286102294921875,0.07081706154742923,0.053452596488149706,0.06213482901778947,4,0,0.017364465059279514,0.013428184985330773,0.03893225915044285,0.0022880573814264976,8.959058617628057e-07,7.166301055332585e-07,1.2484229059719751,1.7927575622954726e-07,1.6125359672960642e-06,6.256936014314301e-07,5.6695808802504e-07,1.1016545315996005,5.8735513406390034e-08,1.19265168945647e-06,3.961136757358184e-07,3.775853524865671e-07,1.0462995283206928,1.8528323249251302e-08,7.736990282223855e-07,1.3153771140394208e-07,1.6108796140915096e-07,0.8115205488451278,-2.9550250005208886e-08,2.9262567281309304e-07,2.5803634159100794e-07,3.1870540873330145e-07,0.8071065879472251,-6.066906714229352e-08,5.767417503243094e-07,87.890625,87.890625,809.9337751933543,959.9245510486134,-149.99077585525902,0.6194702783685861,0.03214611368424469,0.5873241646843415,Normal
Train220.csv,14.152874904422015,50.950349655919254,1.0,0.520076499091023,0.21827821460632915,0.9860416260641447,0.7834987585659501,0.07910947406904997,0.5372192679690286,0.18291299950658538,0.8878672971400727,0.7694092134839833,0.21005654930350617,1.4366689153746326,0.5507929823004412,2.6152271558392735,1.6037049005000634,0.6199839759667032,3.8033435374767204,0.5286478835300259,1.520186907937348,0.9680880080291498,-0.017142768878005588,-0.016213772151855946,1.1105719499618352,0.09817432892407196,0.8958431311667896,-0.16703598512543083,-0.054939274017560775,6.1443328857421875,6.16455078125,0.9967201353439337,-0.0202178955078125,0.034321968759819355,0.035453289976825036,0.034887629368322196,4,4,-0.017142768878005483,0.10892912977892459,0.15054790663338213,-0.1888548833019788,0.0006725614893779676,0.0008806302120432644,0.7637266090279405,-0.0002080687226652968,0.001553191701421232,0.00013247578279333897,0.0001320111659744037,1.0035119249465627,4.646168189352713e-07,0.0002644869487677427,0.00016585350000878268,0.0001268090801410654,1.307888929841262,3.904441986771727e-05,0.0002926625801498481,5.342103661619495e-05,5.390745065017393e-05,0.9909584855787836,-4.864140339789783e-07,0.00010732848726636887,2.136918929608538e-05,8.819555782170801e-06,2.4226579167810978,1.2549633513914579e-05,3.0188745078256182e-05,87.890625,58.59375,225.41271320723163,161.66509261008133,63.7476205971503,0.7897540420966296,-0.0006590319795192201,0.7904130740761488,Normal
Train221.csv,10.028661881959417,36.1031827750539,1.0,0.3839811063881996,0.1567191992530619,0.7476936183507874,0.5504851468507546,0.0803989403875472,0.4106311544191157,0.17111132086955427,0.8902969592777648,0.6528119800793498,0.15437261919355638,1.4893091504991551,0.6057129638122614,2.9878880210902024,1.6484160860410348,0.5021476301620995,2.982831895544379,0.39730613040365764,1.5688626182700949,0.9350975130804919,-0.026650048030916085,-0.033538388226544355,0.8398240280785748,-0.14260334092697735,0.9034783509044999,-0.1591069355418797,-0.05070771748312842,4.863739013671875,5.56488037109375,0.8740058752979187,-0.701141357421875,0.03481665414154299,0.03723308945492493,0.03602487179823396,3,4,-0.02665004803091603,0.10751979534212648,0.1295004011260784,-0.16362032614864414,0.0004991036899944323,0.0006950608476587422,0.7180709050217926,-0.00019595715766430985,0.0011941645376531745,4.1591654127857676e-05,4.3603576202566254e-05,0.9538369077282739,-2.0119220747085774e-06,8.519523033042394e-05,4.428357963152256e-05,3.930807666662037e-05,1.126548456151511,4.9755029649021886e-06,8.359165629814293e-05,2.2414756070212235e-05,2.1743876318336345e-05,1.0308063261464042,6.708797518758902e-07,4.4158632388548584e-05,4.436006265824972e-06,7.5374643588050505e-06,0.5884495906177023,-3.101458092980079e-06,1.1973470624630021e-05,58.59375,58.59375,136.75554470846475,124.04672492564872,12.708819782816036,0.16284427878375896,1.932149904886498,-1.7693056261027391,Normal
Train222.csv,11.986921302697056,43.1529166897094,1.0,0.6034370423123788,0.38042496662178693,1.3316809285857931,1.205528717724433,0.07206367937696118,0.5234158771518268,0.3435136807275792,1.2768799175890364,1.0788020182071736,0.09279744690864812,1.3824157851572094,0.5490434722247794,2.5564096403288907,1.4718221916165868,0.5918886169731122,2.8656132531419307,0.5634264597321028,1.4271189883868982,1.152880368695755,0.08002116516055202,0.07101290041090716,1.042917088227952,0.054801010996756716,0.9392539763141141,-0.08940640645937736,-0.031324078742851175,7.93304443359375,6.552886962890625,1.2106180478773678,1.380157470703125,0.04646498028651796,0.040303307069638326,0.04338414367807814,5,1,0.08002116516055195,0.09950566805003803,0.2555139704746705,-0.03153131208934756,0.00150875150054607,0.0008097457350372291,1.8632387575810399,0.000699005765508841,0.002318497235583299,0.00020399276408955216,0.0002432607715773456,0.8385730432152684,-3.9268007487793443e-05,0.00044725353566689777,0.00013304280244728504,0.00012423108366038505,1.0709214441817299,8.81171878689999e-06,0.0002572738861076701,8.58251395057393e-05,8.054467534954818e-05,1.0655462150299138,5.28046415619112e-06,0.0001663698148552875,5.943081156325315e-06,6.02147150997345e-06,0.9868176456266067,-7.839035364813522e-08,1.1964552666298765e-05,58.59375,58.59375,132.68855925450043,169.99277158755189,-37.30421233305145,1.315237603403813,0.7136080874791584,0.6016295159246545,Normal
Train223.csv,3.7681658550557575,13.565397078200727,1.0,0.09044583732542275,0.029790701803408183,0.15072174281582157,0.12593509846525694,0.028138464777508657,0.07962070195044177,0.029590577080351756,0.15810626797300312,0.12134277578254042,0.03274261662195866,1.1228688226415071,0.5804591526970108,2.3186282007663284,1.3268204442427627,0.5299459265919207,2.0722053799514364,0.08503326963793226,1.2248446334421348,1.135944536600312,0.010825135374980976,0.06365197862610134,0.9532878832714848,-0.0073845251571815484,0.8462848015562076,-0.20395162160125557,-0.08325608521140065,0.45318603515625,0.5268096923828125,0.8602445654746461,-0.0736236572265625,0.018968685250225027,0.01669839187032866,0.017833538560276842,2,0,0.010825135374980987,0.0154276755661828,0.03282435627021435,-0.016399561533757642,4.154826511956023e-06,4.6128066575606376e-06,0.9005202905820763,-4.5798014560461463e-07,8.76763316951666e-06,1.1068526137487662e-06,1.4930976034819368e-06,0.7408168055214659,-3.862449897331706e-07,2.599950217230703e-06,8.14244267218022e-07,8.171736835740031e-07,0.9951973322598004,-2.9294163559811466e-09,1.6314179507920252e-06,2.0346236375849786e-05,1.5522715016959433e-05,1.3106551075964625,4.823521358890353e-06,3.586895139280922e-05,3.085969338804768e-07,3.5537702860587517e-07,0.8659282420297651,-4.678009472539835e-08,6.63973962486352e-07,791.015625,791.015625,683.7824884564633,648.2536195732121,35.52886888325122,0.3196784795921843,0.32696086248101563,-0.007282382888831318,Normal
Train224.csv,11.512191746154597,41.44389028615655,1.0,0.48006483237360054,0.2828249379897917,1.28834251757803,0.9247806426380504,0.07193277359059111,0.5745103473701245,0.32552652715740715,1.3491117053925397,1.0631476602135246,0.19603823297664344,1.3986571499024372,0.8565713857702438,4.507161842209155,1.5757877444769064,0.7411723003291412,3.575911782774041,0.5272875898718625,1.4872224471896718,0.8356054838100916,-0.09444551499652398,-0.08955779279926028,0.9549554402893065,-0.06076918781450957,0.8875917884327387,-0.17713059457446922,-0.05955078722702058,6.2030792236328125,8.149337768554688,0.7611757714096048,-1.946258544921875,0.03836776498578996,0.04591604404933214,0.04214190451756105,1,5,-0.09444551499652402,0.1691403017212665,0.10537723692164996,-0.47790728249856224,0.0007987370747631471,0.0009999689431018724,0.7987610830436485,-0.00020123186833872532,0.0017987060178650195,0.00010907993687301573,0.00013401591502280703,0.8139266364581851,-2.4935978149791298e-05,0.00024309585189582277,7.71621293630975e-05,0.00012823278608949053,0.60173010340074,-5.107065672639303e-05,0.00020539491545258802,7.005636658520788e-05,5.8953171126685857e-05,1.1883190832191441,1.110319545852202e-05,0.00012900953771189373,1.168150862461424e-05,1.5031674108602312e-05,0.7770745604023707,-3.3501654839880715e-06,2.6713182733216552e-05,58.59375,58.59375,169.63385487560828,164.23956245838147,5.394292417226808,0.8906436137521356,1.1626089712877672,-0.27196535753563156,Normal
Train225.csv,4.064871827894794,14.633538580421257,1.0,0.2115669267434367,0.10860208266458506,0.5095906450594931,0.3722090643561641,0.07712467648578968,0.2122564889256908,0.10404052895639085,0.5094503692145268,0.3598937697463695,0.07261665249648476,1.3708175926658013,0.40187977298670846,2.277973611403771,1.5063347322856664,0.5610203550099685,2.7593544844775204,0.21191170783456376,1.4385761624757338,0.9967465827201232,-0.0006895621822541054,-0.0016269996648622406,1.0002733839839926,0.00014027584496634216,0.9100345715000506,-0.1355171396198651,-0.04710111847172797,2.4143218994140625,2.6256561279296875,0.9195114905645501,-0.211334228515625,0.041771427576554124,0.04190757360466413,0.041839500590609126,4,3,-0.0006895621822541262,0.07048205834000293,0.08710100783804836,-0.16094234825739895,0.00017735828843956235,0.00014430161717320864,1.22907187626872,3.3056671266353704e-05,0.000321659905612771,2.2509845089166476e-05,2.408362096987674e-05,0.9346148779887433,-1.5737758807102624e-06,4.659346605904321e-05,8.799720179238573e-06,7.478096296382241e-06,1.1765753281576465,1.3216238828563319e-06,1.6277816475620813e-05,3.549651698574134e-06,3.439446514618815e-06,1.0317415729299364,1.1020518395531899e-07,6.98909821319295e-06,6.733477599490993e-07,7.72472978831534e-07,0.8705511095763276,-9.912521888243472e-08,1.4458207387806332e-06,48.828125,48.828125,105.57948442740997,114.6534997697973,-9.07401534238734,0.9277266428303284,0.6940886041215721,0.2336380387087562,Normal
Train226.csv,16.73421686812163,60.24318072523788,1.0,0.511126447031173,0.27855654373316874,1.2634687068763992,0.9008306967593703,0.08465952407628344,0.5166758345472386,0.23769888917742948,1.065007469650275,0.813405097898835,0.18060866872750203,1.2711986560569433,0.5843614331445209,2.786361246408173,1.4394671297124293,0.5203158276769955,2.5826509629428034,0.5139011407892058,1.3553328928846864,0.9892575258944415,-0.005549387516065596,-0.005399270089450703,1.1863461586284796,0.1984612372261243,0.8831030224412804,-0.16826847365548603,-0.06207641401697631,6.052398681640625,5.487060546875,1.1030309446934483,0.565338134765625,0.028821483961321965,0.029134403756841155,0.02897794385908156,2,4,-0.005549387516065658,0.03285953206176564,0.05761379848577641,-0.05076126343718723,0.0006392903065387727,0.000636530355386145,1.004334352313177,2.7599511526276528e-06,0.0012758206619249176,0.00010375219349922912,0.00012543862264120199,0.8271086225760904,-2.168642914197286e-05,0.0002291908161404311,0.00013554042804823856,0.00013051958799026894,1.0384601397776716,5.020840057969614e-06,0.0002660600160385075,0.00014885559335878863,0.0001305683010691874,1.1400504723534632,1.8287292289601237e-05,0.000279423894427976,1.0989030776248902e-05,9.286381010033239e-06,1.1832217031235561,1.7026497662156638e-06,2.027541178628214e-05,58.59375,58.59375,229.88230359079742,219.10814411039397,10.774159480403455,0.39977830363375055,-0.05921972127647068,0.45899802491022124,Normal
Train227.csv,5.51873109480607,19.867431941301852,1.0,0.24663902876043556,0.10373766975684956,0.4298696651987378,0.38180962211058145,0.07836562294358958,0.27965583666545246,0.12379658464579595,0.6007061721658983,0.4650601307373734,0.10400942219179335,1.4203305037984255,0.509859026891995,2.7753123783085343,1.5278307016270187,0.49813684976904693,2.7817027253926425,0.263147432712944,1.4740806027127222,0.8819345584441571,-0.033016807905016904,-0.06273430987016991,0.7156060142395303,-0.17083650696716046,0.9296380630706164,-0.10750019782859321,-0.0364634610778073,2.04315185546875,2.570343017578125,0.7948943182297771,-0.527191162109375,0.03783543532834943,0.04290034864120624,0.04036789198477783,2,5,-0.03301680790501692,0.08826456331270051,0.12648972589632992,-0.1159756157817241,0.00013847974736100465,0.00019846217991560888,0.6977603977719667,-5.998243255460423e-05,0.00033694192727661356,5.049455985332188e-05,7.054090663702212e-05,0.7158093998386641,-2.0046346783700237e-05,0.00012103546649034399,1.7220197975249294e-05,2.5334271342450196e-05,0.679692660184626,-8.114073367200902e-06,4.255446931769949e-05,3.374717217221617e-06,3.4347913646261993e-06,0.9822241396746665,-6.007414740458231e-08,6.809508581847816e-06,1.7861140838702604e-06,1.6969256239228666e-06,1.0519389416738079,8.918845994739374e-08,3.483039707793127e-06,48.828125,58.59375,150.9498724559962,138.20963459694858,12.740237859047625,0.25236134792124965,-0.11115802083267434,0.363519368753924,Normal
Train228.csv,0.0,0.0,0.0,0.07020931103075298,0.02981688543990106,0.1283724744152733,0.11824926393078204,0.018190524606799582,0.05384653443559961,0.025117358246001767,0.12804256438935657,0.08192326514972353,0.016327788427069,1.2991165612942608,0.5830683865622157,3.0100616294668057,1.4292892302197755,0.5113738083321258,2.525786888736905,0.0620279227331763,1.364202895757018,1.3038537746741528,0.016362776595153367,0.13189740988208,1.0025687353166504,0.0003299100259167298,0.9089242575278091,-0.1301726689255147,-0.047710139606154486,0.324249267578125,0.3387451171875,0.9572043814708855,-0.014495849609375,0.07020931103075298,0.05384653443559961,0.0620279227331763,4,0,0.01636277659515336,0.016487684428675247,0.04354501082355587,-0.005757367464382997,4.605132737140014e-07,5.696748468465036e-07,0.8069626272451907,-1.091615731325022e-07,1.030188120560505e-06,3.782242009154457e-07,5.475355984314698e-07,0.6895162355861183,-1.6931139751602413e-07,9.257597993469155e-07,4.106543944205261e-07,5.799162623581969e-07,0.7069080709730827,-1.6926186793767073e-07,9.905706567787229e-07,1.6841000738731117e-07,2.1169596228092458e-07,0.7917875148230534,-4.3285954893613406e-08,3.8010596966823575e-07,2.744511220325101e-07,3.072439368876498e-07,0.8903698960104552,-3.2792814855139696e-08,5.816950589201599e-07,87.890625,87.890625,1004.7247971767008,947.2690189697615,57.45577820693927,0.07749607712828066,0.3021939079234457,-0.22469783079516503,Normal
Train229.csv,0.0,0.0,0.0,0.07061026391443528,0.028778520386404754,0.12621415082500403,0.11785635232365615,0.03262841493996369,0.05242057639706552,0.025556722934752606,0.12724376568014922,0.07608772206991346,0.011988398546705921,1.1913872908384044,0.6090665940926688,2.381438453230815,1.2804727245589742,0.5544240623465408,2.209748568510327,0.0615154201557504,1.2359300076986894,1.3469694878994125,0.01818968751736976,0.14784536646217605,0.9919005324137591,-0.001029614855145189,0.9304269724462693,-0.08908543372056976,-0.036039823099135004,0.28533935546875,0.3147125244140625,0.90666378573974,-0.0293731689453125,0.07061026391443528,0.05242057639706552,0.0615154201557504,4,0,0.018189687517369768,0.013976824514878122,0.04182746709631636,0.002110454954522778,6.944520284199379e-07,6.792006485292747e-07,1.0209517293485055,1.5251379890663198e-08,1.3736526769492126e-06,5.857701450083478e-07,5.399383031379756e-07,1.0828779208466166,4.583184187037224e-08,1.1257084481463235e-06,3.6438311394524637e-07,4.524907814643863e-07,0.8035072130211807,-8.810766751913995e-08,8.168738954096327e-07,1.9223554974662048e-07,1.6769502002204113e-07,1.1395449001488225,2.4540529724579346e-08,3.599305697686616e-07,2.4160764521548305e-07,2.670169094434204e-07,0.9014641864098037,-2.540926422793735e-08,5.086245546589034e-07,87.890625,97.65625,823.8957915608495,878.1645444955492,-54.268752934699705,0.49087689320388783,0.10122935845500303,0.3896475347488848,Normal
Train230.csv,14.92431043380351,53.727517561692636,1.0,0.37476821111607106,0.18544246189287036,0.8922199056322003,0.668449906893756,0.07650839002888514,0.3495356139152138,0.1834823634120532,0.7876493528064488,0.6639109991110234,0.14114094499331928,1.3819390115365215,0.436118638517791,2.358248356373842,1.4681954038440947,0.5104658277095392,2.7463430804260307,0.36215191251564244,1.4250672076903081,1.0721858489107456,0.025232597200857243,0.03483698620917978,1.1327613863856767,0.10457055282575156,0.9412494186188372,-0.0862563923075732,-0.030263962842640667,3.894805908203125,3.49578857421875,1.1141419772308658,0.399017333984375,0.02353434471614718,0.021949811602091928,0.022742078159119553,4,3,0.02523259720085726,0.15453280064421002,0.29403657499878777,-0.28400866159917454,0.00020115044406105888,0.00025592215906400823,0.7859798417490997,-5.477171500294935e-05,0.00045707260312506713,0.0001481286554904542,0.00013894181858519272,1.0661123546995646,9.186836905261485e-06,0.00028707047407564696,6.571099361208655e-05,5.996233534754771e-05,1.0958528779499237,5.748658264538838e-06,0.00012567332895963425,3.5329082322324596e-05,3.440672355353251e-05,1.0267776729651588,9.223587687920887e-07,6.97358058758571e-05,3.4519255834200785e-06,3.1763055156919147e-06,1.0864317473947294,2.7562006772816374e-07,6.628231099111993e-06,107.421875,107.421875,218.62157844642286,202.07313302111413,16.548445425308728,0.4515723661060296,-0.09050553466079636,0.5420779007668259,Normal
Train231.csv,10.918779800476523,39.307607281715484,1.0,0.45802897701809264,0.2086519720739242,1.208774647062005,0.7206748713717226,0.08133098894073114,0.5181590333010287,0.2754706561834487,1.2891035998179121,0.823660947059585,0.1312027028558447,1.4730639942658004,0.48198054675041,2.729261729111172,1.6371540532143203,0.5889609122733568,3.138005131831267,0.4880940051595607,1.5551090237400604,0.883952731939087,-0.060130056282936106,-0.06159673551670006,0.9376854657354774,-0.08032895275590701,0.8997706059506395,-0.1640900589485199,-0.05275836088826753,6.1542510986328125,7.1208953857421875,0.8642523026953685,-0.966644287109375,0.03842918358134113,0.04347416782381635,0.04095167570257874,3,4,-0.06013005628293612,0.16729757743753482,0.12808686787263596,-0.4378259567323398,0.00048150308002194717,0.0009107834712155029,0.5286685217407682,-0.0004292803911935557,0.0013922865512374502,9.485171072619093e-05,8.013131492092325e-05,1.1836886382203382,1.4720395805267679e-05,0.00017498302564711418,6.2969452375233e-05,8.18594777071232e-05,0.7692289874061367,-1.8890025331890194e-05,0.0001448289300823562,2.6941019238566796e-05,3.086086680239721e-05,0.8729549450480466,-3.919847563830417e-06,5.780188604096401e-05,7.040768265329322e-06,1.255524577962461e-05,0.5607383280721204,-5.514477514295287e-06,1.959601404495393e-05,48.828125,58.59375,160.55600634388975,138.45953240527828,22.096473938611467,2.0092944026168613,0.34614806016470645,1.6631463424521549,Normal
Train232.csv,5.073672135547516,18.265219687971058,1.0,0.11014167637179856,0.03115455582447336,0.1819086046405612,0.15173369996548047,0.03981064561869899,0.09466525063599876,0.029686447686064776,0.15915675085780268,0.13606374509606972,0.040131624738520645,1.4512321303756266,0.554323967731942,2.888733213855431,1.64294608802556,0.4666492454025904,2.8008121424930494,0.10240346350389866,1.5470891092005932,1.1634735254838007,0.015476425735799798,0.07556556019050273,1.1429453084134429,0.022751853782758513,0.8833103274918427,-0.19171395764993338,-0.06195955182873833,0.6282806396484375,0.628662109375,0.9993916141716304,-0.0003814697265625,0.0181342808623419,0.015586164106875204,0.016860222484608552,2,0,0.015476425735799791,0.015829307891654775,0.041067067683489805,-0.001951450844596067,3.6748674571008026e-06,5.081057043138551e-06,0.7231062984746225,-1.4061895860377488e-06,8.755924500239354e-06,1.8955735607042428e-06,1.8298980117619116e-06,1.0353244956992949,6.567554894233123e-08,3.7254715724661544e-06,1.9063048964517322e-06,1.7861395643505703e-06,1.066679365438628,1.2016533210116194e-07,3.6924444608023023e-06,4.070265644601195e-05,4.012574251851473e-05,1.0143523717937355,5.769139274972216e-07,8.082839896452669e-05,3.811777689230555e-07,4.903128570879711e-07,0.7758351189551803,-1.0913508816491557e-07,8.714906260110266e-07,791.015625,791.015625,726.1741670305721,714.6803836735012,11.493783357070924,-0.25899301310708145,-0.2885081995511949,0.02951518644411344,Normal
Train233.csv,12.69901563751074,45.71645629503867,1.0,0.33228652218895977,0.281060162811439,1.345192683707208,0.6038364004213405,0.06540804832526977,0.3391766659302449,0.3437984654172246,1.4961488877935247,0.8074189212525288,0.0960838374786076,1.2646900611015832,0.5590935958013682,2.5702929394566127,1.3756886241242756,0.5616507040920288,2.8005939830704634,0.33573159405960235,1.3201893426129294,0.9796827903677409,-0.00689014374128516,-0.010261371884306592,0.8991028871385716,-0.15095620408631683,0.9193135129638333,-0.1109985630226924,-0.04203886419963784,3.4770965576171875,3.4412384033203125,1.0104198371849042,0.035858154296875,0.024256233512070055,0.024759199850937393,0.024507716681503724,3,1,-0.006890143741285125,0.1113548069272219,0.15895597560971686,-0.2652307521141426,0.00039935154127810057,0.0006183567125982932,0.6458260860045798,-0.00021900517132019266,0.0010177082538763938,9.466901073258635e-05,7.875877321107757e-05,1.2019969950760492,1.5910237521508784e-05,0.00017342778394366392,6.552887740857911e-05,8.297958156308483e-05,0.7896893004872676,-1.7450704154505718e-05,0.00014850845897166395,3.831102049365128e-05,4.458679938330653e-05,0.8592265378316641,-6.27577888965525e-06,8.28978198769578e-05,3.3555086217745508e-06,3.166073511959033e-06,1.0594981799771863,1.8943510981551784e-07,6.521582133733584e-06,48.828125,48.828125,172.9658752580014,161.38591564758585,11.579959610415557,-0.005682055167565814,0.22121158841594157,-0.2268936435835074,Normal
Train234.csv,5.4593899002382615,19.653803640857742,1.0,0.2302931533652493,0.0903889892030591,0.4912486128265752,0.3447311440963685,0.07748042274667977,0.22248925253236773,0.10741460950739219,0.5314128009198316,0.35072235187607537,0.09040343066136843,1.3841710711866,0.45855701080428846,2.4828866212942864,1.4890427529710146,0.4715229384417375,2.7507260377430116,0.22639120294880852,1.4366069120788074,1.035070753635584,0.007803900832881572,0.017235394961992452,0.9244182442689033,-0.04016418809325634,0.9295704497767998,-0.10487168178441464,-0.03649977053670587,2.9857635498046875,2.7530670166015625,1.0845222609103455,0.232696533203125,0.035652462062516876,0.034444313777089224,0.03504838791980305,3,2,0.007803900832881577,0.04688168944680861,0.06740983419080418,-0.08898125607707214,0.0001283942474073419,0.00014402248114343575,0.8914813500409118,-1.5628233736093855e-05,0.00027241672855077764,3.88593502984136e-05,4.525087528015555e-05,0.8587345840992078,-6.3915249817419505e-06,8.411022557856915e-05,2.728440963585542e-05,2.236222894042515e-05,1.2200568043434212,4.922180695430269e-06,4.964663857628057e-05,3.6017400443140885e-06,4.117106049546436e-06,0.8746108043309814,-5.153660052323479e-07,7.718846093860524e-06,9.4339282223129e-07,9.649604549960893e-07,0.9766371049165872,-2.1567632764799323e-08,1.9083532772273793e-06,39.0625,39.0625,148.51018524294122,140.66718241027385,7.843002832667366,0.29120036291653184,0.6657096629452384,-0.3745093000287065,Normal
Train235.csv,3.5308010767845284,12.710883876424303,1.0,0.11126045985487654,0.032045668034310935,0.16845504096140831,0.15184454578256665,0.04620228290532246,0.09807337270202157,0.030702999737975793,0.15663052952071266,0.13735886374196535,0.05139493591654932,1.2749285901430596,0.6199209188365029,2.6188202021209177,1.3870026378735605,0.6147019765214718,2.7772128373423173,0.10466691627844905,1.33096561400831,1.1344498750241119,0.013187087152854965,0.06299518810024442,1.0754861519700103,0.011824511440695656,0.9191962842272533,-0.11207404773050089,-0.042102517318409034,1.031494140625,0.9227752685546875,1.117816068504442,0.1087188720703125,0.024556465395262322,0.021645923323480674,0.023101194359371496,2,0,0.013187087152854967,0.007876886835590272,0.02304659395821032,-0.0015730221531356087,1.3459375492596209e-05,1.4555980801754396e-05,0.9245993847140401,-1.0966053091581871e-06,2.8015356294350606e-05,2.953949767598961e-06,2.6924782003381993e-06,1.0967045388479686,2.614715672607619e-07,5.646427967937161e-06,3.511608511629033e-06,2.266213880356199e-06,1.5488651256304626,1.245394631272834e-06,5.777822391985232e-06,7.449875541069667e-06,6.119637124958503e-06,1.2171732107252113,1.3302384161111646e-06,1.356951266602817e-05,4.3882952669106723e-07,4.840403534599788e-07,0.9047278717342341,-4.521082676891157e-08,9.22869880151046e-07,68.359375,68.359375,401.61182930342306,371.0638324674337,30.547996835989352,0.7485927935970831,0.2001194478404753,0.5484733457566078,Normal
Train236.csv,4.687954370856769,16.876635735084367,1.0,0.24511152946227593,0.15573598766554397,0.8149487293387504,0.3351406787911583,0.07214210883174672,0.20676315289714875,0.07108023695367423,0.3600371314807456,0.30379821070222,0.10098535436727578,1.1657064341017163,0.7027626015643319,3.0112425456107204,1.2711164837314728,0.6132582545568869,2.596984787971707,0.22593734117971234,1.2184114589165946,1.185464337158107,0.038348376565127185,0.0848648822279944,2.263506717988655,0.4549115978580048,0.9170721424424803,-0.10541004962975653,-0.04325714667290634,3.23333740234375,2.5875091552734375,1.249594091738768,0.6458282470703125,0.04309308997240692,0.036351056885501054,0.03972207342895399,3,3,0.03834837656512714,0.1097899595108455,0.31501258543401023,-0.05521174279966065,0.00020090508161828153,8.75893607069856e-05,2.2936893968317533,0.00011331572091129592,0.00028849444232526716,5.282916503924486e-05,3.42908817977193e-05,1.5405735197290469,1.853828324152556e-05,8.712004683696416e-05,1.6875701770811672e-05,2.1706483918333497e-05,0.7774139939156631,-4.830782147521825e-06,3.858218568914517e-05,7.5603255098669776e-06,7.569719146543e-06,0.9986271268984046,-9.393636676022568e-09,1.5130044656409978e-05,1.0189840334630444e-06,8.918174758617643e-07,1.1413128226231255,1.2716655760128015e-07,1.9108015093248086e-06,58.59375,29.296875,127.60265230529399,187.09028442722868,-59.487632121934695,2.3580417959144357,0.4217789180858724,1.9362628778285633,Normal
Train237.csv,14.775957447383993,53.19344681058237,1.0,0.3722568479444721,0.2356195389087579,1.1127252227528948,0.7604792781434777,0.07717421861431552,0.45410658790082176,0.300452024041261,1.1748420791827179,0.9316394364682731,0.15293695425256557,1.2548898797991859,0.6677475234593397,3.0311912845548696,1.3950172816045356,0.5717813009074062,2.642245579763038,0.4131817179226469,1.3249535807018606,0.8197547406447963,-0.08184973995634964,-0.09904799433027994,0.9471266779959793,-0.06211685642982312,0.899550849151471,-0.14012740180534977,-0.05288009744878134,4.47235107421875,5.611419677734375,0.7970086954921499,-1.139068603515625,0.023596466280162327,0.02878472444004486,0.026190595360103593,4,3,-0.08184973995634967,0.1677302616446529,0.12839472281706804,-0.30849692231216713,0.00035429093877115266,0.0007711415874582169,0.45943635396787025,-0.0004168506486870642,0.0011254325262293695,0.00010602508938240214,0.00016737173573215056,0.633466907968069,-6.134664634974841e-05,0.0002733968251145527,9.723849701076713e-05,0.00010267962344475403,0.9469994800244375,-5.441126433986901e-06,0.00019991812045552115,5.1527390352002244e-05,4.960866506266836e-05,1.038656283748567,1.9187252893338857e-06,0.0001011360554146706,3.2372249919071505e-06,4.261770144865221e-06,0.7594181440457434,-1.0245451529580705e-06,7.498995136772372e-06,58.59375,58.59375,208.51755594279868,151.6703321878933,56.84722375490537,0.5885375389253689,1.1620082779281526,-0.5734707390027838,Normal
Train238.csv,8.960520379738888,32.25787336706,1.0,0.1733796274781217,0.046052694093045146,0.2916786015430188,0.2306594950323346,0.07616023439324197,0.16021900274450368,0.036609158625232854,0.23770017595417026,0.20577230978036382,0.0790427660532983,1.1104126920695143,0.6395388999819097,2.8565957601981498,1.2721486568492586,0.5203857394834469,2.0698924304245065,0.16679931511131268,1.1912806744593865,1.0821347179390775,0.01316062473361801,0.039450357678260495,1.2270810204121816,0.05397842558884852,0.8728632563716449,-0.16173596477974428,-0.0678832034985953,1.4614105224609375,1.2195587158203125,1.1983099339075405,0.241851806640625,0.017406683673957483,0.016085404841940976,0.01674604425794923,2,0,0.013160624733618011,0.013271643067247683,0.03828648965881301,0.001136218727133792,4.520027511557555e-05,3.6801278236436416e-05,1.2281923098669643,8.398996879139136e-06,8.200155335201197e-05,1.810666643469681e-05,1.1748380590786969e-05,1.541074126826292,6.358285843909842e-06,2.985504702548378e-05,1.5321812248774243e-05,1.3853416662564595e-05,1.1059153641722521,1.4683955862096484e-06,2.9175228911338836e-05,3.801463631320964e-05,3.355558826705403e-05,1.1328516478098738,4.4590480461556084e-06,7.157022458026367e-05,6.480925724080324e-07,7.054017097416069e-07,0.9174561208877833,-5.730913733357446e-08,1.3534942821496394e-06,58.59375,68.359375,395.8999068912999,420.5233065632223,-24.623399671922414,0.11742665511396444,0.014373110696211722,0.10305354441775272,Normal
Train239.csv,0.0,0.0,0.0,0.07178728200957409,0.028499839998239906,0.1270798270987348,0.12038233058059253,0.02641715507376726,0.05498490520898375,0.024279329606798662,0.13630373498860726,0.08135330089387402,0.01907814884418619,1.3941242678808783,0.41574144334024815,2.5951698622299757,1.5218266377099345,0.4815452123512144,2.76587999644621,0.06338609360927891,1.4579754527954063,1.305557883183585,0.016802376800590338,0.13253888435906347,0.9323214421667486,-0.009223907889872457,0.9160855233111512,-0.12770236982905625,-0.04379440195299859,0.34332275390625,0.3620147705078125,0.948364082107967,-0.0186920166015625,0.07178728200957409,0.05498490520898375,0.06338609360927891,3,0,0.016802376800590338,0.017252279977195664,0.04441797664267453,-0.005348428325493183,5.275236002597377e-07,1.022680922696242e-06,0.5153203391446519,-4.951573224365044e-07,1.5502045229559797e-06,5.268609238927527e-07,7.297481187044795e-07,0.7209884095586973,-2.0288719481172673e-07,1.2566090425972323e-06,4.795744707419465e-07,6.844717474332712e-07,0.6996268956929284,-2.048972766913247e-07,1.1640462181752176e-06,1.958999254167469e-07,2.1781419423881727e-07,0.8952797879416298,-2.191426882207037e-08,4.1371411965556414e-07,3.032879125777525e-07,3.297784532436673e-07,0.916891380329226,-2.6490540665914825e-08,6.330663658214198e-07,273.4375,87.890625,944.0724067652178,800.567940502818,143.50446626239977,0.18950873304655502,0.12432083755977485,0.06518789548678017,Normal
Train240.csv,13.055062804917585,46.9982260977033,1.0,0.27597432020454293,0.16027744046763184,0.6968680458406118,0.5188931319888782,0.0713367041685646,0.38515751692071243,0.49483142123198326,2.446072871540337,1.055452872459572,0.10190144248368188,1.3935617891225922,0.4033445350715119,2.350635998727291,1.5772724523080623,0.5257336086151464,2.781196896442547,0.3305659185626277,1.4854171207153273,0.716521401138727,-0.1091831967161695,-0.16514562669571972,0.28489247767557463,-1.749204825699725,0.8835258002240256,-0.18371066318547014,-0.06183805167768282,3.0120849609375,3.3145904541015625,0.9087349082524988,-0.3025054931640625,0.01963522497444729,0.027403471778578856,0.023519348376513073,3,2,-0.10918319671616948,0.3511043569251306,0.11538238253522351,-1.0302387423372703,0.00018405630851956375,0.0011156333271417171,0.16497906530997536,-0.0009315770186221534,0.001299689635661281,3.368992752145019e-05,5.492295813464932e-05,0.613392200155301,-2.1233030613199128e-05,8.861288565609951e-05,6.934963511746872e-05,9.47677114763742e-05,0.7317777569948026,-2.541807635890548e-05,0.00016411734659384293,3.9197862710585625e-05,3.175296057467369e-05,1.2344243678959859,7.444902135911938e-06,7.095082328525932e-05,2.9131329318448944e-06,3.7242339182029443e-06,0.7820000020965642,-8.111009863580499e-07,6.637366850047839e-06,58.59375,58.59375,264.50862526240167,118.89575530698535,145.61286995541633,0.48127505756291145,0.7909643371113022,-0.30968927954839076,Side II
Train241.csv,14.152874904422015,50.950349655919254,1.0,0.5587149347190113,0.2529511526630616,1.1739573352045636,0.8730093544118561,0.07816656914103699,0.5661298119225681,0.16985878346857106,0.855366269596806,0.7893331499787768,0.22461896129551406,1.3911604568362725,0.7118374475826563,2.970390742303368,1.4283896953467508,0.5214996223736481,2.5331661601079154,0.5624223733207897,1.4097750760915115,0.9869007709042146,-0.007414877203556713,-0.0065919058019244916,1.372459967702448,0.31859106560775763,0.9739355355423677,-0.03722923851047821,-0.013203959247787955,6.7691802978515625,6.73828125,1.0045854487397827,0.0308990478515625,0.03687187667311655,0.03736121465355437,0.037116545663335464,4,3,-0.007414877203556672,0.09250444845871007,0.10648377004309695,-0.18637792760023864,0.00088976505509578,0.0007492208814930539,1.187585516486319,0.0001405441736027261,0.0016389859365888338,0.00022000915085222,0.00016101843439300022,1.3663515319228086,5.899071645921978e-05,0.0003810275852452202,0.00018187154107613375,0.0001819583034168169,0.9995176814868207,-8.67623406831464e-08,0.00036382984449295064,7.430965319248819e-05,7.595181306885587e-05,0.9783660432052982,-1.6421598763676875e-06,0.00015026146626134405,1.7077303949835593e-05,9.478451532687886e-06,1.8015075968211998,7.598852417147707e-06,2.6555755482523477e-05,87.890625,58.59375,197.6346707010665,193.95507074529527,3.6795999557712378,0.9846126484021709,0.30054824967651106,0.6840643987256598,Normal
Train242.csv,14.18254550170592,51.05716380614132,1.0,0.38454669732554714,0.2745160326297275,1.0705943745799706,0.9359484498942228,0.07129554196527946,0.30677337337405386,0.12651871124473707,0.7115153175831004,0.4552336942037029,0.15525030767560807,1.4064885758455223,0.6108751801010309,2.8394407854849852,1.4969676339650806,0.6230190817202614,2.6884002702434975,0.3456600353498005,1.4517281049053015,1.2535163647996912,0.07777332395149328,0.11249957110780445,1.5046659480932176,0.35907905699687026,0.9395578129917792,-0.09047905811955825,-0.031162525080044263,3.5381317138671875,3.19366455078125,1.1078591848797918,0.3444671630859375,0.02532820977103867,0.02020566138527855,0.02276693557815861,4,1,0.07777332395149328,0.1363371574686584,0.3363355577464546,-0.051382381464116444,0.00040875237590366976,0.0002204752880453816,1.8539516404572924,0.00018827708785828815,0.0006292276639490513,0.0001694299752223553,6.653460842466488e-05,2.5464556383247454,0.00010289536679769043,0.0002359645836470202,8.490756318149965e-05,6.0196738792687215e-05,1.4104776173389117,2.4710824388812436e-05,0.00014510430197418688,4.085143087726817e-05,3.2841727576868036e-05,1.243850127297005,8.009703300400134e-06,7.36931584541362e-05,3.321513941416675e-06,3.1488263715989877e-06,1.0545069948508086,1.7268756981768724e-07,6.470340313015663e-06,97.65625,97.65625,190.1372825213537,221.43927641446814,-31.301993893114428,-0.033633482173490936,0.3254439547689443,-0.3590774369424352,Normal
Train243.csv,11.423179954302885,41.12344783549039,1.0,0.38631701461015233,0.14878914076310557,0.7929818288541953,0.5521211241010796,0.08081736924798355,0.44140294528518453,0.18837561045678536,0.9486470247130436,0.7644015398883901,0.18326543305580742,1.3457333755958185,0.8654430909771995,4.068258556228391,1.4549544063298492,0.6352669689477611,2.8639412544713214,0.41385997994766843,1.4003438909628338,0.8752006381831469,-0.0550859306750322,-0.06655132990953579,0.835907320941362,-0.1556651958588483,0.9249310114530966,-0.10922103073403067,-0.038997917740411565,4.9892425537109375,6.1687469482421875,0.808793388151423,-1.17950439453125,0.031096467734603474,0.03553059256235763,0.033313530148480555,1,5,-0.055085930675032216,0.08426422496499109,0.0659192222353902,-0.2320379780355734,0.0003705635956024427,0.0004963126258521204,0.746631920423749,-0.00012574903024967769,0.0008668762214545632,3.89044850405432e-05,4.872130330046493e-05,0.7984943733185936,-9.816818259921736e-06,8.762578834100813e-05,4.2012256460396495e-05,4.753334219907415e-05,0.8838295538928229,-5.521085738677656e-06,8.954559865947064e-05,3.584049551412443e-05,3.615277263312339e-05,0.9913348705769106,-3.122771189989582e-07,7.199326814724783e-05,8.405145323426271e-06,6.293189495769112e-06,1.3353816768745401,2.1119558276571597e-06,1.4698334819195383e-05,58.59375,58.59375,192.67972584499196,161.1539270439243,31.52579880106765,0.6173794659726703,0.5365896823431529,0.0807897836295175,Normal
Train244.csv,0.0,0.0,0.0,0.07039987990933116,0.029898652030069913,0.12862550623787627,0.11786096570577528,0.027367717592951712,0.053361821988485235,0.025453513221362162,0.12726993644815876,0.08224567353138873,0.013413300125417183,1.311226979733858,0.5993146312189463,3.0270608339088314,1.3991492624121218,0.49675850223842877,2.5179121507609104,0.0618808509489082,1.35518812107299,1.3192683086460875,0.01703805792084593,0.13766714575214473,1.0106431981057142,0.0013555697897175145,0.9371595138561567,-0.08792228267826374,-0.03243913109624918,0.319671630859375,0.3414154052734375,0.936310106725401,-0.0217437744140625,0.07039987990933116,0.053361821988485235,0.0618808509489082,4,0,0.017038057920845923,0.014529941427694084,0.04228648302610048,0.0004307510964860206,7.270406393549385e-07,8.703377460059554e-07,0.8343958960661959,-1.4329710665101687e-07,1.5973783853608938e-06,6.048810558566883e-07,9.030817283906888e-07,0.6690557245675202,-2.9820067253400055e-07,1.5079627842473771e-06,4.107122224714233e-07,5.151849713456783e-07,0.7956686948880151,-1.0447274887425505e-07,9.258971938171016e-07,1.6141884341843182e-07,2.0044322233864811e-07,0.801311861200617,-3.902437892021629e-08,3.6186206575707997e-07,2.590640423610204e-07,3.2474849796533703e-07,0.7952885246721458,-6.568445560431661e-08,5.838125403263574e-07,87.890625,87.890625,832.2462365156806,790.3406825460944,41.90555396958621,0.5416481545359226,0.1320005317534534,0.40964762278246925,Normal
Train245.csv,0.0,0.0,0.0,0.0711803216142724,0.0286044740885945,0.12672785800323155,0.12060937293392461,0.025640868414188948,0.053640570728613925,0.025598528057897262,0.13508314239202926,0.07409338767969068,0.016381090036343998,1.2184132336957807,0.48874654905034093,2.218613976352056,1.350342870330583,0.5505173425044967,2.326387079951467,0.06241044617144316,1.284378052013182,1.3269619186654953,0.017539750885658477,0.14051822606147246,0.9381401529385527,-0.008355284388797707,0.902298488900828,-0.1319296366348024,-0.05135932721237482,0.313568115234375,0.336456298828125,0.9319700191570442,-0.02288818359375,0.0711803216142724,0.053640570728613925,0.06241044617144316,3,0,0.01753975088565849,0.01631268815856479,0.045321055060626364,-0.0003271999338127912,8.275672671055758e-07,1.1842209497895767e-06,0.698238811297169,-3.5665368268400094e-07,2.0117882168951524e-06,5.62175809986437e-07,7.079080672272593e-07,0.793016522135608,-1.4573225724082232e-07,1.2700838772136964e-06,3.297916972184114e-07,4.87879774461473e-07,0.6745865025438913,-1.5808807724306158e-07,8.176714716798844e-07,1.388396631075249e-07,1.5844350463220344e-07,0.8707765388611691,-1.9603841524678545e-08,2.972831677397283e-07,2.637270724252884e-07,2.9216109846883745e-07,0.8995977767948027,-2.8434026043549024e-08,5.558881708941259e-07,87.890625,87.890625,798.5728112374178,734.1634477224474,64.40936351497044,0.5381530776508039,0.4337152182732278,0.1044378593775761,Normal
Train246.csv,14.152874904422015,50.950349655919254,1.0,0.49502803661849387,0.22441299536454107,1.0691766001816465,0.7973316404650503,0.08277708411903954,0.5657045029107792,0.17046341847317553,0.8834473681767406,0.7869812931644469,0.24085317172495635,1.3188000230185977,0.5858427710901161,2.7175128330701517,1.4957315989302034,0.5547771335117173,2.59259016175872,0.5303662697646365,1.4072658109744005,0.8750631451724938,-0.07067646629228536,-0.06662980254555712,1.210230997866023,0.18572923200490588,0.8817084176421952,-0.1769315759116057,-0.06286357263434278,5.9967041015625,6.6608428955078125,0.9002919443295736,-0.6641387939453125,0.03266891858745771,0.03733314677769111,0.03500103268257441,2,6,-0.07067646629228536,0.1422299390870124,0.2240224327617542,-0.25150298268308025,0.0006336527930030667,0.0007916138270121279,0.800455943194908,-0.00015796103400906117,0.0014252666200151947,0.00012821996625811408,0.0002620897244404627,0.48921977888325036,-0.00013386975818234864,0.0003903096906985768,0.00012584864785402552,0.00015310187393075027,0.8219874952246026,-2.7253226076724756e-05,0.0002789505217847758,5.702973840960134e-05,7.2505006078416e-05,0.7865519216149223,-1.5475267668814654e-05,0.00012953474448801735,7.798577812081736e-06,9.751470714947593e-06,0.7996514975562932,-1.952892902865857e-06,1.755004852702933e-05,48.828125,58.59375,183.68068755342364,180.95445692157233,2.7262306318513083,0.3695973850703935,0.3511372449224899,0.018460140147903648,Normal
Train247.csv,7.625343501963226,27.451236607067614,1.0,0.15599681793361048,0.039744321284592425,0.2294230255449358,0.20502282830047633,0.05704707618496102,0.15166809760132136,0.03610885794946471,0.24418868545506145,0.19075906870022633,0.05920171044623738,1.1536277339367926,0.4808362820138638,2.2884495959443445,1.366127947083756,0.46241401879734034,2.1152635151413635,0.1538324577674659,1.2598778405102742,1.0285339624269738,0.004328720332289121,0.014069547888536411,0.939527912972216,-0.014765659910125656,0.8444501058259656,-0.21250021314696332,-0.08433362425331353,1.0471343994140625,1.15814208984375,0.9041494169389173,-0.1110076904296875,0.018085867293065352,0.017584006662088297,0.017834936977576824,2,0,0.004328720332289085,0.012668413687142515,0.024146690931443143,-0.014008722101027993,2.1156573247811096e-05,2.882113526999332e-05,0.7340390657952803,-7.664562022182225e-06,4.9977708517804417e-05,1.3450303072761601e-05,1.4881548882836613e-05,0.9037634062988527,-1.4312458100750114e-06,2.8331851955598215e-05,1.1588774547349127e-05,9.97811917121231e-06,1.1613023502896265,1.6106553761368166e-06,2.1566893718561437e-05,5.078550215447194e-05,4.058639762785602e-05,1.2512628333583213,1.0199104526615914e-05,9.137189978232797e-05,5.865386569383388e-07,5.968462208977548e-07,0.9810861663682745,-1.0307563959415947e-08,1.1833848778360936e-06,791.015625,58.59375,528.8016711311852,462.88568768261604,65.9159834485692,-0.2329937764588914,-0.09470435957555656,-0.13828941688333485,Normal
Train248.csv,15.07266342022303,54.26158831280291,1.0,0.4349748299868631,0.31321220135958977,1.616283975201321,0.6837599930483343,0.07265583571449218,0.5250489612182838,0.5397612160423866,2.457281773080889,1.2518767540341906,0.10156836859547123,1.5463327395324802,0.6724666380456799,3.819087501040133,1.6131167650886973,0.808378433167295,3.8766137539090337,0.48001189560257346,1.5797247523105886,0.8284446473961875,-0.09007413123142072,-0.0938247970850295,0.6577525358120906,-0.8409977978795682,0.9585987911102418,-0.0667840255562171,-0.02113786098517299,4.1599273681640625,4.6741485595703125,0.8899859354407303,-0.51422119140625,0.02706302114430934,0.03266720315673717,0.029865112150523253,3,3,-0.09007413123142072,0.424031126910235,0.34024299947707004,-1.172455888612396,0.0006422319351320915,0.0017222139234136244,0.3729104459617127,-0.0010799819882815328,0.002364445858545716,0.00011216213926114206,8.600595813199943e-05,1.3041054084135948,2.6156181129142634e-05,0.0001981680973931415,0.00019486432905435437,0.00018922562259261812,1.0297934105914555,5.638706461736254e-06,0.0003840899516469725,7.487605403852233e-05,8.691571338514409e-05,0.8614689985657031,-1.203965934662176e-05,0.00016179176742366644,6.476263907161173e-06,8.612630319505559e-06,0.7518623004397668,-2.136366412344386e-06,1.5088894226666732e-05,58.59375,58.59375,220.42617597909577,145.70632601169856,74.71984996739721,-0.12378658461879377,-0.2786043677429437,0.15481778312414995,Side II
Train249.csv,0.0,0.0,0.0,0.07030108568004076,0.029599791209845808,0.12760248637228422,0.11834366965599499,0.01764032168672444,0.05373589665996936,0.025420628898138536,0.1272697022817041,0.08231304792994092,0.015401190989130255,1.2854338850404212,0.6264175768153514,2.9881601022335325,1.4313883012746471,0.5573553737228945,2.5727456324920857,0.06201849117000506,1.3584110931575342,1.3082461036945343,0.016565189020071397,0.133549326646279,1.0026069164751346,0.00033278409058012937,0.8980323409541674,-0.1459544162342259,-0.05372245679049488,0.287628173828125,0.3429412841796875,0.8387072317901161,-0.0553131103515625,0.07030108568004076,0.05373589665996936,0.06201849117000506,4,0,0.016565189020071397,0.016816933569243634,0.04658625402570666,-0.005560735221888803,8.492855705811214e-07,1.1118064793976654e-06,0.7631925103822351,-2.6252090881654406e-07,1.961092049978787e-06,5.089016316261352e-07,6.157441668659958e-07,0.8251421885546715,-1.0684253523986057e-07,1.124645798492131e-06,3.833444742466939e-07,4.1782238933685055e-07,0.915291264284292,-3.4477915090156634e-08,8.011668635835445e-07,1.335081547155042e-07,1.9606203799787228e-07,0.6774930172849715,-6.255388328236809e-08,3.295701927133765e-07,2.8036136717077337e-07,3.4834156875472703e-07,0.802542245888909,-6.798020158395366e-08,6.287029359255003e-07,87.890625,87.890625,850.7901916745037,830.0693461018741,20.720845572629628,0.6989895168036582,0.5282272996141608,0.17076221718949736,Normal
Train250.csv,1.8989182261698305,6.83610561421139,1.0,0.198738458382057,0.09116834790140839,0.4615661569035942,0.31398204465288904,0.06431761860103054,0.1921097744782168,0.0902875563591427,0.3717641296523387,0.35740348405181804,0.05452335792423098,1.3984377187806345,0.4256106415160301,2.3476464244363986,1.4652493975307044,0.57908360646443,2.670467440963245,0.1954241164301369,1.4318435581556694,1.0344992826240034,0.0066286839038401935,0.01695969531609624,1.2415531207438262,0.08980202725125552,0.9544018695625914,-0.06681167875006988,-0.023330640780857347,1.393890380859375,1.4949798583984375,0.9323800856906221,-0.1010894775390625,0.06855607605207906,0.06626947001952521,0.06741277303580213,4,3,0.006628683903840218,0.04903931353951788,0.08169381611052703,-0.05157511550022578,8.074861103392049e-05,0.00010255375550750049,0.7873707136673425,-2.1805144473580003e-05,0.00018330236654142098,4.7533539231988035e-05,3.590140428586914e-05,1.3239653493261119,1.1632134946118895e-05,8.343494351785717e-05,4.835434697903501e-06,6.226458387777374e-06,0.7764700134157465,-1.3910236898738735e-06,1.1061893085680875e-05,7.225162393516717e-07,8.098428840226152e-07,0.8910681139202302,-8.732664467094356e-08,1.532359123374287e-06,4.281175419014319e-07,4.689234236843218e-07,0.9110368207332146,-4.080588178288989e-08,8.970409655857537e-07,58.59375,58.59375,132.5481831094812,118.4723036127197,14.075879496761488,0.1672503344536369,-0.06857146457215135,0.23582179902578826,Normal
Train251.csv,13.945180723434692,50.20265060436489,1.0,0.6165007358855198,0.4442284802843694,2.010438029928467,1.183039870572421,0.07229520862341611,0.6588239896779969,0.5339438002308852,2.248158913611888,1.2464869382626649,0.09271623956350035,1.373693470489143,0.5713507993035346,2.955773760197323,1.5048376728686454,0.6487222087880757,2.769630129061894,0.6376623627817584,1.4392655716788942,0.9357579714558744,-0.042323253792477145,-0.03318623073628986,0.8942593530628798,-0.23772088368342104,0.9128509887843973,-0.13114420237950242,-0.04555940175346577,8.02154541015625,9.2987060546875,0.8626516958734141,-1.27716064453125,0.04125080501159948,0.04408270477752954,0.042666754894564514,4,4,-0.042323253792477096,0.3074374638807905,0.4401466596460626,-0.4996949222011565,0.0010828678501582513,0.0009934475294368767,1.0900090121146597,8.942032072137458e-05,0.002076315379595128,0.0003152604768583286,0.0003092158344211354,1.0195449980868831,6.044642437193204e-06,0.0006244763112794639,0.0002275741672522113,0.00027295582228742616,0.8337368721730409,-4.538165503521486e-05,0.0005005299895396375,0.00013020705764481898,0.00013119870427131703,0.9924340787808082,-9.916466264980515e-07,0.000261405761916136,1.3343144123879407e-05,1.3141528624180894e-05,1.0152646043569882,2.0161549969851282e-07,2.6484672748060303e-05,58.59375,68.359375,187.7430377527626,204.61817878959909,-16.87514103683648,0.8710333725051131,1.9962711880827095,-1.1252378155775964,Normal
Train252.csv,0.0,0.0,0.0,0.07040857146567314,0.02864631568743843,0.12647880565499842,0.11834065595624996,0.032474374205071085,0.05239809772780935,0.025816918837671392,0.1277673288002907,0.07476076589940109,0.011673522138486603,1.1463966338650997,0.5865146173917941,2.306543094598344,1.2546407177169454,0.5706271619317362,1.9538743641481164,0.061403334596741244,1.2005186757910224,1.3436981650221387,0.01801047373786379,0.14665593652370712,0.9899073333947422,-0.0012885231452922918,0.9137243068492751,-0.1082440838518457,-0.04508219695055001,0.2773284912109375,0.304412841796875,0.9110245761951566,-0.0270843505859375,0.07040857146567314,0.05239809772780935,0.061403334596741244,4,0,0.018010473737863786,0.01473341186438388,0.04511441234010537,0.0029566816196313836,6.66003438186947e-07,9.301958635116959e-07,0.7152130548296641,-2.6419242532474893e-07,1.596199301698643e-06,4.6165779794691155e-07,5.407261055933342e-07,0.8521978047213978,-7.906830764642265e-08,1.0023839035402457e-06,3.4343329428329206e-07,3.9331074271466744e-07,0.8709711835870738,-4.987744843137538e-08,7.367440369979595e-07,1.715364981806947e-07,1.8002991860314423e-07,0.947558831735095,-8.49342042244954e-09,3.5156641678383893e-07,2.281743485241393e-07,2.673245085604707e-07,0.8503671533706246,-3.9150160036331415e-08,4.954988570846101e-07,87.890625,87.890625,865.6220507910859,818.7993706529595,46.82268013812643,-0.054655832636622215,0.2852518885236188,-0.33990772116024104,Normal
Train253.csv,2.3439771854283844,8.438317867542183,1.0,0.1949603879412215,0.06643042317978014,0.37876738136998117,0.2721088702856482,0.07827686807699318,0.1826565752939787,0.06675085750051675,0.3693902922303228,0.2615919806824467,0.07826001897783876,1.2465869055404255,0.5440962468418702,2.9715848889431644,1.401553967410086,0.5622679477843894,2.6267951719310703,0.1888084816176001,1.3240704364752558,1.0673545163809495,0.012303812647242812,0.03258269956712667,1.0253825396994258,0.009377089139658346,0.8894313348580086,-0.15496706186966058,-0.05851916902661982,1.6147613525390625,1.617431640625,0.9983484393607235,-0.0026702880859375,0.058301949185172404,0.05462255427157744,0.05646225172837492,4,2,0.012303812647242805,0.05529962131226437,0.0658616981368142,-0.08705402026958631,8.456924335958771e-05,8.287390196648512e-05,1.0204445658806063,1.6953413931025929e-06,0.00016744314532607282,4.465404155799957e-05,3.950674516590243e-05,1.130260443122902,5.147296392097141e-06,8.4160786723902e-05,5.8926354786682305e-06,8.302574314291824e-06,0.7096504776895933,-2.4099388356235932e-06,1.4195209792960055e-05,4.885790201118705e-07,5.291036909069803e-07,0.9216668898794815,-4.052467079510982e-08,1.0176827110188508e-06,3.0931593211779823e-07,3.6412524088099347e-07,0.8471502308946497,-5.4809308763195244e-08,6.734411729987916e-07,48.828125,48.828125,125.86400431160804,130.23819672605126,-4.374192414443215,0.1753518245953738,0.09667177411344463,0.07868005048192916,Normal
Train254.csv,2.3143065881444813,8.331503717320134,1.0,0.18421404836531324,0.06892165937485421,0.32655665835033576,0.2792461822889047,0.07739459976780873,0.1731810427604213,0.06370174896619576,0.34231382241793745,0.23977995945887817,0.08487100335600618,1.3744320745120446,0.4788459872219946,2.537349017119166,1.4903720918111907,0.4815820320581965,2.762630600776482,0.17869754556286727,1.4324020831616178,1.0637017870273857,0.011033005604891954,0.030870526787632,0.9539658728293037,-0.015757164067601692,0.9222067159316145,-0.11594001729914605,-0.04047047201047408,1.3996124267578125,1.4400482177734375,0.9719198548795803,-0.040435791015625,0.055581474877508454,0.052252571738505615,0.05391702330800703,4,2,0.011033005604891974,0.040907748696010875,0.058730551811408266,-0.05448597705576458,8.918635384469735e-05,9.238271527412106e-05,0.9653904216783609,-3.196361429423704e-06,0.0001815690691188184,4.6786964267105016e-05,3.257122141146105e-05,1.436406920979675,1.4215742855643967e-05,7.935818567856606e-05,4.828781758360037e-06,6.583160970220699e-06,0.7333936366683601,-1.7543792118606623e-06,1.1411942728580736e-05,5.155551760752626e-07,5.544670912516957e-07,0.9281471111339915,-3.891191517643313e-08,1.0700222673269584e-06,3.2831690124451046e-07,3.7118662010755476e-07,0.882129779812163,-4.28697188630443e-08,6.995035213520652e-07,48.828125,48.828125,120.45043772458689,117.35681032145543,3.093627403131464,-0.004236282241685707,0.26542167897174096,-0.26965796121342667,Normal
Train255.csv,18.603464497007558,66.9724721892272,1.0,0.7316336500307443,0.3137508371386227,1.4013722436262093,1.133374259725255,0.07714747174781211,0.7801255670523363,0.28662966671386886,1.3321151259518922,1.1678545343116078,0.23552773241288924,1.566106518741755,0.6772930068347457,3.5884315838790344,1.7317407428213394,0.44462057978249836,2.750193591781391,0.7558796085415402,1.6489236307815474,0.9378396800344594,-0.048491917021591946,-0.032076460587881064,1.0519895498035718,0.06925711767431708,0.9043533917420431,-0.16563422407958428,-0.05022493788148941,9.914779663085938,10.885238647460938,0.910846245392368,-0.970458984375,0.037321650473691896,0.039795290631991165,0.03855847055284153,3,3,-0.04849191702159203,0.16927941318599435,0.13055742404839277,-0.35466861687383666,0.0017765835127607889,0.0016700064627370866,1.0638177088436644,0.00010657705002370225,0.0034465899754978755,0.0002241362147109174,0.00024621432874878234,0.9103259973695924,-2.2078114037864954e-05,0.00047035054345969974,0.0002503791147360771,0.00024754659982462705,1.0114382644528002,2.832514911450042e-06,0.0004979257145607042,0.00025949582848538343,0.00028729901465730605,0.9032224686619397,-2.7803186171922623e-05,0.0005467948431426895,1.7533746846060063e-05,1.87402645240976e-05,0.9355690392990876,-1.2065176780375373e-06,3.627401137015766e-05,58.59375,58.59375,187.73665937828653,198.70321672390108,-10.966557345614547,0.707465504423046,1.2666785035725665,-0.5592129991495205,Normal
Train256.csv,15.72541656046891,56.611499617688075,1.0,0.3213504323661213,0.1164113409197185,0.623944308856235,0.46854160558498026,0.07826753964541108,0.3517799844516888,0.14572275993838132,0.9016920766816756,0.46817676443215717,0.22699587578535,1.3456081898925578,0.6130075990414404,2.983155235954104,1.507895158649827,0.5644169429822836,2.813503163300338,0.336565208408905,1.4267516742711925,0.9134957447088884,-0.03042955208556747,-0.04520596027061316,0.691969723392371,-0.27774776782544064,0.8923745724622164,-0.16228696875726922,-0.056872865408517055,2.9010772705078125,3.653717041015625,0.7940068822884316,-0.7526397705078125,0.01921329918476554,0.021032659077869113,0.020122979131317324,2,3,-0.03042955208556751,0.09244882571616592,0.04338347758009409,-0.26632592787513876,0.0001773330668683975,0.00025814736994501025,0.6869424234837209,-8.081430307661276e-05,0.00043548043681340774,7.305713493407687e-05,3.349408352222335e-05,2.1811301018433,3.9563051411853514e-05,0.00010655121845630023,7.933967673550319e-05,6.416274368464585e-05,1.236518821679803,1.517693305085734e-05,0.00014350242042014905,2.8866707144738285e-05,3.0244302805354806e-05,0.954419512031718,-1.3775956606165215e-06,5.911100995009309e-05,2.179110020441007e-06,2.8893562364325135e-06,0.7539243754709702,-7.102462159915067e-07,5.06846625687352e-06,48.828125,58.59375,244.11286187073387,211.59444322275928,32.518418647974585,-0.07625379504918417,1.0364865780087147,-1.1127403730578989,Normal
Train257.csv,0.0,0.0,0.0,0.07096344528758328,0.029045025041153093,0.1266462872867237,0.12032984631270406,0.025356563315878173,0.053839119384964156,0.025998915621595117,0.1351480999732945,0.07506101937889038,0.015701108584778835,1.2084707231770198,0.5106056740901179,2.2011140919017067,1.362768042576396,0.5783469413377221,2.312573289998576,0.06240128233627372,1.2856193828767077,1.3180402662220159,0.01712432590261912,0.13721023071375374,0.9370856876719789,-0.008501812686570798,0.8867758845565893,-0.1542973193993762,-0.060008919220399706,0.304412841796875,0.327301025390625,0.9300670884439763,-0.02288818359375,0.07096344528758328,0.053839119384964156,0.06240128233627372,3,0,0.017124325902619118,0.0165099952450061,0.046575571459476627,-0.0014780135505025674,5.980343797653128e-07,9.973202413484884e-07,0.5990406234351349,-3.992858615831756e-07,1.5953546211138012e-06,3.053668684325921e-07,7.937244674664832e-07,0.3842424399063449,-4.883575990338912e-07,1.0990913358990753e-06,4.619557703326875e-07,5.337879908201749e-07,0.863811039631259,-7.183222048748745e-08,9.957437611528624e-07,1.4704549391243503e-07,2.1353347032736955e-07,0.6854198260441574,-6.648797641493452e-08,3.605789642398046e-07,3.0390074844852314e-07,3.0192453910785333e-07,1.003222615584544,1.9762093406698034e-09,6.058252875563765e-07,87.890625,87.890625,947.42028804846,766.1756753855888,181.2446126628712,0.14081617513688593,0.02636109962697164,0.1144550755099143,Normal
Train258.csv,14.09353370985421,50.736721355475154,1.0,0.44979900087706565,0.2148759304319362,1.0128306240518752,0.7755079931809823,0.07458016587747104,0.48856559449405224,0.1932708361092181,0.9107688593941907,0.7229762969742742,0.16068186224740263,1.62198721619069,0.5692676849520409,3.0918645218794434,1.678707041111621,0.43002252412111425,2.6956048889789717,0.46918229768555897,1.6503471286511555,0.9206503390655816,-0.03876659361698659,-0.04131288892966566,1.1120598838498799,0.10206176465768446,0.9662116201675123,-0.05671982492093086,-0.017184205295974066,5.001068115234375,5.2173614501953125,0.9585433565281936,-0.2162933349609375,0.029800774922800387,0.03236919888250419,0.03108498690265229,4,4,-0.03876659361698653,0.13898675742898892,0.1921443372788078,-0.21868811757222673,0.00047319343060463735,0.00047228374006188405,1.0019240311313768,9.096905427532966e-07,0.0009454771706665214,0.0001621148206463793,0.00013918061444305056,1.1647718076492954,2.2934206203328725e-05,0.00030129543508942985,0.0001315158981712389,0.0001450095864901478,0.9069399783454725,-1.3493688318908897e-05,0.00027652548466138667,4.2861227122414295e-05,4.1558247591446874e-05,1.0313282748467125,1.302979530967421e-06,8.441947471386118e-05,1.3789853112235013e-05,6.9987047179532344e-06,1.9700621194585575,6.791148394281778e-06,2.078855783018825e-05,58.59375,48.828125,215.49095628179316,199.55192109677907,15.939035185014092,0.11708275234572385,0.31972907222550884,-0.202646319879785,Normal
Train259.csv,4.480260189869444,16.12893668353,1.0,0.21659017427663227,0.08666548818954635,0.38924168746172216,0.3209566545108387,0.07428748311108868,0.20965178482017527,0.10082264016678766,0.5942530257966872,0.33470554766853683,0.08847032739761741,1.2361372153383594,0.6171369048658081,3.0315934384840295,1.3920766578763188,0.5398637518554683,2.5572378890345298,0.21312097954840376,1.314106936607339,1.0330898989126587,0.006938389456457,0.016278015409707136,0.6550089196953861,-0.205011338334965,0.8879800694626089,-0.15593944253795944,-0.059332836187485485,2.9476165771484375,2.9216766357421875,1.0088780983531267,0.02593994140625,0.03952187793510441,0.03825580858509745,0.038888843260100926,3,3,0.006938389456457025,0.049551001808978624,0.07575202159203062,-0.06201575548370197,0.00013185513803496129,0.0001196384874201688,1.1021038361013002,1.221665061479249e-05,0.00025149362545513006,2.713196225702284e-05,2.5601057435566412e-05,1.0597571044946992,1.5309048214564284e-06,5.273301969258925e-05,1.08962369558072e-05,1.1780141871824914e-05,0.9248880180168273,-8.839049160177137e-07,2.2676378827632113e-05,4.136902326820421e-06,5.120491721081338e-06,0.807753395322675,-9.835893942609171e-07,9.25739404790176e-06,7.11579978851911e-07,7.210714567224198e-07,0.9854703052269495,-9.491477870508755e-09,1.4326514355743307e-06,48.828125,58.59375,120.47466603020807,134.77153682905794,-14.296870798849866,0.7884956734973905,1.5794183595234301,-0.7909226860260397,Normal
Train260.csv,8.871508587887178,31.93743091639384,1.0,0.20440627108702697,0.09486003487785816,0.5282481174182699,0.25214448201602885,0.07578993678692171,0.20931787307801272,0.16364097314556375,1.0678907897556151,0.2601901154001287,0.07079067815846761,1.4907377661448042,0.4508207551679705,2.6060837158608265,1.6244985331009456,0.4309652565546523,2.794176064822085,0.20686207208251983,1.557618149622875,0.9765305348784539,-0.004911601990985753,-0.011871654551956504,0.49466446177955775,-0.5396426723373452,0.9176597073556503,-0.13376076695614136,-0.04293758520050047,1.869964599609375,2.0030975341796875,0.9335360031977489,-0.1331329345703125,0.02070669029633864,0.02120424362846181,0.020955466962400224,2,2,-0.0049116019909857134,0.051379382704578716,0.07651545133437326,-0.11590662950665298,9.827348396217539e-05,0.00011956073673363455,0.8219476117272688,-2.128725277145916e-05,0.00021783422069580994,2.0182678317702637e-05,3.442348083303077e-05,0.5862885315713192,-1.4240802515328136e-05,5.460615915073341e-05,1.8040311673229817e-05,4.176530386133917e-05,0.4319345981181918,-2.3724992188109354e-05,5.980561553456899e-05,4.184330529344144e-05,4.2921995232898214e-05,0.9748458854374344,-1.0786899394567748e-06,8.476530052633965e-05,9.690343564857896e-07,1.0810610258003772e-06,0.8955450139875574,-1.1202666931458763e-07,2.0500953822861667e-06,58.59375,68.359375,307.80085299216165,304.20180056869395,3.599052423467697,0.871317142903568,1.8199854151817094,-0.9486682722781414,Normal
Train261.csv,12.669345040226839,45.60964214481662,1.0,0.267540721454423,0.11580904544784403,0.6836101639003186,0.3498335771583671,0.07710255091191424,0.3076811308490196,0.19075040939871366,0.9273277917660253,0.5481748920842725,0.13226587339446644,1.2077703638034418,0.6230578151876949,2.9518798191064333,1.2961166328970977,0.5169600015678726,2.498130734298458,0.2876109261517213,1.2519434983502697,0.8695361044080454,-0.04014040939459662,-0.06978236214687396,0.7371820760557174,-0.24371762786570672,0.9318369977760577,-0.08834626909365584,-0.035283634575537244,2.6630401611328125,3.1620025634765625,0.8422002403453495,-0.49896240234375,0.019572314596426575,0.022508842226424165,0.02104057841142537,1,2,-0.04014040939459658,0.09412425365529678,0.025280913044299302,-0.27962059734988376,0.00016251554357302528,0.0003938838798483279,0.41259655266687223,-0.00023136833627530263,0.0005563994234213532,1.947403559722847e-05,2.343450969133284e-05,0.8309627507026467,-3.96047409410437e-06,4.290854528856131e-05,5.22639560086884e-05,6.553728228089083e-05,0.7974569089969442,-1.3273326272202432e-05,0.00011780123828957924,3.657737390037935e-05,4.9635816037077695e-05,0.7369000838622847,-1.3058442136698343e-05,8.621318993745705e-05,2.492575108489062e-06,2.253323645313987e-06,1.1056864499781667,2.3925146317507513e-07,4.745898753803049e-06,58.59375,58.59375,256.1730901845087,190.2714825054779,65.90160767903077,0.3231950995661763,1.0755068398738477,-0.7523117403076713,Normal
Train262.csv,14.123204307138113,50.84353550569721,1.0,0.42961112902048215,0.20252193122917742,0.9822024257665494,0.6670676824289312,0.07183970123603776,0.48669257493869844,0.19768889626994823,1.0518830347915922,0.6562500675944856,0.13475274287034925,1.39866843781649,0.6487598730047367,3.4984625181229556,1.55522691773227,0.6304539611518367,2.7815876712909433,0.4581518519795903,1.47694767777438,0.8827137877762079,-0.05708144591821629,-0.062295266707218765,0.9337554267197823,-0.0696806090250428,0.899333417224104,-0.15655847991577998,-0.05300066795562816,4.7985076904296875,5.4218292236328125,0.8850346640353711,-0.623321533203125,0.028407414215630665,0.03218184222433475,0.030294628219982706,3,5,-0.05708144591821625,0.1752183229855781,0.18031914374822305,-0.26578183502603303,0.00041255331082931375,0.0005102657249411529,0.808505220239262,-9.771241411183913e-05,0.0009228190357704666,0.00012501219496551585,0.000123093177957341,1.015581703700394,1.9190170081748365e-06,0.00024810537292285686,0.00012345288777949426,0.00011310921851949366,1.0914388584460044,1.0343669260000601e-05,0.0002365621062989879,5.36498837304748e-05,5.1829341831986966e-05,1.0351057283084502,1.8205418984878333e-06,0.00010547922556246176,1.1378411766099064e-05,6.9845358152448355e-06,1.6288531140685683,4.393875950854228e-06,1.83629475813439e-05,58.59375,58.59375,227.43487405084096,189.58265522264165,37.85221882819931,0.26696699008295477,0.38176862818821933,-0.11480163810526456,Normal
Train263.csv,19.434241220956856,69.96326839544469,1.0,0.7040188808556396,0.27388935332775194,1.2729596195008217,1.1421274645964172,0.07484274112921371,0.705112658125886,0.2425884181735981,1.162093731430291,1.07150869459991,0.09351064007442632,1.2668574110448247,0.7227359026111407,3.3836570923186757,1.4564129636588843,0.6013470529918361,2.584315468357336,0.7045657694907628,1.3616351873518546,0.998447374749262,-0.0010937772702463988,-0.0007762060984248827,1.0954009041363433,0.11086588807053066,0.8698470645407402,-0.18955555261405954,-0.06960582568995097,6.66656494140625,6.6524505615234375,1.0021215306496092,0.0141143798828125,0.03445290056249385,0.03450642725127174,0.0344796639068828,4,4,-0.0010937772702463572,0.3089620772937969,0.45445738048802253,-0.385077127069965,0.0007064238230725508,0.000643783118755446,1.0972992381952493,6.264070431710484e-05,0.0013502069418279967,0.00022692471730389964,0.00018782301051139096,1.2081773607434356,3.910170679250868e-05,0.0004147477278152906,0.0005994156448355213,0.0005057169903037368,1.1852764907088023,9.369865453178448e-05,0.001105132635139258,0.00028541153381435655,0.00029551817719506123,0.965796996740983,-1.0106643380704684e-05,0.0005809297110094178,3.1905688475628735e-05,2.9884091688018997e-05,1.0676121997115973,2.0215967876097372e-06,6.178978016364773e-05,78.125,78.125,342.4238783867354,346.5753627173786,-4.1514843306432,0.08790590559412603,-0.009059115885155844,0.09696502147928188,Normal
Train264.csv,3.7681658550557575,13.565397078200727,1.0,0.10000882134621718,0.06549744731845698,0.4262954336994287,0.1370891538081422,0.02816598872397799,0.09153145169444973,0.09301303171027409,0.5848271084699959,0.11828854320493562,0.021533216965167037,1.189959772331586,0.6309287626720059,2.9288096066269302,1.286780913018403,0.5225854224396026,2.4818938959651686,0.09577013652033345,1.2383703426749944,1.092605076067043,0.008477369651767444,0.04425870997509544,0.7289243241312151,-0.15853167477056718,0.9247563711400782,-0.09682114068681691,-0.039092143221684056,0.7472991943359375,0.852203369140625,0.8769013882075313,-0.1049041748046875,0.020974274886050016,0.019196364907776344,0.02008531989691318,4,1,0.008477369651767444,0.024332829643810665,0.04146096464882087,-0.040945331220474085,1.5418514280805283e-05,3.222842001505837e-05,0.4783987510045597,-1.6809905734253085e-05,4.7646934295863654e-05,1.3560732223041817e-06,2.205203986591007e-06,0.6146635717033425,-8.491307642868253e-07,3.561277208895189e-06,1.1065382176784602e-06,1.1536555173057293e-06,0.958327571378565,-4.7117299627269095e-08,2.2601937349841895e-06,1.753418677909729e-05,1.4588724099485262e-05,1.201817571020134,2.9454626796120286e-06,3.212291087858255e-05,3.1814146609615564e-07,3.4332202964801317e-07,0.9239648895581241,-2.5180563551857525e-08,6.614634957441688e-07,58.59375,58.59375,472.84687580008165,314.6574931633559,158.18938263672572,5.957805502138523,10.402348134078569,-4.444542631940045,Normal
Train265.csv,13.796827737015175,49.66857985325463,1.0,0.40102879322992135,0.37304813205001414,1.556250663358861,0.9901162712310083,0.09502144759657845,0.33596535324836874,0.15377253236379565,0.8106757555610786,0.5899819889665439,0.15726271503938025,1.3637570851140164,0.5793585633131306,2.839115532194478,1.4421402832645658,0.5784396342156654,2.244415621595716,0.36849707323914505,1.402948684189291,1.1936576069373654,0.06506343998155262,0.08828204675764335,1.9196932102509368,0.7455749077977825,0.9456473515735494,-0.0783831981505494,-0.027935152261357187,4.10308837890625,3.553009033203125,1.1548203749954558,0.550079345703125,0.02710234925738327,0.022705228392159403,0.024903788824771338,2,3,0.06506343998155259,0.15433983549893746,0.4563203987395277,-0.029690649275653735,0.0006692847806907522,0.0002284717242453311,2.929385916421615,0.0004408130564454211,0.0008977565049360833,0.00011568351673654995,8.107817410577886e-05,1.42679693043771,3.4605342630771084e-05,0.00019676169084232881,8.525909215240493e-05,7.756865945784316e-05,1.099129385745734,7.69043269456177e-06,0.0001628277516102481,5.25811792159764e-05,4.6487313291881306e-05,1.1310623142173486,6.093865924095094e-06,9.90684925078577e-05,4.254206185545712e-06,3.3413702357613907e-06,1.2728111745456006,9.12835949784321e-07,7.5955764213071025e-06,97.65625,97.65625,174.0166390196237,250.8367427650238,-76.8201037454001,0.766233749065421,0.225559432056738,0.540674317008683,Side II
Train266.csv,5.044001538263612,18.158405537749005,1.0,0.11668221332154236,0.0341991493702913,0.17705473014354003,0.16386358128216322,0.04025859659217181,0.10796316591021488,0.038930781415325265,0.19103005477603754,0.15199305505983635,0.024008471781860982,1.401975059934846,0.5499454139162591,2.9613257483233935,1.4759891639217089,0.611531130517443,2.7475097825463677,0.11232268961587862,1.4389821119282775,1.0807494536527757,0.00871904741132748,0.038812321129522605,0.9268374210209791,-0.01397532463249751,0.9498539314176698,-0.07401410398686292,-0.0257175115853839,0.8129119873046875,0.795745849609375,1.0215711035535218,0.0171661376953125,0.019305457250936457,0.017862862083458657,0.018584159667197557,3,1,0.008719047411327473,0.02223488419003305,0.032103382306136435,-0.041657786989670875,9.1077385221397e-06,1.2927626802782668e-05,0.7044629457615261,-3.819888280642969e-06,2.2035365324922367e-05,2.5786533371559464e-06,3.1681770367847e-06,0.8136665472535825,-5.895236996287535e-07,5.746830373940646e-06,1.8843067050413534e-06,2.0061135940540802e-06,0.9388141810326367,-1.2180688901272682e-07,3.890420299095434e-06,4.4228242646418716e-05,3.633410924273479e-05,1.2172315858734388,7.894133403683929e-06,8.056235188915351e-05,4.991918893489956e-07,4.551897929264246e-07,1.0942636093339917,4.400209642257103e-08,9.543816822754201e-07,781.25,781.25,664.0100448559111,602.0996645355533,61.91038032035783,-0.09170077619590655,-0.005986680669733513,-0.08571409552617304,Normal
Train267.csv,17.743017175774355,63.87486183278768,1.0,0.6626187091581905,0.26040504473907367,1.3284407184304299,1.0429184751883929,0.06751945021108322,0.8285927565039508,0.3601987858204898,1.791474057996688,1.3668983018582719,0.10512146463697647,1.3549740290331829,0.509630624054898,2.3743659038826346,1.9313812778945851,1.123294877696367,5.885398702819101,0.7456057328310707,1.643177653463884,0.7996906855223583,-0.16597404734576027,-0.11130140819474911,0.7415345876575894,-0.46303333956625803,0.7015566232233686,-0.5764072488614023,-0.17539402153269662,6.9011688232421875,7.38372802734375,0.9346454613496075,-0.4825592041015625,0.03535283049383509,0.044208077532731496,0.0397804540132833,3,5,-0.16597404734576043,0.420978458004378,0.3734626917345565,-0.7673919809801704,0.0008122505182176807,0.0019077423238312106,0.42576509537272816,-0.00109549180561353,0.002719992842048891,0.0002567152122107413,0.00020836429281317304,1.2320440162792388,4.835091939756826e-05,0.00046507950502391437,0.0005151809425118949,0.00043556273549249776,1.1827911750489808,7.961820701939712e-05,0.0009507436780043926,0.00025553816532100654,0.00016961014814261804,1.5066118478611825,8.59280171783885e-05,0.0004251483134636246,1.6820529575547983e-05,2.550885973391832e-05,0.6593736598709375,-8.688330158370338e-06,4.2329389309466304e-05,68.359375,68.359375,300.01828698239643,194.71815300738737,105.30013397500906,0.1524373171360831,0.15498056784945913,-0.002543250713376022,Side II
Train268.csv,12.491321456523417,44.968757243484305,1.0,0.26497807344117597,0.15842134216297252,1.0688028408952714,0.3098283182943402,0.07479334812523336,0.23931902633595853,0.07829190349296272,0.4569499440701233,0.3386509434862885,0.1316740949965752,1.423236637011828,0.43683552805658443,2.272550190155227,1.4892713209958297,0.5727273922026992,2.7151574701408654,0.2521485498885673,1.456253979003829,1.1072122859839508,0.025659047105217436,0.0508807134442049,2.33898814471265,0.6118528968251482,0.9556590940064973,-0.06603468398400181,-0.022672783135119952,2.2125244140625,1.9031524658203125,1.162557015920332,0.3093719482421875,0.019640631519683486,0.01773873872230962,0.018689685120996554,3,1,0.02565904710521748,0.05601472526256893,0.15824623742559205,-0.03980775910671719,0.00017460526058308548,0.00011548209782750074,1.5119551160975662,5.9123162755584735e-05,0.0002900873584105862,2.0401508069082746e-05,1.3980878852101045e-05,1.459139239074227,6.420629216981701e-06,3.438238692118379e-05,6.932447638573228e-05,3.979690194153059e-05,1.7419128397165484,2.9527574444201696e-05,0.00010912137832726287,3.223295801825639e-05,2.3790899064518696e-05,1.3547871034105894,8.442058953737696e-06,5.602385708277509e-05,2.594871988260665e-06,1.9328949269615926e-06,1.3417854052378924,6.619770612990724e-07,4.527766915222258e-06,78.125,58.59375,257.1154612318292,259.29830698492367,-2.1828457530944547,0.9674074641760111,0.036662343017118015,0.9307451211588931,Normal
Train269.csv,13.44078056960833,48.38681005058999,1.0,0.3496465795664918,0.25413336692953603,1.2229634164206744,0.761607705569335,0.07737544017413875,0.35610937741129267,0.2143901411527929,0.9759455753985383,0.6643218464856518,0.1152736790756957,1.460845032631315,0.5963003446739964,2.920592592705707,1.6572499048612341,0.5215590340119278,2.8251853940059797,0.35287797848889224,1.5590474687462745,0.9818488922120474,-0.0064627978448008605,-0.009157257014477144,1.253104880173655,0.2470178410221361,0.8814869422283618,-0.1964048722299192,-0.06298872009302585,3.997039794921875,3.9337158203125,1.016097491889196,0.063323974609375,0.024212443218086726,0.024659981203561162,0.024436212210823944,2,2,-0.006462797844800826,0.14639172168716125,0.2663025668239518,-0.23155024117092093,0.000419997962762891,0.00042365912049958205,0.991355906398807,-3.661157736691077e-06,0.000843657083262473,7.427083981476812e-05,6.616303691929772e-05,1.122525820263333,8.1078028954704e-06,0.00014043387673406586,7.51291376797546e-05,7.141825888091661e-05,1.0519450755576139,3.7108787988379975e-06,0.0001465473965606712,6.218396003768201e-05,5.7513855700271874e-05,1.0811808406812722,4.670104337410139e-06,0.00011969781573795389,3.7034402635913603e-06,3.4059101787012795e-06,1.0870378346760872,2.9753008489008083e-07,7.109350442292639e-06,48.828125,58.59375,199.65297878422155,194.24350313934713,5.409475644874419,2.053902799096101,1.0153345998323857,1.0385681992637155,Normal
Train270.csv,7.061602153569057,25.421767752848606,1.0,0.20243824476972488,0.06674978474395606,0.4114655441746839,0.2508539375361615,0.07157724736609747,0.1862917909098833,0.0434698591889509,0.3004051185157235,0.23464914235623974,0.10072036204999431,1.2706424407865546,0.6119461830913773,2.9201818088946068,1.3987196480656228,0.6279735861703635,2.4908881043683695,0.1943650178398041,1.3346810444260888,1.0866670888389436,0.016146453859841592,0.04153631271455641,1.3696976153737943,0.1110604256589604,0.9084318892008956,-0.12807720727906813,-0.04798043691169085,1.770782470703125,1.40533447265625,1.2600425344392234,0.365447998046875,0.025111415933630615,0.02310853194701597,0.02410997394032329,3,2,0.016146453859841613,0.0544729767827173,0.14174804736675742,-0.040441008768779624,8.188959488376444e-05,5.7359785279858e-05,1.4276233228717605,2.4529809603906446e-05,0.00013924938016362243,5.653174458554471e-06,6.4654231540721535e-06,0.8742351565709787,-8.122486955176826e-07,1.2118597612626625e-05,2.3561949874721468e-05,2.01162226856959e-05,1.1712327413602126,3.445727189025567e-06,4.367817256041737e-05,2.3479786914952728e-05,1.683425413844403e-05,1.3946796835894282,6.6455327765087e-06,4.031404105339676e-05,6.590213834509129e-07,5.905480081757296e-07,1.1140623826682539,6.847337527518337e-08,1.2495693916266425e-06,58.59375,58.59375,273.95877963608234,296.01455036955764,-22.0557707334753,0.3128893489333042,0.05212772017759448,0.26076162875570974,Normal
Train271.csv,4.005530633326986,14.419910279977149,1.0,0.18366235212670518,0.10731414056124818,0.5484406810787792,0.2785942460161534,0.07191423091837626,0.1964004119138482,0.08975718225902445,0.4789826430210251,0.28879731913747547,0.06625472339850193,1.2804979277991273,0.5194220009742149,2.383714239500366,1.3935330281810225,0.4497978996230843,2.017621456245934,0.1900313820202767,1.337015477990075,0.9351376364201953,-0.012738059787143013,-0.033515586047250336,1.145009206618576,0.06945803805775408,0.918885295876527,-0.11303510038189524,-0.042271409707391815,2.0050048828125,2.4257659912109375,0.8265447135182616,-0.4207611083984375,0.03669188455343281,0.03923668164294268,0.037964283098187744,2,5,-0.01273805978714301,0.062093349350713894,0.09905737956407729,-0.07940120534870729,0.00010161341856366251,0.0001134215762083366,0.8958835353643985,-1.1808157644674095e-05,0.0002150349947719991,2.2808463657400406e-05,1.7981694451602532e-05,1.268356292144408,4.826769205797874e-06,4.0790158109002935e-05,2.182187869695341e-05,1.4824434277847703e-05,1.4719217183107989,6.997444419105706e-06,3.664631297480111e-05,2.868569173842406e-06,2.7881730843009123e-06,1.0284658166208405,8.039608954149356e-08,5.656742258143318e-06,6.275381464347486e-07,7.590997048458001e-07,0.8255997764951849,-1.3156155841105157e-07,1.3866378512805487e-06,48.828125,48.828125,150.2129376342829,133.54469770084424,16.668239933438656,1.5528288384663513,1.5383980730658102,0.014430765400541112,Normal
Train272.csv,10.918779800476523,39.307607281715484,1.0,0.19957535777757301,0.05423610194849048,0.3422892049204429,0.25632514934714934,0.0768133685541671,0.19848371498178263,0.04976557462598431,0.3195033436646511,0.2523058557825776,0.10126252991652697,1.3138642857552219,0.4914953169364337,2.336091444754163,1.4734352582971189,0.521416672312768,2.6883236571040454,0.19902953637967782,1.3936497720261705,1.0054948452624701,0.0010916427957903818,0.002742407165388644,1.0713131502202882,0.022785861255791795,0.891700796934156,-0.159570972541897,-0.057249288341867634,1.71356201171875,1.8115997314453125,0.9458828217361415,-0.0980377197265625,0.0167446132170001,0.016653023069848734,0.01669881814342442,0,1,0.0010916427957903367,0.017623833176355505,0.019895536774762745,-0.03768554864134485,5.662379611240996e-05,6.784056570135277e-05,0.8346475428010481,-1.1216769588942814e-05,0.00012446436181376273,1.1615329746870562e-05,9.213785359513365e-06,1.260510070902397,2.401544387357197e-06,2.0829115106383928e-05,2.5693832450854366e-05,3.331510441272162e-05,0.7712135888565435,-7.6212719618672555e-06,5.900893686357599e-05,2.808230482952102e-05,2.5958952143452218e-05,1.0817548766785425,2.1233526860688023e-06,5.4041256972973235e-05,8.662561683630859e-07,1.196638059583116e-06,0.7233038073828579,-3.3038189122003004e-07,2.0628942279462016e-06,58.59375,68.359375,329.1509491953395,311.19020101461393,17.960748180725545,0.26914040587475085,-0.02466749842982585,0.2938079043045767,Normal
